/* Generated by tools/generate_dinner_fonts.py; Noto Sans SC. Copyright (c) 2014-2021 Adobe. SIL OFL 1.1; see OFL.txt. */
#include "lvgl.h"
static const uint8_t bitmap[]={ 0x01,0xf0,0x00,0x2f,0x40,0x02,0xf0,0x00,0x1f,0x00,0x01,0xf0,0x00,0x1f,0x00,0x01,0xf0,0x00,0x1f,0x00,
0x01,0xf0,0x00,0x1f,0x00,0x01,0xf0,0x00,0x1f,0x00,0x01,0xf0,0x00,0x1f,0x00,0x00,0xe0,0x00,0x0e,0x00,
0x00,0x00,0x00,0x00,0x00,0x00,0x00,0x00,0x2f,0x40,0x03,0xf8,0x00,0x3f,0x80,0x01,0xf4,0x00,0x07,0xe0,
0x7d,0x00,0x7e,0x07,0xd0,0x07,0xe0,0x7d,0x00,0x7d,0x07,0xd0,0x03,0xd0,0x7d,0x00,0x3d,0x03,0xd0,0x03,
0xd0,0x3c,0x00,0x2c,0x03,0xc0,0x01,0x80,0x28,0x00,0x00,0x00,0x00,0x00,0x00,0x00,0x00,0x00,0x00,0x00,
0x00,0x00,0x00,0x00,0x00,0x00,0x00,0x00,0x00,0x00,0x00,0x00,0x00,0x00,0x00,0x00,0x00,0x00,0x00,0x00,
0x00,0x00,0x00,0x00,0x00,0x00,0x00,0x00,0x00,0x00,0x00,0x00,0x00,0x00,0x00,0x00,0x00,0x00,0x00,0x00,
0x00,0x00,0x00,0x00,0x07,0x40,0x38,0x00,0x02,0xd0,0x1e,0x00,0x00,0xb0,0x07,0x40,0x00,0x2c,0x02,0xd0,
0x00,0x0f,0x00,0xb0,0x00,0x03,0x80,0x2c,0x00,0x3f,0xff,0xff,0xf8,0x0f,0xff,0xff,0xfe,0x00,0x1d,0x00,
0xe0,0x00,0x07,0x40,0x78,0x00,0x02,0xc0,0x1d,0x00,0x00,0xb0,0x07,0x40,0x00,0x3c,0x02,0xd0,0x02,0xff,
0xff,0xff,0xc0,0xbf,0xff,0xff,0xf0,0x01,0xe0,0x0e,0x00,0x00,0x74,0x03,0x80,0x00,0x1d,0x01,0xe0,0x00,
0x0b,0x40,0x74,0x00,0x02,0xc0,0x1d,0x00,0x00,0xb0,0x0b,0x40,0x00,0x3c,0x02,0xc0,0x00,0x00,0x01,0x90,
0x00,0x00,0x00,0xb4,0x00,0x00,0x00,0x2d,0x00,0x00,0x00,0x0b,0x40,0x00,0x00,0x2f,0xf9,0x00,0x00,0x2f,
0xff,0xe0,0x00,0x2f,0x90,0x7f,0x00,0x0f,0x80,0x02,0x40,0x07,0xd0,0x00,0x00,0x01,0xf4,0x00,0x00,0x00,
0x7e,0x00,0x00,0x00,0x0f,0xd0,0x00,0x00,0x01,0xfd,0x00,0x00,0x00,0x1f,0xf4,0x00,0x00,0x01,0xbf,0xd0,
0x00,0x00,0x07,0xfe,0x00,0x00,0x00,0x2f,0xd0,0x00,0x00,0x01,0xfc,0x00,0x00,0x00,0x2f,0x40,0x00,0x00,
0x07,0xe0,0x00,0x00,0x00,0xf8,0x00,0x40,0x00,0x7d,0x00,0xb4,0x00,0x2f,0x00,0x3f,0xd5,0x7f,0x80,0x02,
0xff,0xff,0x80,0x00,0x1a,0xfe,0x40,0x00,0x00,0x2d,0x00,0x00,0x00,0x0b,0x40,0x00,0x00,0x02,0xd0,0x00,
0x00,0x00,0x64,0x00,0x00,0x00,0xbe,0x40,0x00,0x07,0x80,0x00,0x07,0xfb,0xd0,0x00,0x0f,0x00,0x00,0x0f,
0x41,0xf4,0x00,0x1d,0x00,0x00,0x1e,0x00,0xb8,0x00,0x3c,0x00,0x00,0x2d,0x00,0x7c,0x00,0xb4,0x00,0x00,
0x2d,0x00,0x3c,0x00,0xe0,0x00,0x00,0x2d,0x00,0x3c,0x02,0xd0,0x00,0x00,0x2d,0x00,0x3c,0x07,0x80,0x00,
0x00,0x2d,0x00,0x3c,0x0b,0x00,0x64,0x00,0x1e,0x00,0x78,0x1e,0x07,0xff,0x40,0x0f,0x00,0xb4,0x3c,0x1f,
0x47,0xd0,0x0b,0x92,0xf0,0x74,0x2d,0x01,0xe0,0x02,0xff,0xc0,0xf0,0x3c,0x00,0xf0,0x00,0x69,0x02,0xd0,
0x78,0x00,0xb4,0x00,0x00,0x03,0x80,0x78,0x00,0xb4,0x00,0x00,0x0b,0x40,0x78,0x00,0xb4,0x00,0x00,0x1e,
0x00,0x78,0x00,0xb4,0x00,0x00,0x2c,0x00,0x78,0x00,0xb4,0x00,0x00,0x78,0x00,0x3c,0x01,0xf0,0x00,0x00,
0xf0,0x00,0x2e,0x02,0xd0,0x00,0x01,0xd0,0x00,0x0b,0xef,0x80,0x00,0x03,0xc0,0x00,0x02,0xb9,0x00,0x00,
0x06,0xf9,0x00,0x00,0x00,0x2f,0xff,0x40,0x00,0x00,0x7d,0x0b,0xc0,0x00,0x00,0xb8,0x03,0xd0,0x00,0x00,
0xf4,0x03,0xd0,0x00,0x00,0xf4,0x07,0xc0,0x00,0x00,0xb8,0x0b,0x80,0x00,0x00,0xbc,0x2f,0x00,0x00,0x00,
0x7e,0xfc,0x00,0x00,0x00,0x2f,0xe0,0x00,0x00,0x00,0x7f,0x80,0x00,0x29,0x02,0xff,0xd0,0x00,0x7c,0x0b,
0xe3,0xf0,0x00,0xb8,0x1f,0x81,0xf8,0x01,0xf4,0x2f,0x00,0x7e,0x02,0xe0,0x2e,0x00,0x1f,0xc7,0xd0,0x3f,
0x00,0x07,0xff,0x80,0x2f,0x00,0x01,0xff,0x00,0x1f,0x80,0x01,0xff,0x90,0x0b,0xf5,0x5b,0xfb,0xf9,0x02,
0xff,0xff,0x81,0xfe,0x00,0x6b,0xe9,0x00,0x19,0x07,0xe0,0x07,0xe0,0x07,0xe0,0x07,0xd0,0x03,0xd0,0x03,
0xd0,0x03,0xd0,0x02,0xc0,0x01,0x80,0x00,0x00,0x00,0x00,0x00,0x00,0x00,0x00,0x00,0x00,0x00,0x00,0x00,
0x00,0x00,0x00,0x00,0x00,0x00,0x00,0x00,0x00,0x00,0x00,0x00,0x00,0x00,0x00,0x00,0x01,0x00,0x00,0x78,
0x00,0x0f,0x40,0x01,0xe0,0x00,0x3d,0x00,0x07,0xc0,0x00,0xb8,0x00,0x0f,0x40,0x01,0xf0,0x00,0x1e,0x00,
0x02,0xe0,0x00,0x3d,0x00,0x03,0xd0,0x00,0x3d,0x00,0x03,0xc0,0x00,0x7c,0x00,0x07,0xc0,0x00,0x3c,0x00,
0x03,0xd0,0x00,0x3d,0x00,0x03,0xd0,0x00,0x2e,0x00,0x01,0xe0,0x00,0x1f,0x00,0x00,0xf4,0x00,0x07,0x80,
0x00,0x3c,0x00,0x02,0xd0,0x00,0x1f,0x00,0x00,0xb4,0x00,0x02,0x40,0x04,0x00,0x01,0xd0,0x00,0x1f,0x00,
0x00,0xb8,0x00,0x07,0xc0,0x00,0x2d,0x00,0x01,0xe0,0x00,0x0f,0x00,0x00,0xb4,0x00,0x0b,0x80,0x00,0x78,
0x00,0x07,0xc0,0x00,0x3c,0x00,0x03,0xd0,0x00,0x3d,0x00,0x03,0xd0,0x00,0x3d,0x00,0x03,0xd0,0x00,0x3d,
0x00,0x03,0xc0,0x00,0x7c,0x00,0x07,0x80,0x00,0xb8,0x00,0x0f,0x40,0x01,0xf0,0x00,0x2e,0x00,0x03,0xd0,
0x00,0x78,0x00,0x0f,0x40,0x01,0xe0,0x00,0x19,0x00,0x00,0x00,0x0f,0x00,0x00,0x00,0xf0,0x00,0x00,0x0f,
0x00,0x00,0xba,0xfa,0xe0,0x0b,0xff,0xfe,0x00,0x07,0xfd,0x00,0x00,0x7f,0xd0,0x00,0x0f,0x9f,0x00,0x01,
0xe0,0xb4,0x00,0x08,0x02,0x00,0x00,0x00,0x00,0x00,0x00,0x00,0x00,0x00,0x00,0x00,0x00,0x00,0x00,0x00,
0x00,0x00,0x00,0x00,0x00,0x00,0x00,0x00,0x00,0x00,0x00,0x00,0x00,0x00,0x00,0x00,0x00,0x00,0x00,0x00,
0x00,0x00,0x00,0x00,0x00,0x00,0x00,0x00,0x00,0x00,0x00,0x00,0x00,0x00,0x00,0x00,0x01,0x90,0x00,0x00,
0x00,0xb4,0x00,0x00,0x00,0x2d,0x00,0x00,0x00,0x0b,0x40,0x00,0x00,0x02,0xd0,0x00,0x00,0x00,0xb4,0x00,
0x00,0x00,0x2d,0x00,0x00,0xff,0xff,0xff,0xf8,0x3f,0xff,0xff,0xfe,0x00,0x00,0xb4,0x00,0x00,0x00,0x2d,
0x00,0x00,0x00,0x0b,0x40,0x00,0x00,0x02,0xd0,0x00,0x00,0x00,0xb4,0x00,0x00,0x00,0x2d,0x00,0x00,0x00,
0x06,0x40,0x00,0x00,0x00,0x00,0x00,0x00,0x00,0x00,0x00,0x00,0x00,0x00,0x00,0x00,0x02,0x90,0x0b,0xf4,
0x0b,0xf8,0x06,0xf8,0x00,0xb4,0x00,0xb4,0x01,0xe0,0x0b,0xd0,0x1f,0x40,0x04,0x00,0x00,0x00,0x02,0xff,
0xfc,0x2f,0xff,0xc0,0x00,0x00,0x00,0x00,0x00,0x00,0x00,0x00,0x00,0x00,0x00,0x00,0x00,0x00,0x00,0x00,
0x00,0x00,0x00,0x07,0xe0,0x0b,0xf0,0x0b,0xf0,0x07,0xd0,0x00,0x00,0x2c,0x00,0x00,0x3c,0x00,0x00,0x78,
0x00,0x00,0xb4,0x00,0x00,0xf0,0x00,0x01,0xe0,0x00,0x02,0xd0,0x00,0x03,0xc0,0x00,0x07,0x80,0x00,0x0b,
0x40,0x00,0x0f,0x00,0x00,0x1e,0x00,0x00,0x2d,0x00,0x00,0x3c,0x00,0x00,0x3c,0x00,0x00,0x78,0x00,0x00,
0xb4,0x00,0x00,0xf0,0x00,0x01,0xe0,0x00,0x02,0xd0,0x00,0x03,0xc0,0x00,0x07,0x80,0x00,0x0b,0x40,0x00,
0x0f,0x00,0x00,0x1e,0x00,0x00,0x2d,0x00,0x00,0x3c,0x00,0x00,0x3c,0x00,0x00,0x78,0x00,0x00,0x10,0x00,
0x00,0x00,0x1b,0xf8,0x00,0x00,0x2f,0xff,0xd0,0x00,0x1f,0x95,0xfc,0x00,0x0f,0x80,0x1f,0x80,0x0b,0xd0,
0x02,0xf0,0x03,0xe0,0x00,0x3d,0x00,0xf8,0x00,0x0f,0x80,0x7d,0x00,0x02,0xf0,0x1f,0x40,0x00,0xbc,0x07,
0xd0,0x00,0x2f,0x01,0xf0,0x00,0x07,0xc0,0x7c,0x00,0x01,0xf0,0x1f,0x40,0x00,0xbc,0x07,0xd0,0x00,0x2f,
0x01,0xf4,0x00,0x0b,0xc0,0x3e,0x00,0x03,0xe0,0x0b,0x80,0x01,0xf4,0x02,0xf4,0x00,0xbc,0x00,0x3e,0x00,
0x7e,0x00,0x07,0xe5,0x7f,0x00,0x00,0xbf,0xff,0x40,0x00,0x06,0xfe,0x00,0x00,0x00,0x06,0xf4,0x00,0x00,
0x6f,0xfd,0x00,0x00,0x1f,0xff,0x40,0x00,0x01,0x5b,0xd0,0x00,0x00,0x01,0xf4,0x00,0x00,0x00,0x7d,0x00,
0x00,0x00,0x1f,0x40,0x00,0x00,0x07,0xd0,0x00,0x00,0x01,0xf4,0x00,0x00,0x00,0x7d,0x00,0x00,0x00,0x1f,
0x40,0x00,0x00,0x07,0xd0,0x00,0x00,0x01,0xf4,0x00,0x00,0x00,0x7d,0x00,0x00,0x00,0x1f,0x40,0x00,0x00,
0x07,0xd0,0x00,0x00,0x01,0xf4,0x00,0x00,0x00,0x7d,0x00,0x00,0x00,0x1f,0x40,0x00,0x05,0x5b,0xd5,0x50,
0x07,0xff,0xff,0xf8,0x01,0xff,0xff,0xfe,0x00,0x00,0x6f,0xe4,0x00,0x00,0xbf,0xff,0x80,0x01,0xfe,0x56,
0xf8,0x00,0x7d,0x00,0x2f,0x40,0x04,0x00,0x03,0xe0,0x00,0x00,0x00,0xbc,0x00,0x00,0x00,0x2f,0x00,0x00,
0x00,0x0b,0xc0,0x00,0x00,0x03,0xe0,0x00,0x00,0x01,0xf4,0x00,0x00,0x00,0xbc,0x00,0x00,0x00,0x7e,0x00,
0x00,0x00,0x3f,0x00,0x00,0x00,0x2f,0x40,0x00,0x00,0x2f,0x40,0x00,0x00,0x2f,0x80,0x00,0x00,0x1f,0x80,
0x00,0x00,0x1f,0x80,0x00,0x00,0x2f,0x80,0x00,0x00,0x2f,0xd5,0x55,0x50,0x2f,0xff,0xff,0xfc,0x0b,0xff,
0xff,0xff,0x00,0x00,0x6f,0xe8,0x00,0x00,0xbf,0xff,0xd0,0x00,0xfe,0x56,0xfd,0x00,0x2d,0x00,0x1f,0x80,
0x00,0x00,0x02,0xf0,0x00,0x00,0x00,0xbd,0x00,0x00,0x00,0x2f,0x00,0x00,0x00,0x0f,0x80,0x00,0x00,0x0b,
0xd0,0x00,0x00,0x6f,0xd0,0x00,0x02,0xff,0x90,0x00,0x00,0xbf,0xf8,0x00,0x00,0x00,0x6f,0xd0,0x00,0x00,
0x00,0xfc,0x00,0x00,0x00,0x1f,0x80,0x00,0x00,0x03,0xf0,0x00,0x00,0x00,0xfc,0x01,0x00,0x00,0x7e,0x02,
0xe0,0x00,0x3f,0x40,0xbf,0x95,0xbf,0x80,0x07,0xff,0xff,0x80,0x00,0x1b,0xfa,0x00,0x00,0x00,0x00,0x2f,
0x80,0x00,0x00,0x1f,0xe0,0x00,0x00,0x0f,0xf8,0x00,0x00,0x0b,0xee,0x00,0x00,0x07,0xdb,0x80,0x00,0x02,
0xf2,0xe0,0x00,0x01,0xf4,0xb8,0x00,0x00,0xf8,0x2e,0x00,0x00,0xbc,0x0b,0x80,0x00,0x7d,0x02,0xe0,0x00,
0x3e,0x00,0xb8,0x00,0x2f,0x00,0x2e,0x00,0x1f,0x40,0x0b,0x80,0x0f,0x95,0x57,0xe5,0x07,0xff,0xff,0xff,
0xe1,0xff,0xff,0xff,0xf8,0x00,0x00,0x0b,0x80,0x00,0x00,0x02,0xe0,0x00,0x00,0x00,0xb8,0x00,0x00,0x00,
0x2e,0x00,0x00,0x00,0x0b,0x80,0x00,0x00,0x02,0xe0,0x00,0x02,0xff,0xff,0xf0,0x00,0xbf,0xff,0xfc,0x00,
0x3e,0x55,0x55,0x00,0x0f,0x80,0x00,0x00,0x03,0xd0,0x00,0x00,0x00,0xf4,0x00,0x00,0x00,0x3d,0x00,0x00,
0x00,0x1f,0x40,0x00,0x00,0x07,0xdb,0xf9,0x00,0x01,0xff,0xff,0xe0,0x00,0x7d,0x41,0xfe,0x00,0x00,0x00,
0x0b,0xd0,0x00,0x00,0x01,0xf8,0x00,0x00,0x00,0x3f,0x00,0x00,0x00,0x0b,0xc0,0x00,0x00,0x03,0xf0,0x00,
0x00,0x00,0xf8,0x01,0x00,0x00,0xbe,0x02,0xe0,0x00,0x7f,0x00,0xbf,0x95,0xbf,0x40,0x07,0xff,0xff,0x40,
0x00,0x1b,0xf9,0x00,0x00,0x00,0x06,0xfe,0x40,0x00,0x0b,0xff,0xf8,0x00,0x0b,0xe9,0x6f,0x80,0x07,0xe0,
0x00,0x80,0x03,0xe0,0x00,0x00,0x01,0xf4,0x00,0x00,0x00,0xb8,0x00,0x00,0x00,0x3e,0x00,0x00,0x00,0x0f,
0x46,0xfa,0x00,0x07,0xdb,0xff,0xf4,0x01,0xfb,0x91,0x7f,0x00,0x7f,0x80,0x07,0xe0,0x1f,0x80,0x00,0xbc,
0x07,0xd0,0x00,0x1f,0x00,0xf8,0x00,0x07,0xd0,0x3e,0x00,0x01,0xf4,0x0b,0xc0,0x00,0x7d,0x01,0xf8,0x00,
0x2f,0x00,0x2f,0x40,0x1f,0x40,0x03,0xf9,0x6f,0x80,0x00,0x7f,0xff,0x80,0x00,0x01,0xbe,0x40,0x00,0x2f,
0xff,0xff,0xfd,0x0b,0xff,0xff,0xff,0x41,0x55,0x55,0x5f,0x80,0x00,0x00,0x0b,0xc0,0x00,0x00,0x07,0xd0,
0x00,0x00,0x02,0xe0,0x00,0x00,0x01,0xf0,0x00,0x00,0x00,0xf8,0x00,0x00,0x00,0x7c,0x00,0x00,0x00,0x2e,
0x00,0x00,0x00,0x0f,0x40,0x00,0x00,0x07,0xc0,0x00,0x00,0x02,0xf0,0x00,0x00,0x00,0xf8,0x00,0x00,0x00,
0x3e,0x00,0x00,0x00,0x1f,0x40,0x00,0x00,0x0b,0xd0,0x00,0x00,0x02,0xf0,0x00,0x00,0x00,0xbc,0x00,0x00,
0x00,0x3f,0x00,0x00,0x00,0x0f,0xc0,0x00,0x00,0x03,0xe0,0x00,0x00,0x00,0x1b,0xe9,0x00,0x00,0x2f,0xff,
0xe0,0x00,0x2f,0x91,0xbd,0x00,0x0f,0x80,0x0b,0xc0,0x07,0xc0,0x00,0xf4,0x02,0xf0,0x00,0x3d,0x00,0x7c,
0x00,0x0f,0x40,0x0f,0x80,0x07,0xc0,0x01,0xf8,0x02,0xe0,0x00,0x1f,0xd2,0xe0,0x00,0x02,0xff,0xe0,0x00,
0x07,0xeb,0xfd,0x00,0x07,0xd0,0x1f,0xe0,0x02,0xe0,0x00,0xbd,0x01,0xf0,0x00,0x0f,0xc0,0x7c,0x00,0x02,
0xf0,0x2f,0x00,0x00,0x7d,0x07,0xc0,0x00,0x2f,0x00,0xf8,0x00,0x1f,0x80,0x1f,0xd4,0x5f,0xc0,0x01,0xff,
0xff,0xd0,0x00,0x06,0xfa,0x40,0x00,0x00,0x2f,0xe4,0x00,0x00,0x7f,0xff,0x80,0x00,0x7f,0x56,0xf8,0x00,
0x2f,0x00,0x1f,0x40,0x1f,0x40,0x02,0xf0,0x07,0xc0,0x00,0x7d,0x02,0xf0,0x00,0x0f,0x80,0xbc,0x00,0x03,
0xe0,0x1f,0x00,0x00,0xbc,0x07,0xd0,0x00,0x3f,0x00,0xf8,0x00,0x2f,0xc0,0x1f,0x90,0x7e,0xf0,0x02,0xff,
0xfd,0xbc,0x00,0x1b,0xf8,0x2e,0x00,0x00,0x00,0x0f,0x80,0x00,0x00,0x07,0xd0,0x00,0x00,0x02,0xf0,0x00,
0x00,0x00,0xf8,0x00,0x20,0x00,0xbc,0x00,0x3f,0x96,0xfd,0x00,0x07,0xff,0xfd,0x00,0x00,0x2b,0xe8,0x00,
0x00,0x00,0x00,0x07,0xe0,0x0b,0xf0,0x0b,0xf0,0x07,0xd0,0x00,0x00,0x00,0x00,0x00,0x00,0x00,0x00,0x00,
0x00,0x00,0x00,0x00,0x00,0x00,0x00,0x07,0xe0,0x0b,0xf0,0x0b,0xf0,0x07,0xd0,0x06,0xd0,0x0b,0xf0,0x0b,
0xf0,0x07,0xe0,0x00,0x00,0x00,0x00,0x00,0x00,0x00,0x00,0x00,0x00,0x00,0x00,0x00,0x00,0x00,0x00,0x02,
0x90,0x0b,0xf4,0x0b,0xf8,0x06,0xf8,0x00,0xb4,0x00,0xb4,0x01,0xe0,0x0b,0xd0,0x1f,0x40,0x04,0x00,0x00,
0x00,0x00,0x19,0x00,0x00,0x00,0x6f,0x80,0x00,0x06,0xff,0x90,0x00,0x1f,0xfe,0x00,0x01,0xbf,0xe4,0x00,
0x07,0xfe,0x40,0x00,0x03,0xf8,0x00,0x00,0x00,0xff,0x90,0x00,0x00,0x06,0xff,0x40,0x00,0x00,0x1b,0xfe,
0x40,0x00,0x00,0x1b,0xfe,0x40,0x00,0x00,0x2f,0xf8,0x00,0x00,0x00,0x6e,0x00,0x00,0x00,0x00,0x40,0x00,
0x00,0x00,0x00,0x00,0x00,0x00,0x00,0x00,0x00,0x00,0x00,0x00,0x00,0x00,0x00,0x00,0x3f,0xff,0xff,0xfe,
0x0f,0xff,0xff,0xff,0x80,0x00,0x00,0x00,0x00,0x00,0x00,0x00,0x00,0x00,0x00,0x00,0x00,0x00,0x00,0x00,
0x00,0x00,0x00,0x00,0x00,0x00,0x00,0x00,0x00,0x00,0x3f,0xff,0xff,0xfe,0x0f,0xff,0xff,0xff,0x80,0x00,
0x00,0x00,0x00,0x00,0x00,0x00,0x00,0x00,0x00,0x00,0x00,0x00,0x00,0x00,0x00,0x00,0x00,0x00,0x00,0x00,
0x00,0x00,0x00,0x00,0x24,0x00,0x00,0x00,0x0f,0xe4,0x00,0x00,0x01,0xff,0xd0,0x00,0x00,0x06,0xff,0x90,
0x00,0x00,0x06,0xff,0x80,0x00,0x00,0x07,0xfe,0x40,0x00,0x00,0x1b,0xe0,0x00,0x00,0x1b,0xf8,0x00,0x01,
0xbf,0xe4,0x00,0x07,0xfe,0x40,0x00,0x6f,0xf9,0x00,0x00,0xff,0x90,0x00,0x00,0x3e,0x40,0x00,0x00,0x04,
0x00,0x00,0x00,0x00,0x00,0x00,0x00,0x00,0x00,0x00,0x00,0x00,0x00,0x00,0x00,0x00,0x00,0x00,0x00,0x00,
0x00,0x00,0x05,0x00,0x00,0x1b,0xfe,0x40,0x0b,0xff,0xfd,0x01,0xf9,0x0b,0xf0,0x09,0x00,0x2f,0x40,0x00,
0x01,0xf8,0x00,0x00,0x0f,0x80,0x00,0x01,0xf4,0x00,0x00,0x2f,0x00,0x00,0x07,0xd0,0x00,0x01,0xf8,0x00,
0x00,0x3f,0x00,0x00,0x0b,0xd0,0x00,0x01,0xf8,0x00,0x00,0x1f,0x00,0x00,0x02,0xe0,0x00,0x00,0x2e,0x00,
0x00,0x00,0x00,0x00,0x00,0x00,0x00,0x00,0x00,0x00,0x00,0x00,0x2f,0x00,0x00,0x07,0xf8,0x00,0x00,0x7f,
0x80,0x00,0x02,0xe0,0x00,0x00,0x00,0x00,0x6a,0xa5,0x00,0x00,0x00,0x00,0x1b,0xff,0xff,0x90,0x00,0x00,
0x00,0xbf,0x90,0x16,0xf8,0x00,0x00,0x07,0xf4,0x00,0x00,0x7e,0x00,0x00,0x1f,0x80,0x00,0x00,0x0f,0x80,
0x00,0x3e,0x00,0x00,0x00,0x07,0xc0,0x00,0xb8,0x00,0x00,0x00,0x02,0xe0,0x01,0xf0,0x00,0x00,0x00,0x00,
0xf0,0x03,0xd0,0x00,0x6e,0x49,0x00,0xb4,0x07,0xc0,0x02,0xff,0xed,0x00,0xb4,0x0b,0x80,0x0f,0x90,0xbd,
0x00,0x78,0x0f,0x40,0x2e,0x00,0x3c,0x00,0x78,0x0f,0x00,0x3d,0x00,0x78,0x00,0x78,0x1f,0x00,0x78,0x00,
0x78,0x00,0xb4,0x1e,0x00,0xb8,0x00,0xb4,0x00,0xb4,0x1e,0x00,0xb8,0x00,0xf4,0x01,0xf0,0x1e,0x00,0xb8,
0x01,0xf4,0x02,0xd0,0x0f,0x00,0x7d,0x07,0xf8,0x1b,0x80,0x0f,0x40,0x2f,0xfe,0x7f,0xfe,0x00,0x0b,0x80,
0x07,0xe4,0x1b,0xe4,0x00,0x07,0xc0,0x00,0x00,0x00,0x00,0x00,0x02,0xe0,0x00,0x00,0x00,0x00,0x00,0x00,
0xf8,0x00,0x00,0x00,0x00,0x00,0x00,0x7e,0x00,0x00,0x00,0x00,0x00,0x00,0x1f,0xe4,0x00,0x6d,0x00,0x00,
0x00,0x02,0xff,0xff,0xfd,0x00,0x00,0x00,0x00,0x1b,0xfe,0x90,0x00,0x00,0x00,0x02,0xf8,0x00,0x00,0x00,
0x0f,0xf0,0x00,0x00,0x00,0x7f,0xd0,0x00,0x00,0x02,0xeb,0x80,0x00,0x00,0x0f,0x5f,0x00,0x00,0x00,0x7c,
0x3e,0x00,0x00,0x02,0xe0,0xbc,0x00,0x00,0x0f,0x41,0xf4,0x00,0x00,0x7c,0x03,0xe0,0x00,0x02,0xf0,0x0b,
0xc0,0x00,0x0f,0x80,0x1f,0x40,0x00,0x7d,0x00,0x3e,0x00,0x02,0xf0,0x00,0xbc,0x00,0x0f,0xff,0xff,0xf4,
0x00,0x7f,0xff,0xff,0xe0,0x02,0xf5,0x55,0x5f,0xc0,0x0f,0x80,0x00,0x2f,0x40,0x7d,0x00,0x00,0x7e,0x02,
0xf0,0x00,0x00,0xfc,0x0f,0x80,0x00,0x02,0xf4,0x7d,0x00,0x00,0x07,0xe2,0xf0,0x00,0x00,0x0f,0xc0,0x03,
0xff,0xfe,0x90,0x00,0x03,0xff,0xff,0xfd,0x00,0x03,0xe5,0x55,0xbf,0x40,0x03,0xe0,0x00,0x1f,0x80,0x03,
0xe0,0x00,0x0f,0xc0,0x03,0xe0,0x00,0x0b,0xc0,0x03,0xe0,0x00,0x0f,0xc0,0x03,0xe0,0x00,0x1f,0x80,0x03,
0xe0,0x01,0xbe,0x00,0x03,0xff,0xff,0xf4,0x00,0x03,0xff,0xff,0xf9,0x00,0x03,0xe5,0x55,0xbf,0x80,0x03,
0xe0,0x00,0x0b,0xe0,0x03,0xe0,0x00,0x02,0xf0,0x03,0xe0,0x00,0x02,0xf4,0x03,0xe0,0x00,0x01,0xf4,0x03,
0xe0,0x00,0x02,0xf4,0x03,0xe0,0x00,0x03,0xf0,0x03,0xe0,0x00,0x0b,0xe0,0x03,0xe5,0x55,0xbf,0xc0,0x03,
0xff,0xff,0xfe,0x00,0x03,0xff,0xfe,0xa0,0x00,0x00,0x00,0xaf,0xe4,0x00,0x00,0x2f,0xff,0xfd,0x00,0x03,
0xfe,0x9a,0xfd,0x00,0x3f,0x80,0x01,0xe0,0x02,0xf8,0x00,0x00,0x00,0x0f,0xc0,0x00,0x00,0x00,0xbe,0x00,
0x00,0x00,0x02,0xf0,0x00,0x00,0x00,0x0f,0xc0,0x00,0x00,0x00,0x3e,0x00,0x00,0x00,0x01,0xf8,0x00,0x00,
0x00,0x07,0xe0,0x00,0x00,0x00,0x0f,0x80,0x00,0x00,0x00,0x3f,0x00,0x00,0x00,0x00,0xbc,0x00,0x00,0x00,
0x02,0xf8,0x00,0x00,0x00,0x03,0xf0,0x00,0x00,0x00,0x0b,0xe0,0x00,0x02,0x00,0x0f,0xe0,0x00,0x7e,0x00,
0x1f,0xfa,0x6b,0xf4,0x00,0x0b,0xff,0xff,0x40,0x00,0x06,0xbf,0x90,0x00,0x03,0xff,0xfe,0x40,0x00,0x00,
0xff,0xff,0xfe,0x00,0x00,0x3f,0x55,0xaf,0xe0,0x00,0x0f,0x80,0x01,0xfe,0x00,0x03,0xe0,0x00,0x0f,0xd0,
0x00,0xf8,0x00,0x01,0xfc,0x00,0x3e,0x00,0x00,0x2f,0x40,0x0f,0x80,0x00,0x07,0xd0,0x03,0xe0,0x00,0x01,
0xf8,0x00,0xf8,0x00,0x00,0x7e,0x00,0x3e,0x00,0x00,0x0f,0x80,0x0f,0x80,0x00,0x03,0xe0,0x03,0xe0,0x00,
0x01,0xf8,0x00,0xf8,0x00,0x00,0x7e,0x00,0x3e,0x00,0x00,0x1f,0x40,0x0f,0x80,0x00,0x0b,0xd0,0x03,0xe0,
0x00,0x07,0xe0,0x00,0xf8,0x00,0x03,0xf4,0x00,0x3e,0x00,0x07,0xf8,0x00,0x0f,0xd5,0x6b,0xf8,0x00,0x03,
0xff,0xff,0xf4,0x00,0x00,0xff,0xff,0x90,0x00,0x00,0x03,0xff,0xff,0xfe,0x00,0x3f,0xff,0xff,0xe0,0x03,
0xf5,0x55,0x55,0x00,0x3e,0x00,0x00,0x00,0x03,0xe0,0x00,0x00,0x00,0x3e,0x00,0x00,0x00,0x03,0xe0,0x00,
0x00,0x00,0x3e,0x00,0x00,0x00,0x03,0xe0,0x00,0x00,0x00,0x3f,0xff,0xff,0x00,0x03,0xff,0xff,0xf0,0x00,
0x3f,0x55,0x55,0x00,0x03,0xe0,0x00,0x00,0x00,0x3e,0x00,0x00,0x00,0x03,0xe0,0x00,0x00,0x00,0x3e,0x00,
0x00,0x00,0x03,0xe0,0x00,0x00,0x00,0x3e,0x00,0x00,0x00,0x03,0xe0,0x00,0x00,0x00,0x3f,0x55,0x55,0x50,
0x03,0xff,0xff,0xff,0x00,0x3f,0xff,0xff,0xf0,0x03,0xff,0xff,0xfe,0x00,0xff,0xff,0xff,0x80,0x3f,0x55,
0x55,0x50,0x0f,0x80,0x00,0x00,0x03,0xe0,0x00,0x00,0x00,0xf8,0x00,0x00,0x00,0x3e,0x00,0x00,0x00,0x0f,
0x80,0x00,0x00,0x03,0xe0,0x00,0x00,0x00,0xfd,0x55,0x54,0x00,0x3f,0xff,0xff,0x40,0x0f,0xff,0xff,0xd0,
0x03,0xe0,0x00,0x00,0x00,0xf8,0x00,0x00,0x00,0x3e,0x00,0x00,0x00,0x0f,0x80,0x00,0x00,0x03,0xe0,0x00,
0x00,0x00,0xf8,0x00,0x00,0x00,0x3e,0x00,0x00,0x00,0x0f,0x80,0x00,0x00,0x03,0xe0,0x00,0x00,0x00,0xf8,
0x00,0x00,0x00,0x00,0x00,0x6f,0xe9,0x00,0x00,0x02,0xff,0xff,0xe0,0x00,0x02,0xff,0x9a,0xfe,0x00,0x02,
0xfd,0x00,0x0b,0x40,0x02,0xf8,0x00,0x00,0x40,0x00,0xfd,0x00,0x00,0x00,0x00,0x7e,0x00,0x00,0x00,0x00,
0x2f,0x00,0x00,0x00,0x00,0x0f,0xc0,0x00,0x00,0x00,0x03,0xe0,0x00,0x00,0x00,0x01,0xf8,0x00,0x15,0x55,
0x00,0x7e,0x00,0x0b,0xff,0xd0,0x0f,0x80,0x02,0xff,0xf4,0x03,0xf0,0x00,0x00,0x3d,0x00,0xfc,0x00,0x00,
0x0f,0x40,0x2f,0x80,0x00,0x03,0xd0,0x03,0xf0,0x00,0x00,0xf4,0x00,0xbe,0x00,0x00,0x3d,0x00,0x0f,0xe4,
0x00,0x1f,0x40,0x00,0xff,0xa6,0xbf,0xd0,0x00,0x0b,0xff,0xff,0x90,0x00,0x00,0x2b,0xfa,0x40,0x00,0x03,
0xe0,0x00,0x00,0xf8,0x00,0x3e,0x00,0x00,0x0f,0x80,0x03,0xe0,0x00,0x00,0xf8,0x00,0x3e,0x00,0x00,0x0f,
0x80,0x03,0xe0,0x00,0x00,0xf8,0x00,0x3e,0x00,0x00,0x0f,0x80,0x03,0xe0,0x00,0x00,0xf8,0x00,0x3e,0x00,
0x00,0x0f,0x80,0x03,0xe0,0x00,0x00,0xf8,0x00,0x3f,0xff,0xff,0xff,0x80,0x03,0xff,0xff,0xff,0xf8,0x00,
0x3f,0x55,0x55,0x5f,0x80,0x03,0xe0,0x00,0x00,0xf8,0x00,0x3e,0x00,0x00,0x0f,0x80,0x03,0xe0,0x00,0x00,
0xf8,0x00,0x3e,0x00,0x00,0x0f,0x80,0x03,0xe0,0x00,0x00,0xf8,0x00,0x3e,0x00,0x00,0x0f,0x80,0x03,0xe0,
0x00,0x00,0xf8,0x00,0x3e,0x00,0x00,0x0f,0x80,0x03,0xe0,0x00,0x00,0xf8,0x00,0x3e,0x00,0x00,0x0f,0x80,
0x03,0xe0,0x00,0xf8,0x00,0x3e,0x00,0x0f,0x80,0x03,0xe0,0x00,0xf8,0x00,0x3e,0x00,0x0f,0x80,0x03,0xe0,
0x00,0xf8,0x00,0x3e,0x00,0x0f,0x80,0x03,0xe0,0x00,0xf8,0x00,0x3e,0x00,0x0f,0x80,0x03,0xe0,0x00,0xf8,
0x00,0x3e,0x00,0x0f,0x80,0x03,0xe0,0x00,0xf8,0x00,0x00,0x00,0x0b,0xc0,0x00,0x00,0x0b,0xc0,0x00,0x00,
0x0b,0xc0,0x00,0x00,0x0b,0xc0,0x00,0x00,0x0b,0xc0,0x00,0x00,0x0b,0xc0,0x00,0x00,0x0b,0xc0,0x00,0x00,
0x0b,0xc0,0x00,0x00,0x0b,0xc0,0x00,0x00,0x0b,0xc0,0x00,0x00,0x0b,0xc0,0x00,0x00,0x0b,0xc0,0x00,0x00,
0x0b,0xc0,0x00,0x00,0x0b,0xc0,0x00,0x00,0x0b,0xc0,0x00,0x00,0x0b,0xc0,0x00,0x00,0x0b,0xc0,0x05,0x00,
0x0f,0xc0,0x2f,0x40,0x2f,0x40,0x1f,0xe6,0xbf,0x00,0x07,0xff,0xfd,0x00,0x00,0xaf,0xe0,0x00,0x03,0xe0,
0x00,0x07,0xe0,0x03,0xe0,0x00,0x1f,0xc0,0x03,0xe0,0x00,0x3f,0x40,0x03,0xe0,0x00,0xbd,0x00,0x03,0xe0,
0x02,0xf4,0x00,0x03,0xe0,0x0b,0xe0,0x00,0x03,0xe0,0x1f,0x80,0x00,0x03,0xe0,0x7f,0x00,0x00,0x03,0xe0,
0xfd,0x00,0x00,0x03,0xe2,0xff,0x00,0x00,0x03,0xeb,0xff,0x80,0x00,0x03,0xff,0x8f,0xc0,0x00,0x03,0xff,
0x07,0xe0,0x00,0x03,0xfc,0x02,0xf4,0x00,0x03,0xf4,0x01,0xfc,0x00,0x03,0xe0,0x00,0xbd,0x00,0x03,0xe0,
0x00,0x3f,0x00,0x03,0xe0,0x00,0x1f,0x80,0x03,0xe0,0x00,0x0f,0xd0,0x03,0xe0,0x00,0x07,0xe0,0x03,0xe0,
0x00,0x02,0xf4,0x03,0xe0,0x00,0x00,0xfc,0x03,0xe0,0x00,0x00,0x03,0xe0,0x00,0x00,0x03,0xe0,0x00,0x00,
0x03,0xe0,0x00,0x00,0x03,0xe0,0x00,0x00,0x03,0xe0,0x00,0x00,0x03,0xe0,0x00,0x00,0x03,0xe0,0x00,0x00,
0x03,0xe0,0x00,0x00,0x03,0xe0,0x00,0x00,0x03,0xe0,0x00,0x00,0x03,0xe0,0x00,0x00,0x03,0xe0,0x00,0x00,
0x03,0xe0,0x00,0x00,0x03,0xe0,0x00,0x00,0x03,0xe0,0x00,0x00,0x03,0xe0,0x00,0x00,0x03,0xe0,0x00,0x00,
0x03,0xe0,0x00,0x00,0x03,0xf5,0x55,0x54,0x03,0xff,0xff,0xfd,0x03,0xff,0xff,0xfd,0x03,0xf8,0x00,0x00,
0x1f,0xd0,0x03,0xfc,0x00,0x00,0x2f,0xd0,0x03,0xfd,0x00,0x00,0x3f,0xd0,0x03,0xfe,0x00,0x00,0x7f,0xd0,
0x03,0xef,0x00,0x00,0xbb,0xd0,0x03,0xdf,0x40,0x00,0xf7,0xd0,0x03,0xdb,0x80,0x01,0xf3,0xd0,0x03,0xd7,
0xc0,0x02,0xe7,0xd0,0x03,0xd3,0xd0,0x03,0xd7,0xd0,0x03,0xd2,0xe0,0x07,0xc7,0xd0,0x03,0xe1,0xf0,0x0b,
0x47,0xd0,0x03,0xe0,0xf4,0x0f,0x07,0xd0,0x03,0xe0,0x78,0x1e,0x07,0xd0,0x03,0xe0,0x3c,0x2d,0x07,0xd0,
0x03,0xe0,0x2d,0x3c,0x07,0xd0,0x03,0xe0,0x1e,0x78,0x07,0xd0,0x03,0xe0,0x0f,0xb4,0x07,0xd0,0x03,0xe0,
0x0b,0xf0,0x07,0xd0,0x03,0xe0,0x07,0xe0,0x07,0xd0,0x03,0xe0,0x03,0xd0,0x07,0xd0,0x03,0xe0,0x00,0x00,
0x07,0xd0,0x03,0xe0,0x00,0x00,0x07,0xd0,0x03,0xf0,0x00,0x00,0xf8,0x00,0x3f,0x80,0x00,0x0f,0x80,0x03,
0xfd,0x00,0x00,0xf8,0x00,0x3f,0xf0,0x00,0x0f,0x80,0x03,0xdf,0x40,0x00,0xf8,0x00,0x3d,0xbc,0x00,0x0f,
0x80,0x03,0xd3,0xe0,0x00,0xf8,0x00,0x3d,0x2f,0x40,0x0f,0x80,0x03,0xe0,0xf8,0x00,0xf8,0x00,0x3e,0x07,
0xd0,0x0f,0x80,0x03,0xe0,0x2f,0x00,0xf8,0x00,0x3e,0x01,0xf4,0x0f,0x80,0x03,0xe0,0x0b,0xc0,0xf8,0x00,
0x3e,0x00,0x3e,0x0f,0x80,0x03,0xe0,0x02,0xf4,0xb8,0x00,0x3e,0x00,0x0f,0x8b,0x80,0x03,0xe0,0x00,0x7d,
0xb8,0x00,0x3e,0x00,0x02,0xeb,0x80,0x03,0xe0,0x00,0x1f,0xf8,0x00,0x3e,0x00,0x00,0xbf,0x80,0x03,0xe0,
0x00,0x03,0xf8,0x00,0x3e,0x00,0x00,0x1f,0x80,0x00,0x01,0xbf,0xe4,0x00,0x00,0x00,0xbf,0xff,0xf4,0x00,
0x00,0x7f,0xe9,0xbf,0xd0,0x00,0x0f,0xe0,0x00,0x7f,0x40,0x02,0xf8,0x00,0x01,0xfc,0x00,0x7f,0x00,0x00,
0x0b,0xd0,0x0b,0xd0,0x00,0x00,0x7e,0x00,0xfc,0x00,0x00,0x02,0xf0,0x0f,0xc0,0x00,0x00,0x2f,0x40,0xf8,
0x00,0x00,0x02,0xf4,0x1f,0x80,0x00,0x00,0x1f,0x41,0xf8,0x00,0x00,0x01,0xf4,0x0f,0x80,0x00,0x00,0x2f,
0x40,0xfc,0x00,0x00,0x02,0xf4,0x0b,0xc0,0x00,0x00,0x3f,0x00,0xbe,0x00,0x00,0x07,0xe0,0x03,0xf0,0x00,
0x00,0xbd,0x00,0x2f,0x80,0x00,0x1f,0xc0,0x00,0xfe,0x00,0x07,0xf4,0x00,0x07,0xfe,0x5b,0xfd,0x00,0x00,
0x0b,0xff,0xff,0x40,0x00,0x00,0x1b,0xfe,0x40,0x00,0x03,0xff,0xfe,0x90,0x00,0x0f,0xff,0xff,0xf4,0x00,
0x3f,0x55,0x6f,0xf4,0x00,0xf8,0x00,0x07,0xf0,0x03,0xe0,0x00,0x0b,0xd0,0x0f,0x80,0x00,0x1f,0x40,0x3e,
0x00,0x00,0x7d,0x00,0xf8,0x00,0x01,0xf4,0x03,0xe0,0x00,0x0b,0xd0,0x0f,0x80,0x00,0x7f,0x00,0x3e,0x00,
0x1b,0xf4,0x00,0xff,0xff,0xff,0x40,0x03,0xff,0xff,0xd0,0x00,0x0f,0xd5,0x40,0x00,0x00,0x3e,0x00,0x00,
0x00,0x00,0xf8,0x00,0x00,0x00,0x03,0xe0,0x00,0x00,0x00,0x0f,0x80,0x00,0x00,0x00,0x3e,0x00,0x00,0x00,
0x00,0xf8,0x00,0x00,0x00,0x03,0xe0,0x00,0x00,0x00,0x0f,0x80,0x00,0x00,0x00,0x00,0x01,0xbf,0xe4,0x00,
0x00,0x00,0xbf,0xff,0xf4,0x00,0x00,0x7f,0xe9,0xbf,0xd0,0x00,0x0f,0xe0,0x00,0x7f,0x40,0x02,0xf8,0x00,
0x01,0xfc,0x00,0x7f,0x00,0x00,0x0b,0xd0,0x0b,0xd0,0x00,0x00,0x7e,0x00,0xfc,0x00,0x00,0x03,0xf0,0x0f,
0xc0,0x00,0x00,0x2f,0x40,0xf8,0x00,0x00,0x02,0xf4,0x1f,0x80,0x00,0x00,0x1f,0x41,0xf8,0x00,0x00,0x01,
0xf4,0x1f,0x80,0x00,0x00,0x2f,0x40,0xfc,0x00,0x00,0x02,0xf4,0x0f,0xc0,0x00,0x00,0x2f,0x00,0xbd,0x00,
0x00,0x07,0xe0,0x03,0xf0,0x00,0x00,0xbd,0x00,0x2f,0x40,0x00,0x1f,0xc0,0x00,0xfd,0x00,0x07,0xf4,0x00,
0x07,0xf9,0x56,0xfd,0x00,0x00,0x1f,0xff,0xff,0x40,0x00,0x00,0x1b,0xfe,0x40,0x00,0x00,0x00,0x0f,0xc0,
0x00,0x00,0x00,0x00,0x7e,0x00,0x00,0x00,0x00,0x02,0xfe,0x40,0x00,0x00,0x00,0x0b,0xff,0xf8,0x00,0x00,
0x00,0x1b,0xff,0xc0,0x00,0x00,0x00,0x01,0x50,0x03,0xff,0xfe,0x90,0x00,0x0f,0xff,0xff,0xf4,0x00,0x3f,
0x55,0x5b,0xf4,0x00,0xf8,0x00,0x07,0xf0,0x03,0xe0,0x00,0x0b,0xd0,0x0f,0x80,0x00,0x1f,0x80,0x3e,0x00,
0x00,0x7e,0x00,0xf8,0x00,0x01,0xf4,0x03,0xe0,0x00,0x0b,0xd0,0x0f,0x80,0x00,0x7e,0x00,0x3e,0x55,0x5f,
0xf4,0x00,0xff,0xff,0xff,0x40,0x03,0xff,0xff,0xd0,0x00,0x0f,0x80,0x3f,0x00,0x00,0x3e,0x00,0x7e,0x00,
0x00,0xf8,0x00,0xbd,0x00,0x03,0xe0,0x01,0xfc,0x00,0x0f,0x80,0x02,0xf4,0x00,0x3e,0x00,0x03,0xf0,0x00,
0xf8,0x00,0x07,0xe0,0x03,0xe0,0x00,0x0b,0xd0,0x0f,0x80,0x00,0x1f,0xc0,0x00,0x06,0xfe,0x40,0x00,0x07,
0xff,0xff,0x40,0x01,0xfe,0x9a,0xfe,0x00,0x3f,0x40,0x06,0xd0,0x07,0xe0,0x00,0x04,0x00,0xbd,0x00,0x00,
0x00,0x07,0xe0,0x00,0x00,0x00,0x3f,0x40,0x00,0x00,0x02,0xfe,0x40,0x00,0x00,0x0b,0xfe,0x40,0x00,0x00,
0x1f,0xff,0x40,0x00,0x00,0x1b,0xff,0x40,0x00,0x00,0x0b,0xfd,0x00,0x00,0x00,0x0b,0xf0,0x00,0x00,0x00,
0x2f,0x40,0x00,0x00,0x01,0xf8,0x00,0x00,0x00,0x1f,0x80,0x60,0x00,0x02,0xf4,0x1f,0xd0,0x00,0x7f,0x00,
0xbf,0xe5,0xbf,0xc0,0x01,0xff,0xff,0xe4,0x00,0x01,0xbf,0xa4,0x00,0x3f,0xff,0xff,0xff,0xc3,0xff,0xff,
0xff,0xfc,0x15,0x56,0xf9,0x55,0x40,0x00,0x1f,0x40,0x00,0x00,0x01,0xf4,0x00,0x00,0x00,0x1f,0x40,0x00,
0x00,0x01,0xf4,0x00,0x00,0x00,0x1f,0x40,0x00,0x00,0x01,0xf4,0x00,0x00,0x00,0x1f,0x40,0x00,0x00,0x01,
0xf4,0x00,0x00,0x00,0x1f,0x40,0x00,0x00,0x01,0xf4,0x00,0x00,0x00,0x1f,0x40,0x00,0x00,0x01,0xf4,0x00,
0x00,0x00,0x1f,0x40,0x00,0x00,0x01,0xf4,0x00,0x00,0x00,0x1f,0x40,0x00,0x00,0x01,0xf4,0x00,0x00,0x00,
0x1f,0x40,0x00,0x00,0x01,0xf4,0x00,0x00,0x00,0x1f,0x40,0x00,0x03,0xe0,0x00,0x00,0xf8,0x00,0x3e,0x00,
0x00,0x0f,0x80,0x03,0xe0,0x00,0x00,0xf8,0x00,0x3e,0x00,0x00,0x0f,0x80,0x03,0xe0,0x00,0x00,0xf8,0x00,
0x3e,0x00,0x00,0x0f,0x80,0x03,0xe0,0x00,0x00,0xf8,0x00,0x3e,0x00,0x00,0x0f,0x80,0x03,0xe0,0x00,0x00,
0xf8,0x00,0x3e,0x00,0x00,0x0f,0x80,0x03,0xe0,0x00,0x00,0xf8,0x00,0x3e,0x00,0x00,0x0f,0x80,0x03,0xe0,
0x00,0x00,0xf8,0x00,0x3e,0x00,0x00,0x0f,0x80,0x03,0xe0,0x00,0x00,0xf8,0x00,0x2f,0x00,0x00,0x1f,0x40,
0x02,0xf4,0x00,0x02,0xf4,0x00,0x1f,0x80,0x00,0x3f,0x00,0x00,0xbe,0x00,0x1f,0xd0,0x00,0x07,0xfe,0x6b,
0xf8,0x00,0x00,0x1f,0xff,0xfe,0x00,0x00,0x00,0x1b,0xfe,0x40,0x00,0xbc,0x00,0x00,0x0b,0xcb,0xd0,0x00,
0x00,0xf8,0x7e,0x00,0x00,0x1f,0x43,0xf0,0x00,0x02,0xf0,0x2f,0x40,0x00,0x3e,0x01,0xf8,0x00,0x07,0xd0,
0x0f,0xc0,0x00,0xbd,0x00,0xbd,0x00,0x0b,0xc0,0x07,0xd0,0x00,0xf8,0x00,0x3e,0x00,0x1f,0x40,0x02,0xf0,
0x02,0xf0,0x00,0x1f,0x40,0x3e,0x00,0x00,0xf8,0x07,0xd0,0x00,0x0b,0xc0,0xbc,0x00,0x00,0x7d,0x0f,0x80,
0x00,0x03,0xe1,0xf4,0x00,0x00,0x2f,0x1f,0x00,0x00,0x01,0xf2,0xe0,0x00,0x00,0x0f,0x7d,0x00,0x00,0x00,
0xbf,0xc0,0x00,0x00,0x07,0xf8,0x00,0x00,0x00,0x3f,0x40,0x00,0x3e,0x00,0x00,0xf8,0x00,0x07,0xd3,0xf0,
0x00,0x1f,0xc0,0x00,0x7d,0x2f,0x00,0x02,0xfc,0x00,0x0b,0xc1,0xf4,0x00,0x3f,0xd0,0x00,0xb8,0x1f,0x40,
0x07,0xee,0x00,0x0f,0x80,0xf8,0x00,0x79,0xf0,0x01,0xf4,0x0f,0xc0,0x0b,0x5f,0x40,0x1f,0x40,0xbc,0x00,
0xf4,0xf4,0x02,0xf0,0x07,0xd0,0x1f,0x0b,0x80,0x2e,0x00,0x7d,0x01,0xe0,0xbc,0x03,0xe0,0x03,0xe0,0x2e,
0x07,0xd0,0x7d,0x00,0x2f,0x03,0xd0,0x3d,0x07,0xc0,0x02,0xf0,0x7c,0x02,0xe0,0xbc,0x00,0x1f,0x47,0x80,
0x2f,0x0b,0x80,0x00,0xf4,0xb8,0x01,0xf0,0xf8,0x00,0x0f,0x8b,0x40,0x0f,0x4f,0x40,0x00,0xb8,0xf0,0x00,
0xb9,0xf0,0x00,0x0b,0xde,0x00,0x0b,0x9f,0x00,0x00,0x7e,0xe0,0x00,0x7e,0xe0,0x00,0x03,0xfd,0x00,0x03,
0xfd,0x00,0x00,0x3f,0xc0,0x00,0x2f,0xd0,0x00,0x02,0xfc,0x00,0x02,0xfc,0x00,0x2f,0x40,0x00,0x3f,0x07,
0xe0,0x00,0x1f,0x40,0xbd,0x00,0x0f,0xc0,0x0f,0xc0,0x07,0xd0,0x02,0xf4,0x03,0xe0,0x00,0x3f,0x02,0xf4,
0x00,0x07,0xd0,0xf8,0x00,0x00,0xbc,0xbc,0x00,0x00,0x1f,0xbe,0x00,0x00,0x02,0xff,0x00,0x00,0x00,0x7f,
0x40,0x00,0x00,0x2f,0xe0,0x00,0x00,0x0f,0xbd,0x00,0x00,0x0b,0xcf,0x80,0x00,0x07,0xd1,0xf4,0x00,0x02,
0xf0,0x3f,0x00,0x01,0xf4,0x07,0xe0,0x00,0xf8,0x00,0xbc,0x00,0xbd,0x00,0x1f,0x80,0x3e,0x00,0x02,0xf4,
0x2f,0x40,0x00,0x7e,0x1f,0x80,0x00,0x0b,0xd0,0x2f,0x00,0x00,0x0f,0x87,0xe0,0x00,0x0b,0xd0,0xbc,0x00,
0x03,0xe0,0x1f,0x80,0x02,0xf4,0x02,0xf0,0x00,0xf8,0x00,0x7d,0x00,0x7d,0x00,0x0f,0xc0,0x3e,0x00,0x01,
0xf4,0x1f,0x40,0x00,0x3e,0x0b,0x80,0x00,0x07,0xd7,0xd0,0x00,0x00,0xfa,0xe0,0x00,0x00,0x1f,0xf4,0x00,
0x00,0x03,0xf8,0x00,0x00,0x00,0x7d,0x00,0x00,0x00,0x1f,0x40,0x00,0x00,0x07,0xd0,0x00,0x00,0x01,0xf4,
0x00,0x00,0x00,0x7d,0x00,0x00,0x00,0x1f,0x40,0x00,0x00,0x07,0xd0,0x00,0x00,0x01,0xf4,0x00,0x00,0x00,
0x7d,0x00,0x00,0x07,0xff,0xff,0xff,0x80,0x7f,0xff,0xff,0xf4,0x01,0x55,0x55,0x7f,0x00,0x00,0x00,0x0b,
0xd0,0x00,0x00,0x01,0xf8,0x00,0x00,0x00,0x3f,0x00,0x00,0x00,0x0b,0xd0,0x00,0x00,0x01,0xf8,0x00,0x00,
0x00,0x3f,0x00,0x00,0x00,0x0b,0xd0,0x00,0x00,0x01,0xf8,0x00,0x00,0x00,0x2f,0x40,0x00,0x00,0x07,0xe0,
0x00,0x00,0x00,0xfc,0x00,0x00,0x00,0x2f,0x40,0x00,0x00,0x07,0xe0,0x00,0x00,0x00,0xfc,0x00,0x00,0x00,
0x2f,0x40,0x00,0x00,0x07,0xe0,0x00,0x00,0x00,0xfd,0x55,0x55,0x54,0x1f,0xff,0xff,0xff,0x82,0xff,0xff,
0xff,0xf8,0x01,0xaa,0x80,0x2f,0xfc,0x02,0xd0,0x00,0x2d,0x00,0x02,0xd0,0x00,0x2d,0x00,0x02,0xd0,0x00,
0x2d,0x00,0x02,0xd0,0x00,0x2d,0x00,0x02,0xd0,0x00,0x2d,0x00,0x02,0xd0,0x00,0x2d,0x00,0x02,0xd0,0x00,
0x2d,0x00,0x02,0xd0,0x00,0x2d,0x00,0x02,0xd0,0x00,0x2d,0x00,0x02,0xd0,0x00,0x2d,0x00,0x02,0xd0,0x00,
0x2d,0x00,0x02,0xd0,0x00,0x2d,0x00,0x02,0xd0,0x00,0x2e,0xa8,0x02,0xff,0xc0,0x78,0x00,0x00,0x3c,0x00,
0x00,0x2d,0x00,0x00,0x1d,0x00,0x00,0x1e,0x00,0x00,0x0f,0x00,0x00,0x0b,0x40,0x00,0x07,0x80,0x00,0x03,
0xc0,0x00,0x02,0xd0,0x00,0x01,0xe0,0x00,0x00,0xf0,0x00,0x00,0xb4,0x00,0x00,0x78,0x00,0x00,0x3c,0x00,
0x00,0x2d,0x00,0x00,0x1d,0x00,0x00,0x1e,0x00,0x00,0x0f,0x00,0x00,0x0b,0x40,0x00,0x07,0x80,0x00,0x03,
0xc0,0x00,0x02,0xd0,0x00,0x01,0xe0,0x00,0x00,0xf0,0x00,0x00,0xb4,0x00,0x00,0x78,0x00,0x00,0x3c,0x00,
0x00,0x2d,0x00,0x00,0x04,0x2a,0xa8,0x03,0xff,0xc0,0x00,0x3c,0x00,0x03,0xc0,0x00,0x3c,0x00,0x03,0xc0,
0x00,0x3c,0x00,0x03,0xc0,0x00,0x3c,0x00,0x03,0xc0,0x00,0x3c,0x00,0x03,0xc0,0x00,0x3c,0x00,0x03,0xc0,
0x00,0x3c,0x00,0x03,0xc0,0x00,0x3c,0x00,0x03,0xc0,0x00,0x3c,0x00,0x03,0xc0,0x00,0x3c,0x00,0x03,0xc0,
0x00,0x3c,0x00,0x03,0xc0,0x00,0x3c,0x00,0x03,0xc0,0x00,0x3c,0x02,0xab,0xc0,0x3f,0xfc,0x00,0x00,0x02,
0x90,0x00,0x00,0x01,0xfc,0x00,0x00,0x00,0xbf,0x40,0x00,0x00,0x3e,0xe0,0x00,0x00,0x1e,0x3c,0x00,0x00,
0x0f,0x4b,0x80,0x00,0x07,0xc1,0xf0,0x00,0x02,0xe0,0x3d,0x00,0x00,0xf4,0x0b,0x80,0x00,0x7c,0x01,0xf0,
0x00,0x3d,0x00,0x3d,0x00,0x1f,0x00,0x07,0xc0,0x0b,0x80,0x00,0xf4,0x01,0x50,0x00,0x15,0x00,0x00,0x00,
0x00,0x00,0x00,0x00,0x00,0x00,0x00,0x00,0x00,0x00,0x00,0x00,0x00,0x00,0x00,0x00,0x00,0x00,0x00,0x00,
0x00,0x00,0x00,0x00,0x00,0x00,0x00,0x00,0x00,0x00,0x00,0x00,0x00,0x00,0x00,0x00,0x00,0x00,0x00,0x00,
0x00,0x00,0x00,0x00,0x06,0xaa,0xaa,0xaa,0xa6,0xff,0xff,0xff,0xfd,0x00,0x18,0x00,0x00,0x00,0x07,0xe0,
0x00,0x00,0x00,0x3f,0x40,0x00,0x00,0x00,0xfd,0x00,0x00,0x00,0x03,0xf0,0x00,0x00,0x00,0x0f,0x80,0x00,
0x00,0x00,0x20,0x00,0x00,0x00,0x00,0x00,0x00,0x00,0x00,0x00,0x00,0x00,0x00,0x00,0x00,0x00,0x00,0x00,
0x00,0x00,0x00,0x00,0x00,0x00,0x00,0x00,0x00,0x00,0x00,0x00,0x00,0x00,0x00,0x00,0x00,0x00,0x00,0x00,
0x00,0x00,0x00,0x00,0x00,0x00,0x00,0x00,0x00,0x00,0x00,0x00,0x00,0x00,0x00,0x00,0x00,0x00,0x00,0x00,
0x00,0x00,0x00,0x00,0x00,0x00,0x00,0x00,0x00,0x00,0x00,0x00,0x00,0x00,0x00,0x00,0x00,0x00,0x00,0x00,
0x00,0x00,0x00,0x00,0x00,0x00,0x00,0x00,0x00,0x00,0x00,0x1b,0xf9,0x00,0x00,0x7f,0xff,0xe0,0x00,0x7f,
0x96,0xfd,0x00,0x09,0x00,0x0f,0xc0,0x00,0x00,0x02,0xf4,0x00,0x00,0x00,0x7d,0x00,0x00,0x05,0xaf,0x40,
0x00,0x6f,0xfb,0xd0,0x01,0xfd,0x41,0xf4,0x01,0xf8,0x00,0x7d,0x00,0xf8,0x00,0x1f,0x40,0x7d,0x00,0x07,
0xd0,0x0f,0x80,0x07,0xf4,0x03,0xf9,0x5b,0xfd,0x00,0x7f,0xff,0x8f,0x40,0x02,0xfe,0x42,0xd0,0x00,0x00,
0x00,0x00,0x00,0x1f,0x80,0x00,0x00,0x00,0x7e,0x00,0x00,0x00,0x01,0xf8,0x00,0x00,0x00,0x07,0xe0,0x00,
0x00,0x00,0x1f,0x80,0x00,0x00,0x00,0x7e,0x00,0x00,0x00,0x01,0xf8,0x00,0x00,0x00,0x07,0xd0,0xbf,0x90,
0x00,0x1f,0x5f,0xff,0xd0,0x00,0x7f,0xf9,0x6f,0xd0,0x01,0xfe,0x00,0x1f,0xc0,0x07,0xe0,0x00,0x2f,0x40,
0x1f,0x80,0x00,0x3e,0x00,0x7e,0x00,0x00,0xf8,0x01,0xf8,0x00,0x03,0xf0,0x07,0xe0,0x00,0x0f,0xc0,0x1f,
0x80,0x00,0x3f,0x00,0x7e,0x00,0x01,0xf8,0x01,0xf8,0x00,0x0b,0xd0,0x07,0xf4,0x00,0xbe,0x00,0x1f,0xf9,
0x6b,0xf0,0x00,0x7d,0xbf,0xff,0x40,0x01,0xf0,0x6f,0x90,0x00,0x00,0x06,0xfe,0x40,0x01,0xff,0xff,0x40,
0x1f,0xe9,0xae,0x00,0xfd,0x00,0x10,0x0b,0xd0,0x00,0x00,0x3f,0x00,0x00,0x01,0xf8,0x00,0x00,0x07,0xd0,
0x00,0x00,0x1f,0x40,0x00,0x00,0x7e,0x00,0x00,0x00,0xfc,0x00,0x00,0x02,0xf4,0x00,0x00,0x03,0xf4,0x00,
0x50,0x07,0xf9,0x5b,0xc0,0x07,0xff,0xfe,0x00,0x02,0xbf,0x90,0x00,0x00,0x00,0x00,0x00,0x00,0x00,0x00,
0xf8,0x00,0x00,0x00,0x03,0xe0,0x00,0x00,0x00,0x0f,0x80,0x00,0x00,0x00,0x3e,0x00,0x00,0x00,0x00,0xf8,
0x00,0x00,0x00,0x03,0xe0,0x00,0x00,0x00,0x0f,0x80,0x00,0x0b,0xf9,0x3e,0x00,0x01,0xff,0xfe,0xf8,0x00,
0x1f,0xe5,0xbf,0xe0,0x00,0xfd,0x00,0x2f,0x80,0x0b,0xd0,0x00,0x3e,0x00,0x3f,0x00,0x00,0xf8,0x01,0xf8,
0x00,0x03,0xe0,0x07,0xd0,0x00,0x0f,0x80,0x1f,0x40,0x00,0x3e,0x00,0x7e,0x00,0x00,0xf8,0x00,0xf8,0x00,
0x03,0xe0,0x03,0xf4,0x00,0x0f,0x80,0x07,0xf0,0x00,0xbe,0x00,0x0b,0xf9,0x6f,0xf8,0x00,0x0b,0xff,0xf6,
0xe0,0x00,0x06,0xfe,0x07,0x80,0x00,0x0a,0xf9,0x00,0x00,0x1f,0xff,0xe0,0x00,0x1f,0xd5,0xbf,0x00,0x0f,
0x80,0x07,0xd0,0x0b,0xc0,0x00,0xbc,0x03,0xe0,0x00,0x1f,0x01,0xf4,0x00,0x03,0xd0,0x7f,0xff,0xff,0xf4,
0x1f,0xff,0xff,0xfd,0x07,0xd0,0x00,0x00,0x00,0xf8,0x00,0x00,0x00,0x2f,0x00,0x00,0x00,0x07,0xf0,0x00,
0x00,0x00,0x7f,0x95,0x6d,0x00,0x07,0xff,0xff,0x40,0x00,0x2b,0xe9,0x00,0x00,0x1b,0xe4,0x02,0xff,0xd0,
0x1f,0xd6,0x00,0xbd,0x00,0x02,0xf0,0x00,0x0b,0xc0,0x00,0x2f,0x00,0x00,0xbc,0x00,0x3f,0xff,0xd0,0xff,
0xff,0x41,0x7f,0x54,0x00,0xbc,0x00,0x02,0xf0,0x00,0x0b,0xc0,0x00,0x2f,0x00,0x00,0xbc,0x00,0x02,0xf0,
0x00,0x0b,0xc0,0x00,0x2f,0x00,0x00,0xbc,0x00,0x02,0xf0,0x00,0x0b,0xc0,0x00,0x2f,0x00,0x00,0xbc,0x00,
0x00,0x1b,0xff,0xff,0x40,0x2f,0xff,0xff,0xd0,0x2f,0x41,0xbd,0x00,0x1f,0x40,0x0f,0x80,0x0b,0xc0,0x01,
0xf0,0x02,0xe0,0x00,0x7c,0x00,0xbc,0x00,0x2f,0x00,0x1f,0x40,0x0f,0x80,0x02,0xf4,0x1b,0xc0,0x00,0x3f,
0xff,0xd0,0x00,0x2e,0xaa,0x40,0x00,0x1f,0x00,0x00,0x00,0x07,0xc0,0x00,0x00,0x01,0xf9,0x55,0x40,0x00,
0x2f,0xff,0xff,0x80,0x07,0xff,0xff,0xf8,0x07,0xc0,0x00,0x7f,0x43,0xd0,0x00,0x07,0xd1,0xf0,0x00,0x01,
0xf4,0x7d,0x00,0x00,0xbc,0x0f,0xd0,0x01,0xfd,0x00,0xff,0xff,0xf9,0x00,0x06,0xbf,0xa4,0x00,0x00,0x00,
0x00,0x00,0x00,0x7e,0x00,0x00,0x00,0x07,0xe0,0x00,0x00,0x00,0x7e,0x00,0x00,0x00,0x07,0xe0,0x00,0x00,
0x00,0x7e,0x00,0x00,0x00,0x07,0xe0,0x00,0x00,0x00,0x7e,0x00,0x00,0x00,0x07,0xd0,0x6f,0x90,0x00,0x7d,
0x7f,0xff,0x40,0x07,0xef,0x9a,0xfc,0x00,0x7f,0x90,0x0b,0xd0,0x07,0xe0,0x00,0x7e,0x00,0x7e,0x00,0x03,
0xe0,0x07,0xe0,0x00,0x3e,0x00,0x7e,0x00,0x03,0xe0,0x07,0xe0,0x00,0x3e,0x00,0x7e,0x00,0x03,0xe0,0x07,
0xe0,0x00,0x3e,0x00,0x7e,0x00,0x03,0xe0,0x07,0xe0,0x00,0x3e,0x00,0x7e,0x00,0x03,0xe0,0x07,0xe0,0x00,
0x3e,0x00,0x7e,0x00,0x03,0xe0,0x02,0xd0,0x0b,0xf0,0x07,0xe0,0x01,0x40,0x00,0x00,0x00,0x00,0x00,0x00,
0x07,0xe0,0x07,0xe0,0x07,0xe0,0x07,0xe0,0x07,0xe0,0x07,0xe0,0x07,0xe0,0x07,0xe0,0x07,0xe0,0x07,0xe0,
0x07,0xe0,0x07,0xe0,0x07,0xe0,0x07,0xe0,0x07,0xe0,0x07,0xe0,0x00,0x6d,0x00,0x0b,0xf0,0x00,0xbe,0x00,
0x01,0x40,0x00,0x00,0x00,0x00,0x00,0x00,0x00,0x00,0x07,0xe0,0x00,0x7e,0x00,0x07,0xe0,0x00,0x7e,0x00,
0x07,0xe0,0x00,0x7e,0x00,0x07,0xe0,0x00,0x7e,0x00,0x07,0xe0,0x00,0x7e,0x00,0x07,0xe0,0x00,0x7e,0x00,
0x07,0xe0,0x00,0x7e,0x00,0x07,0xe0,0x00,0x7e,0x00,0x07,0xe0,0x00,0x7e,0x00,0x07,0xd0,0x00,0x7d,0x01,
0x5f,0xc0,0x3f,0xf4,0x07,0xf9,0x00,0x02,0x90,0x00,0x00,0x01,0xf4,0x00,0x00,0x00,0x7d,0x00,0x00,0x00,
0x1f,0x40,0x00,0x00,0x07,0xd0,0x00,0x00,0x01,0xf4,0x00,0x00,0x00,0x7d,0x00,0x00,0x00,0x1f,0x40,0x00,
0x00,0x07,0xd0,0x00,0xfc,0x01,0xf4,0x00,0xbd,0x00,0x7d,0x00,0xbd,0x00,0x1f,0x40,0x7e,0x00,0x07,0xd0,
0x7e,0x00,0x01,0xf4,0x3f,0x00,0x00,0x7d,0x2f,0x40,0x00,0x1f,0x6f,0xe0,0x00,0x07,0xff,0xbd,0x00,0x01,
0xff,0x4b,0xc0,0x00,0x7f,0x80,0xf8,0x00,0x1f,0x80,0x1f,0x40,0x07,0xd0,0x03,0xf0,0x01,0xf4,0x00,0x7e,
0x00,0x7d,0x00,0x0b,0xd0,0x1f,0x40,0x00,0xfc,0x01,0x40,0x01,0xf8,0x00,0x7e,0x00,0x1f,0x80,0x07,0xe0,
0x01,0xf8,0x00,0x7e,0x00,0x1f,0x80,0x07,0xe0,0x01,0xf8,0x00,0x7e,0x00,0x1f,0x80,0x07,0xe0,0x01,0xf8,
0x00,0x7e,0x00,0x1f,0x80,0x07,0xe0,0x01,0xf8,0x00,0x7e,0x00,0x1f,0x80,0x07,0xe0,0x01,0xf8,0x00,0x3e,
0x40,0x0b,0xf0,0x00,0xbc,0x00,0x07,0xc0,0xbf,0x80,0x0b,0xe4,0x00,0x07,0xc7,0xff,0xf0,0x7f,0xfe,0x00,
0x07,0xef,0x9b,0xf9,0xf9,0xbf,0x40,0x07,0xf8,0x00,0xff,0x80,0x1f,0xc0,0x07,0xe0,0x00,0xbe,0x00,0x0b,
0xc0,0x07,0xe0,0x00,0x7d,0x00,0x0b,0xc0,0x07,0xe0,0x00,0x7d,0x00,0x0b,0xd0,0x07,0xe0,0x00,0x7d,0x00,
0x0b,0xd0,0x07,0xe0,0x00,0x7d,0x00,0x0b,0xd0,0x07,0xe0,0x00,0x7d,0x00,0x0b,0xd0,0x07,0xe0,0x00,0x7d,
0x00,0x0b,0xd0,0x07,0xe0,0x00,0x7d,0x00,0x0b,0xd0,0x07,0xe0,0x00,0x7d,0x00,0x0b,0xd0,0x07,0xe0,0x00,
0x7d,0x00,0x0b,0xd0,0x07,0xe0,0x00,0x7d,0x00,0x0b,0xd0,0x07,0xe0,0x00,0x7d,0x00,0x0b,0xd0,0x07,0xc0,
0x6f,0x90,0x00,0x7c,0x7f,0xff,0x40,0x07,0xef,0x9a,0xfc,0x00,0x7f,0x90,0x0b,0xd0,0x07,0xe0,0x00,0x7e,
0x00,0x7e,0x00,0x03,0xe0,0x07,0xe0,0x00,0x3e,0x00,0x7e,0x00,0x03,0xe0,0x07,0xe0,0x00,0x3e,0x00,0x7e,
0x00,0x03,0xe0,0x07,0xe0,0x00,0x3e,0x00,0x7e,0x00,0x03,0xe0,0x07,0xe0,0x00,0x3e,0x00,0x7e,0x00,0x03,
0xe0,0x07,0xe0,0x00,0x3e,0x00,0x7e,0x00,0x03,0xe0,0x00,0x0a,0xfe,0x00,0x00,0x07,0xff,0xfd,0x00,0x01,
0xfe,0x5b,0xf8,0x00,0x3f,0x40,0x0f,0xd0,0x0b,0xd0,0x00,0x7f,0x00,0xf8,0x00,0x02,0xf4,0x1f,0x80,0x00,
0x1f,0x41,0xf4,0x00,0x01,0xf8,0x1f,0x40,0x00,0x1f,0x81,0xf8,0x00,0x01,0xf4,0x0f,0x80,0x00,0x2f,0x40,
0xbd,0x00,0x03,0xf0,0x03,0xf4,0x00,0xbd,0x00,0x1f,0xe5,0xbf,0x80,0x00,0x7f,0xff,0xe0,0x00,0x00,0xaf,
0xe4,0x00,0x07,0xc0,0xbf,0x90,0x00,0x1f,0x5f,0xff,0xd0,0x00,0x7f,0xf9,0x6f,0xd0,0x01,0xfe,0x00,0x1f,
0xc0,0x07,0xe0,0x00,0x2f,0x40,0x1f,0x80,0x00,0x3e,0x00,0x7e,0x00,0x00,0xf8,0x01,0xf8,0x00,0x03,0xf0,
0x07,0xe0,0x00,0x0f,0xc0,0x1f,0x80,0x00,0x3f,0x00,0x7e,0x00,0x01,0xf8,0x01,0xf8,0x00,0x0f,0xd0,0x07,
0xf4,0x00,0xbe,0x00,0x1f,0xf9,0x6f,0xf0,0x00,0x7e,0xbf,0xff,0x40,0x01,0xf4,0x6f,0x90,0x00,0x07,0xd0,
0x00,0x00,0x00,0x1f,0x80,0x00,0x00,0x00,0x7e,0x00,0x00,0x00,0x01,0xf8,0x00,0x00,0x00,0x07,0xe0,0x00,
0x00,0x00,0x1f,0x80,0x00,0x00,0x00,0x7e,0x00,0x00,0x00,0x00,0x00,0x0b,0xf9,0x1e,0x00,0x01,0xff,0xfe,
0xb8,0x00,0x1f,0xe5,0xbf,0xe0,0x00,0xfd,0x00,0x2f,0x80,0x0b,0xd0,0x00,0x3e,0x00,0x3f,0x00,0x00,0xf8,
0x01,0xf8,0x00,0x03,0xe0,0x07,0xd0,0x00,0x0f,0x80,0x1f,0x40,0x00,0x3e,0x00,0x7e,0x00,0x00,0xf8,0x00,
0xf8,0x00,0x03,0xe0,0x03,0xf4,0x00,0x0f,0x80,0x07,0xf0,0x00,0xbe,0x00,0x0b,0xf9,0x6f,0xf8,0x00,0x0b,
0xff,0xf6,0xe0,0x00,0x06,0xfe,0x0f,0x80,0x00,0x00,0x00,0x3e,0x00,0x00,0x00,0x00,0xf8,0x00,0x00,0x00,
0x03,0xe0,0x00,0x00,0x00,0x0f,0x80,0x00,0x00,0x00,0x3e,0x00,0x00,0x00,0x00,0xf8,0x00,0x00,0x00,0x03,
0xe0,0x00,0x07,0xc0,0xbe,0x07,0xc7,0xfd,0x07,0xdf,0xa9,0x07,0xfd,0x00,0x07,0xf4,0x00,0x07,0xe0,0x00,
0x07,0xe0,0x00,0x07,0xe0,0x00,0x07,0xe0,0x00,0x07,0xe0,0x00,0x07,0xe0,0x00,0x07,0xe0,0x00,0x07,0xe0,
0x00,0x07,0xe0,0x00,0x07,0xe0,0x00,0x07,0xe0,0x00,0x00,0x6f,0xe4,0x00,0x2f,0xff,0xe0,0x0b,0xe5,0x6f,
0x00,0xf8,0x00,0x00,0x0f,0x80,0x00,0x00,0xfd,0x00,0x00,0x07,0xf9,0x00,0x00,0x1f,0xfe,0x00,0x00,0x1b,
0xfd,0x00,0x00,0x0b,0xf4,0x00,0x00,0x1f,0x80,0x00,0x00,0xbc,0x09,0x00,0x0f,0x82,0xf9,0x56,0xf4,0x0b,
0xff,0xfd,0x00,0x1b,0xfa,0x00,0x01,0xa0,0x00,0x07,0xc0,0x00,0x1f,0x00,0x00,0xbc,0x00,0x02,0xf0,0x01,
0xff,0xff,0xd7,0xff,0xff,0x45,0xbd,0x54,0x02,0xf0,0x00,0x0b,0xc0,0x00,0x2f,0x00,0x00,0xbc,0x00,0x02,
0xf0,0x00,0x0b,0xc0,0x00,0x2f,0x00,0x00,0xbc,0x00,0x02,0xf0,0x00,0x0b,0xd0,0x00,0x1f,0xd5,0x40,0x2f,
0xfe,0x00,0x1b,0xe4,0x07,0xd0,0x00,0x7d,0x00,0x7d,0x00,0x07,0xd0,0x07,0xd0,0x00,0x7d,0x00,0x7d,0x00,
0x07,0xd0,0x07,0xd0,0x00,0x7d,0x00,0x7d,0x00,0x07,0xd0,0x07,0xd0,0x00,0x7d,0x00,0x7d,0x00,0x07,0xd0,
0x07,0xd0,0x00,0x7d,0x00,0x7d,0x00,0x07,0xd0,0x07,0xd0,0x00,0x7d,0x00,0x7e,0x00,0x0b,0xd0,0x03,0xf0,
0x02,0xfd,0x00,0x2f,0xd6,0xf7,0xd0,0x01,0xff,0xfd,0x3d,0x00,0x02,0xbe,0x03,0xd0,0x7d,0x00,0x00,0xbc,
0x3e,0x00,0x00,0xf8,0x2f,0x00,0x01,0xf4,0x1f,0x40,0x02,0xf0,0x0f,0x80,0x03,0xe0,0x0b,0xc0,0x07,0xd0,
0x07,0xd0,0x0b,0xc0,0x03,0xe0,0x0f,0x80,0x01,0xf0,0x1f,0x40,0x00,0xf4,0x2e,0x00,0x00,0xb8,0x3d,0x00,
0x00,0x7c,0x7c,0x00,0x00,0x3d,0xb8,0x00,0x00,0x2e,0xf4,0x00,0x00,0x1f,0xf0,0x00,0x00,0x0f,0xe0,0x00,
0x3e,0x00,0x07,0xe0,0x00,0xbc,0x2f,0x00,0x0b,0xf0,0x00,0xbc,0x1f,0x40,0x0f,0xf0,0x00,0xf8,0x1f,0x80,
0x1e,0xb4,0x01,0xf4,0x0f,0x80,0x1e,0xb8,0x02,0xf0,0x0b,0xc0,0x2d,0x7c,0x02,0xe0,0x07,0xd0,0x3c,0x3d,
0x03,0xd0,0x03,0xe0,0x78,0x2d,0x07,0xd0,0x02,0xe0,0xb8,0x2e,0x0b,0xc0,0x02,0xf0,0xf4,0x1f,0x0b,0x80,
0x01,0xf4,0xf0,0x0f,0x4f,0x40,0x00,0xf9,0xe0,0x0b,0x9f,0x00,0x00,0xba,0xd0,0x07,0x9e,0x00,0x00,0x7f,
0xd0,0x03,0xee,0x00,0x00,0x3f,0xc0,0x03,0xfd,0x00,0x00,0x2f,0x80,0x02,0xfc,0x00,0x2f,0x00,0x03,0xe0,
0x7e,0x00,0x2f,0x00,0xbd,0x01,0xf4,0x00,0xfc,0x0b,0xc0,0x01,0xf8,0x7d,0x00,0x02,0xf7,0xe0,0x00,0x03,
0xff,0x00,0x00,0x07,0xf4,0x00,0x00,0x2f,0xd0,0x00,0x01,0xfb,0xd0,0x00,0x0f,0x8f,0x80,0x00,0xbc,0x1f,
0x40,0x07,0xd0,0x2f,0x40,0x3e,0x00,0x3e,0x02,0xf4,0x00,0x7d,0x1f,0x80,0x00,0xbd,0x7d,0x00,0x00,0xbc,
0x3e,0x00,0x00,0xf8,0x2f,0x00,0x01,0xf4,0x1f,0x80,0x02,0xf0,0x0b,0xc0,0x03,0xe0,0x07,0xd0,0x07,0xd0,
0x03,0xe0,0x0b,0xc0,0x02,0xf0,0x0f,0x80,0x01,0xf4,0x1f,0x40,0x00,0xb8,0x2f,0x00,0x00,0x7c,0x3e,0x00,
0x00,0x3d,0x3d,0x00,0x00,0x2e,0x7c,0x00,0x00,0x0f,0xf4,0x00,0x00,0x0b,0xf0,0x00,0x00,0x07,0xe0,0x00,
0x00,0x07,0xd0,0x00,0x00,0x0b,0xc0,0x00,0x00,0x0f,0x80,0x00,0x00,0x2f,0x40,0x00,0x15,0xbd,0x00,0x00,
0x2f,0xf8,0x00,0x00,0x2f,0x90,0x00,0x00,0x0f,0xff,0xff,0xc0,0xff,0xff,0xfc,0x05,0x55,0x6f,0x40,0x00,
0x07,0xe0,0x00,0x00,0xfc,0x00,0x00,0x2f,0x40,0x00,0x07,0xe0,0x00,0x00,0xfc,0x00,0x00,0x2f,0x40,0x00,
0x07,0xd0,0x00,0x01,0xf8,0x00,0x00,0x2f,0x00,0x00,0x0b,0xd0,0x00,0x01,0xf9,0x55,0x54,0x3f,0xff,0xff,
0xd3,0xff,0xff,0xfd,0x00,0x06,0x80,0x07,0xfc,0x00,0xf8,0x00,0x0f,0x00,0x01,0xf0,0x00,0x1f,0x00,0x01,
0xf0,0x00,0x0f,0x00,0x00,0xf0,0x00,0x0f,0x00,0x00,0xf0,0x00,0x0f,0x00,0x01,0xf0,0x00,0x7e,0x00,0x3f,
0x80,0x02,0xfd,0x00,0x02,0xe0,0x00,0x0f,0x00,0x00,0xf0,0x00,0x0f,0x00,0x00,0xf0,0x00,0x0f,0x00,0x01,
0xf0,0x00,0x1f,0x00,0x01,0xf0,0x00,0x1f,0x00,0x00,0xf4,0x00,0x0b,0xe8,0x00,0x2f,0xc0,0x03,0xc0,0x03,
0xc0,0x03,0xc0,0x03,0xc0,0x03,0xc0,0x03,0xc0,0x03,0xc0,0x03,0xc0,0x03,0xc0,0x03,0xc0,0x03,0xc0,0x03,
0xc0,0x03,0xc0,0x03,0xc0,0x03,0xc0,0x03,0xc0,0x03,0xc0,0x03,0xc0,0x03,0xc0,0x03,0xc0,0x03,0xc0,0x03,
0xc0,0x03,0xc0,0x03,0xc0,0x03,0xc0,0x03,0xc0,0x03,0xc0,0x03,0xc0,0x03,0xc0,0x03,0xc0,0x03,0xc0,0x03,
0xc0,0x03,0xc0,0x01,0x80,0x29,0x40,0x03,0xfd,0x00,0x02,0xf0,0x00,0x0f,0x40,0x00,0xf4,0x00,0x0f,0x40,
0x00,0xf4,0x00,0x0f,0x40,0x00,0xf4,0x00,0x0f,0x40,0x00,0xf4,0x00,0x0f,0x00,0x00,0xf4,0x00,0x0b,0xd0,
0x00,0x2f,0xc0,0x02,0xf8,0x00,0xb8,0x00,0x0f,0x40,0x00,0xf0,0x00,0x0f,0x40,0x00,0xf4,0x00,0x0f,0x40,
0x00,0xf4,0x00,0x0f,0x40,0x00,0xf4,0x00,0x0f,0x40,0x01,0xf4,0x02,0xbe,0x00,0x3f,0x80,0x00,0x00,0x00,
0x00,0x00,0x00,0x7e,0x40,0x00,0x00,0xbf,0xf8,0x02,0x80,0x7d,0x1f,0xd2,0xf0,0x18,0x00,0xbf,0xf4,0x00,
0x00,0x06,0xe4,0x00,0x00,0x00,0x00,0x00,0x00,0x00,0x00,0x00,0x00,0x00,0x00,0x00,0x00,0x00,0x00,0x00,
0x00,0x00,0x00,0x00,0x00,0x00,0x00,0x00,0x00,0x00,0x00,0x00,0x00,0x00,0x00,0x00,0x00,0x00,0x00,0x00,
0x00,0x05,0x00,0x00,0x00,0x00,0x00,0x00,0x07,0xfd,0x00,0x00,0x00,0x00,0x00,0x00,0xff,0xe0,0x00,0x00,
0x00,0x00,0x00,0x0f,0xff,0x00,0x00,0x00,0x00,0x00,0x00,0xff,0xf0,0x00,0x00,0x00,0x00,0x00,0x0b,0xfe,
0x00,0x00,0x00,0x00,0x00,0x00,0x2f,0x80,0x00,0x00,0x00,0x00,0x00,0x00,0x00,0x00,0x00,0x00,0x00,0x00,
0x00,0x00,0x00,0x00,0x00,0x00,0x00,0x00,0x00,0x00,0x00,0x00,0x00,0x00,0x00,0x00,0x00,0x00,0x00,0x00,
0x00,0x00,0x00,0x00,0x00,0x00,0x00,0x00,0x00,0x00,0x00,0x00,0x00,0x00,0x00,0x00,0x00,0x00,0x00,0x00,
0x00,0x00,0x00,0x00,0x00,0x00,0x00,0x00,0x00,0x00,0x00,0x00,0x54,0x00,0x00,0x00,0x00,0x00,0x00,0x2f,
0xf8,0x00,0x00,0x00,0x00,0x00,0x0f,0x42,0xe0,0x00,0x00,0x00,0x00,0x01,0xd0,0x0b,0x00,0x00,0x00,0x00,
0x00,0x2c,0x00,0x74,0x00,0x00,0x00,0x00,0x02,0xc0,0x07,0x40,0x00,0x00,0x00,0x00,0x1d,0x00,0xb0,0x00,
0x00,0x00,0x00,0x00,0xf4,0x2e,0x00,0x00,0x00,0x00,0x00,0x02,0xff,0x80,0x00,0x00,0x00,0x00,0x00,0x05,
0x40,0x00,0x00,0x00,0x00,0x00,0x15,0x55,0x55,0x55,0x55,0x55,0x55,0x42,0xff,0xff,0xff,0xff,0xff,0xff,
0xf8,0x2f,0xff,0xff,0xff,0xff,0xff,0xff,0x80,0x00,0x00,0x00,0x00,0x00,0x00,0x00,0x00,0x00,0x00,0x00,
0x00,0x00,0x00,0x00,0x00,0x00,0x00,0x00,0x00,0x00,0x00,0x00,0x00,0x00,0x00,0x00,0x00,0x00,0x00,0x00,
0x00,0x00,0x00,0x00,0x00,0x00,0x00,0x00,0x00,0x00,0x00,0x00,0x00,0x00,0x00,0x00,0x00,0x00,0x00,0x00,
0x00,0x00,0x00,0x00,0x00,0x00,0x00,0x00,0x00,0x00,0x00,0x00,0x00,0x00,0x00,0x00,0x00,0x00,0x00,0x00,
0x00,0x00,0x00,0x00,0x00,0x55,0x55,0x55,0x55,0x55,0x50,0x00,0x1f,0xff,0xff,0xff,0xff,0xff,0x40,0x01,
0xff,0xff,0xff,0xff,0xff,0xf4,0x00,0x00,0x00,0x00,0x00,0x00,0x00,0x00,0x00,0x00,0x00,0x00,0x00,0x00,
0x00,0x00,0x00,0x00,0x00,0x00,0x00,0x00,0x00,0x00,0x00,0x00,0x00,0x00,0x00,0x00,0x00,0x00,0x00,0x00,
0x00,0x00,0x00,0x00,0x00,0x00,0x00,0x00,0x00,0x00,0x00,0x00,0x00,0x00,0x00,0x00,0x00,0x00,0x00,0x00,
0x00,0x00,0x00,0x00,0x00,0x00,0x00,0x01,0xff,0xff,0xff,0xff,0xf0,0x00,0x00,0x1f,0xff,0xff,0xff,0xff,
0x00,0x00,0x00,0x55,0x55,0x55,0x55,0x50,0x00,0x00,0x00,0x00,0x00,0x00,0x00,0x00,0x00,0x00,0x00,0x00,
0x00,0x00,0x00,0x00,0x00,0x00,0x00,0x00,0x00,0x00,0x00,0x00,0x00,0x00,0x00,0x00,0x00,0x00,0x00,0x00,
0x00,0x00,0x00,0x00,0x00,0x00,0x00,0x00,0x00,0x00,0x00,0x00,0x00,0x00,0x00,0x00,0x00,0x00,0x00,0x00,
0x00,0x00,0x55,0x55,0x55,0x55,0x55,0x55,0x50,0x0f,0xff,0xff,0xff,0xff,0xff,0xff,0x00,0xff,0xff,0xff,
0xff,0xff,0xff,0xf0,0x00,0x00,0x00,0x28,0x00,0x00,0x00,0x00,0x00,0x00,0x07,0xd0,0x00,0x00,0x00,0x00,
0x00,0x00,0x7d,0x00,0x00,0x00,0x00,0x00,0x00,0x07,0xd0,0x00,0x00,0x00,0x00,0x00,0x00,0x7d,0x00,0x00,
0x00,0x00,0x00,0x00,0x07,0xd0,0x00,0x00,0x00,0x00,0x00,0x00,0x7d,0x00,0x00,0x00,0x00,0x00,0x00,0x07,
0xd0,0x00,0x00,0x00,0x00,0x00,0x00,0x7d,0x00,0x00,0x00,0x00,0x00,0x00,0x07,0xd5,0x55,0x55,0x00,0x00,
0x00,0x00,0x7f,0xff,0xff,0xf4,0x00,0x00,0x00,0x07,0xff,0xff,0xff,0x40,0x00,0x00,0x00,0x7d,0x00,0x00,
0x00,0x00,0x00,0x00,0x07,0xd0,0x00,0x00,0x00,0x00,0x00,0x00,0x7d,0x00,0x00,0x00,0x00,0x00,0x00,0x07,
0xd0,0x00,0x00,0x00,0x00,0x00,0x00,0x7d,0x00,0x00,0x00,0x00,0x00,0x00,0x07,0xd0,0x00,0x00,0x00,0x00,
0x00,0x00,0x7d,0x00,0x00,0x00,0x00,0x00,0x00,0x07,0xd0,0x00,0x00,0x00,0x00,0x00,0x00,0x7d,0x00,0x00,
0x00,0x00,0x00,0x00,0x07,0xd0,0x00,0x00,0x00,0x00,0x00,0x00,0x7d,0x00,0x00,0x00,0x00,0x00,0x00,0x07,
0xd0,0x00,0x00,0x00,0x05,0x55,0x55,0x7d,0x55,0x55,0x55,0x01,0xff,0xff,0xff,0xff,0xff,0xff,0xf4,0x1f,
0xff,0xff,0xff,0xff,0xff,0xff,0x40,0x1f,0xff,0xff,0xff,0xff,0xff,0xff,0x41,0xff,0xff,0xff,0xff,0xff,
0xff,0xf4,0x05,0x55,0x55,0x7e,0x55,0x55,0x55,0x00,0x00,0x00,0x02,0xe0,0x00,0x00,0x00,0x00,0x00,0x00,
0x2e,0x00,0x00,0x00,0x00,0x00,0x00,0x02,0xe0,0x00,0x00,0x00,0x00,0x00,0x00,0x2e,0x00,0x00,0x00,0x00,
0x00,0x00,0x02,0xe4,0x00,0x00,0x00,0x00,0x00,0x00,0x2f,0xe4,0x00,0x00,0x00,0x00,0x00,0x02,0xff,0xe4,
0x00,0x00,0x00,0x00,0x00,0x2e,0x7f,0xe0,0x00,0x00,0x00,0x00,0x02,0xe0,0x7f,0xd0,0x00,0x00,0x00,0x00,
0x2e,0x00,0xbf,0x80,0x00,0x00,0x00,0x02,0xe0,0x01,0xff,0x40,0x00,0x00,0x00,0x2e,0x00,0x02,0xf4,0x00,
0x00,0x00,0x02,0xe0,0x00,0x06,0x00,0x00,0x00,0x00,0x2e,0x00,0x00,0x00,0x00,0x00,0x00,0x02,0xe0,0x00,
0x00,0x00,0x00,0x00,0x00,0x2e,0x00,0x00,0x00,0x00,0x00,0x00,0x02,0xe0,0x00,0x00,0x00,0x00,0x00,0x00,
0x2e,0x00,0x00,0x00,0x00,0x00,0x00,0x02,0xe0,0x00,0x00,0x00,0x00,0x00,0x00,0x2e,0x00,0x00,0x00,0x00,
0x00,0x00,0x02,0xe0,0x00,0x00,0x00,0x00,0x00,0x00,0x2e,0x00,0x00,0x00,0x00,0x00,0x00,0x02,0xe0,0x00,
0x00,0x00,0x00,0x00,0x00,0x14,0x00,0x00,0x00,0x00,0x0f,0xff,0xff,0xff,0xff,0xff,0xff,0x00,0xff,0xff,
0xff,0xff,0xff,0xff,0xf0,0x05,0x55,0x55,0x57,0xf5,0x55,0x55,0x00,0x00,0x00,0x00,0x7e,0x00,0x00,0x00,
0x00,0x00,0x00,0x0f,0xc0,0x00,0x00,0x00,0x00,0x00,0x02,0xf4,0x00,0x00,0x00,0x00,0x00,0x00,0x7f,0x40,
0x00,0x00,0x00,0x00,0x00,0x1f,0xf4,0x40,0x00,0x00,0x00,0x00,0x07,0xff,0x6e,0x00,0x00,0x00,0x00,0x01,
0xfd,0xf6,0xfd,0x00,0x00,0x00,0x00,0x7f,0x5f,0x47,0xf8,0x00,0x00,0x00,0x1f,0xd1,0xf4,0x0b,0xe0,0x00,
0x00,0x0b,0xf4,0x1f,0x40,0x2f,0xd0,0x00,0x02,0xfd,0x01,0xf4,0x00,0x7f,0x40,0x01,0xfe,0x00,0x1f,0x40,
0x01,0xfe,0x01,0xbf,0x80,0x01,0xf4,0x00,0x03,0xf4,0x1f,0xd0,0x00,0x1f,0x40,0x00,0x0f,0x00,0x60,0x00,
0x01,0xf4,0x00,0x00,0x00,0x00,0x00,0x00,0x1f,0x40,0x00,0x00,0x00,0x00,0x00,0x01,0xf4,0x00,0x00,0x00,
0x00,0x00,0x00,0x1f,0x40,0x00,0x00,0x00,0x00,0x00,0x01,0xf4,0x00,0x00,0x00,0x00,0x00,0x00,0x1f,0x40,
0x00,0x00,0x00,0x00,0x00,0x01,0xf4,0x00,0x00,0x00,0x00,0x00,0x00,0x1f,0x40,0x00,0x00,0x00,0x00,0x00,
0x01,0xf4,0x00,0x00,0x00,0x00,0x00,0x00,0x05,0x00,0x00,0x00,0x00,0x00,0x00,0x90,0x00,0x00,0x00,0x00,
0x00,0x00,0x1f,0x00,0x00,0x00,0x00,0x00,0x00,0x02,0xe0,0x00,0x00,0x00,0x00,0x00,0x00,0x2e,0x00,0x00,
0x00,0x00,0x00,0x00,0x03,0xff,0xff,0xff,0xff,0xf4,0x00,0x00,0x3f,0xff,0xff,0xff,0xff,0x40,0x00,0x07,
0xd5,0x55,0x55,0x55,0x50,0x00,0x00,0xb8,0x00,0x00,0x00,0x00,0x00,0x00,0x0b,0x80,0x00,0x00,0x00,0x00,
0x00,0x00,0xf4,0x00,0x00,0x00,0x00,0x00,0x00,0x1f,0x00,0x00,0x00,0x00,0x00,0x00,0x01,0xf0,0x00,0x00,
0x00,0x00,0x00,0x00,0x2f,0xff,0xff,0xff,0xff,0xf8,0x00,0x03,0xff,0xff,0xff,0xff,0xff,0x80,0x00,0x00,
0x00,0x00,0x00,0x00,0xf4,0x00,0x00,0x00,0x00,0x00,0x00,0x0f,0x40,0x00,0x00,0x00,0x00,0x00,0x00,0xf4,
0x00,0x00,0x00,0x00,0x00,0x00,0x1f,0x00,0x00,0x00,0x00,0x00,0x00,0x01,0xf0,0x01,0xff,0xff,0xff,0xff,
0xf4,0x1f,0x00,0x1f,0xff,0xff,0xff,0xff,0x42,0xe0,0x00,0x00,0x00,0x00,0x00,0x00,0x2e,0x00,0x00,0x00,
0x00,0x00,0x00,0x03,0xd0,0x00,0x00,0x00,0x00,0x00,0x00,0x7c,0x00,0x00,0x00,0x00,0x00,0x00,0x0b,0xc0,
0x00,0x00,0x00,0x00,0x10,0x01,0xf8,0x00,0x00,0x00,0x00,0x03,0xff,0xff,0x00,0x00,0x00,0x00,0x00,0x2f,
0xff,0x80,0x00,0x00,0x00,0x00,0x00,0x00,0x00,0x00,0x00,0x00,0x00,0x00,0x10,0x00,0x00,0x00,0x00,0x00,
0x00,0x0b,0xc0,0x00,0x00,0x00,0x00,0x00,0x00,0xb8,0x00,0x00,0x00,0x00,0x00,0x00,0x0f,0x40,0x00,0x00,
0x00,0x00,0xff,0xff,0xff,0xff,0xff,0xe0,0x00,0x0f,0xff,0xff,0xff,0xff,0xfe,0x00,0x00,0x00,0x03,0xd0,
0x00,0x00,0x00,0x00,0x00,0x00,0x7c,0x00,0x00,0x00,0x00,0x00,0x00,0x0b,0x80,0x00,0x00,0x00,0x00,0x00,
0x00,0xb8,0x00,0x00,0x00,0x00,0x1f,0xff,0xff,0xff,0xff,0xff,0xff,0x01,0xff,0xff,0xff,0xff,0xff,0xff,
0xf0,0x05,0x55,0x7e,0x55,0x55,0x55,0x55,0x00,0x00,0x03,0xd0,0x00,0x00,0x00,0x00,0x00,0x00,0x7c,0x00,
0x00,0x00,0x00,0x00,0x00,0x0b,0x80,0x00,0x00,0x00,0x00,0x00,0x00,0xff,0xff,0xff,0xff,0xd0,0x00,0x00,
0x1f,0xff,0xff,0xff,0xfc,0x00,0x00,0x00,0x00,0x00,0x00,0x7f,0x00,0x00,0x00,0x00,0x00,0x00,0x1f,0xc0,
0x00,0x00,0x00,0x00,0x00,0x03,0xf0,0x00,0x00,0x00,0x00,0x00,0x00,0xfc,0x00,0x00,0x00,0x00,0xb9,0x00,
0x3f,0x00,0x00,0x00,0x00,0x0b,0xfe,0x5f,0xc0,0x00,0x00,0x00,0x00,0x06,0xff,0xf0,0x00,0x00,0x00,0x00,
0x00,0x06,0xff,0x90,0x00,0x00,0x00,0x00,0x00,0x01,0xff,0x90,0x00,0x00,0x00,0x00,0x00,0x01,0xbf,0x40,
0x00,0x00,0x00,0x00,0x00,0x01,0xe0,0x00,0x00,0x00,0x00,0x00,0x00,0x00,0x00,0x00,0x00,0x00,0x00,0x40,
0x00,0x00,0x00,0x00,0x00,0x00,0x0b,0x80,0x00,0x00,0x00,0x00,0x00,0x01,0xf8,0x00,0x00,0x00,0x00,0x00,
0x00,0x2f,0x00,0x00,0x00,0x00,0x00,0x00,0x07,0xe0,0x00,0x00,0x00,0x00,0xbf,0xff,0xff,0xff,0xff,0xff,
0xd0,0x0b,0xff,0xff,0xff,0xff,0xff,0xfd,0x00,0x00,0x02,0xf0,0x00,0x00,0x00,0x00,0x00,0x00,0x7d,0x00,
0x00,0x00,0x00,0x00,0x00,0x0b,0xc0,0x19,0x00,0x00,0x00,0x00,0x01,0xf4,0x02,0xd0,0x00,0x00,0x00,0x00,
0x3e,0x00,0x2d,0x00,0x00,0x00,0x00,0x0b,0xc0,0x02,0xd0,0x00,0x00,0x00,0x01,0xf4,0x00,0x2d,0x00,0x00,
0x00,0x00,0x7f,0xff,0xff,0xff,0xff,0xf4,0x00,0x03,0xff,0xff,0xff,0xff,0xff,0x40,0x00,0x15,0x55,0x57,
0xe5,0x55,0x50,0x00,0x00,0x00,0x00,0x2d,0x00,0x00,0x00,0x00,0x00,0x00,0x02,0xd0,0x10,0x00,0x00,0x00,
0x2e,0x00,0x2d,0x0b,0x80,0x00,0x00,0x07,0xd0,0x02,0xd0,0x7d,0x00,0x00,0x00,0xbc,0x00,0x2d,0x01,0xf4,
0x00,0x00,0x1f,0x40,0x02,0xd0,0x0b,0xd0,0x00,0x03,0xe0,0x00,0x2d,0x00,0x2f,0x00,0x00,0xfc,0x00,0x02,
0xd0,0x00,0xf8,0x00,0x2f,0x40,0x00,0x2d,0x00,0x07,0xe0,0x0b,0xd0,0x01,0x57,0xd0,0x00,0x2f,0x00,0x24,
0x00,0x3f,0xfd,0x00,0x00,0x40,0x00,0x00,0x02,0xfe,0x40,0x00,0x00,0x00,0x00,0x00,0x00,0x06,0x40,0x00,
0x00,0x00,0x00,0x00,0x00,0xf8,0x00,0x00,0x00,0x00,0x00,0x00,0x2f,0x80,0x00,0x00,0x00,0x00,0x00,0x07,
0xfe,0x00,0x00,0x00,0x00,0x00,0x01,0xfa,0xf4,0x00,0x00,0x00,0x00,0x00,0x7e,0x0b,0xd0,0x00,0x00,0x00,
0x00,0x1f,0x80,0x2f,0x80,0x00,0x00,0x00,0x0b,0xe0,0x00,0xbe,0x00,0x00,0x00,0x07,0xf8,0x00,0x02,0xfd,
0x00,0x00,0x02,0xfe,0x01,0xf0,0x07,0xf8,0x00,0x01,0xff,0x40,0x1f,0x00,0x1f,0xf4,0x01,0xff,0x80,0x01,
0xf0,0x00,0x2f,0xf4,0x1f,0xd0,0x00,0x1f,0x00,0x00,0x7f,0x40,0x90,0x00,0x01,0xf0,0x00,0x00,0x60,0x00,
0x00,0x00,0x1f,0x00,0x00,0x00,0x00,0x00,0x00,0x01,0xf0,0x00,0x00,0x00,0x00,0x00,0x00,0x1f,0x00,0x00,
0x00,0x00,0x00,0x00,0x01,0xf0,0x00,0x00,0x00,0x00,0x00,0x00,0x1f,0x00,0x00,0x00,0x00,0x00,0x00,0x01,
0xf0,0x00,0x00,0x00,0x00,0x00,0x00,0x1f,0x00,0x00,0x00,0x00,0x00,0x00,0x01,0xf0,0x00,0x00,0x00,0x00,
0x00,0x00,0x1f,0x00,0x00,0x00,0x00,0x00,0x00,0x01,0xf0,0x00,0x00,0x00,0x00,0x00,0x00,0x1f,0x00,0x00,
0x00,0x00,0x00,0x00,0x01,0xf0,0x00,0x00,0x00,0x00,0x00,0x00,0x1f,0x00,0x00,0x00,0x00,0x00,0x00,0x00,
0xa0,0x00,0x00,0x00,0x00,0x00,0x00,0x1f,0x00,0x00,0x00,0x00,0x00,0x00,0x01,0xf0,0x00,0x00,0x00,0x00,
0x00,0x00,0x1f,0x00,0x00,0x00,0x00,0x0b,0xff,0xff,0xff,0xff,0xfe,0x00,0x00,0xbf,0xff,0xff,0xff,0xff,
0xe0,0x00,0x0b,0x80,0x01,0xf0,0x00,0x2e,0x00,0x00,0xb8,0x00,0x1f,0x00,0x02,0xe0,0x00,0x0b,0x80,0x01,
0xf0,0x00,0x2e,0x00,0x00,0xb8,0x00,0x1f,0x00,0x02,0xe0,0x00,0x0b,0x80,0x01,0xf0,0x00,0x2e,0x00,0x00,
0xbf,0xff,0xff,0xff,0xff,0xe0,0x00,0x0b,0xff,0xff,0xff,0xff,0xfe,0x00,0x00,0x00,0x00,0x1f,0x00,0x00,
0x00,0x00,0x00,0x00,0x01,0xf0,0x00,0x00,0x00,0x03,0xff,0xff,0xff,0xff,0xff,0xfc,0x00,0x3f,0xff,0xff,
0xff,0xff,0xff,0xc0,0x03,0xe0,0x00,0x1f,0x40,0x00,0x7c,0x00,0x3d,0x00,0x01,0xf0,0x00,0x07,0xc0,0x03,
0xd0,0x00,0x1f,0x00,0x00,0x7c,0x00,0x3d,0x00,0x01,0xf0,0x00,0x07,0xc0,0x03,0xd0,0x00,0x1f,0x00,0x00,
0x7c,0x00,0x3f,0xff,0xff,0xff,0xff,0xff,0xc0,0x03,0xff,0xff,0xff,0xff,0xff,0xfc,0x00,0x3d,0x00,0x01,
0xf0,0x00,0x07,0xc0,0x01,0x50,0x00,0x1f,0x00,0x00,0x14,0x00,0x00,0x00,0x01,0xf0,0x00,0x00,0x00,0x00,
0x00,0x00,0x1f,0x00,0x00,0x00,0x00,0x00,0x00,0x01,0xf0,0x00,0x00,0x00,0x00,0x00,0x00,0x05,0x00,0x00,
0x00,0x00,0x00,0x00,0x00,0x10,0x00,0x00,0x00,0x00,0x00,0x40,0x0b,0x80,0x00,0x00,0x00,0x00,0x2e,0x00,
0xb8,0x00,0x00,0x00,0x00,0x01,0xf4,0x0b,0x80,0x00,0x00,0x00,0x00,0x0b,0xc0,0xb8,0x00,0x00,0x00,0x00,
0x00,0x3e,0x0b,0x80,0x00,0x00,0x00,0x00,0x01,0x90,0xb8,0x00,0x00,0x00,0x00,0x00,0x00,0x0b,0x80,0x00,
0x00,0x00,0x0b,0xff,0xff,0xff,0xff,0xff,0xfc,0x00,0xbf,0xff,0xff,0xff,0xff,0xff,0xc0,0x01,0x55,0x55,
0xf5,0x55,0x55,0xbc,0x00,0x00,0x00,0x1f,0x00,0x00,0x07,0xc0,0x00,0x00,0x02,0xf0,0x00,0x00,0x7c,0x00,
0x00,0x00,0x2e,0x00,0x00,0x0b,0x80,0x00,0x00,0x03,0xd0,0x80,0x00,0xb8,0x00,0x00,0x00,0x7d,0x2e,0x00,
0x0b,0x80,0x00,0x00,0x0b,0xc0,0xf8,0x00,0xb8,0x00,0x00,0x00,0xf8,0x07,0xd0,0x0b,0x80,0x00,0x00,0x2f,
0x00,0x2f,0x00,0xb8,0x00,0x00,0x03,0xe0,0x00,0xf8,0x0f,0x40,0x00,0x00,0xbc,0x00,0x07,0x80,0xf4,0x00,
0x00,0x1f,0x80,0x00,0x10,0x0f,0x40,0x00,0x03,0xf0,0x00,0x00,0x00,0xf4,0x00,0x00,0xfd,0x00,0x00,0x00,
0x1f,0x00,0x00,0x3f,0x40,0x00,0x00,0x01,0xf0,0x00,0x0f,0xd0,0x00,0x00,0x00,0x2e,0x00,0x07,0xf4,0x00,
0x00,0x15,0x07,0xe0,0x00,0xfd,0x00,0x00,0x02,0xff,0xfc,0x00,0x02,0x40,0x00,0x00,0x1f,0xfe,0x40,0x00,
0x00,0x00,0x00,0x00,0x00,0x00,0x00,0x00,0x00,0x00,0x24,0x00,0x00,0x00,0x00,0x00,0x00,0x0b,0xd0,0x00,
0x00,0x00,0x00,0x00,0x01,0xf8,0x00,0x00,0x00,0x00,0x00,0x00,0x3e,0x00,0x00,0x00,0x00,0x00,0x00,0x0b,
0xc0,0x00,0x00,0x00,0x00,0x00,0x02,0xf4,0x00,0x00,0x00,0x00,0x00,0x00,0xbd,0x00,0x02,0x80,0x00,0x00,
0x00,0x1f,0x80,0x00,0x7f,0x00,0x00,0x00,0x07,0xe0,0x00,0x0f,0xd0,0x00,0x00,0x01,0xf8,0x00,0x02,0xf4,
0x00,0x00,0x00,0xbe,0x00,0x00,0xbe,0x00,0x00,0x00,0x2f,0x80,0x00,0x1f,0x80,0x00,0x00,0x0f,0xe0,0x00,
0x07,0xf0,0x00,0x00,0x00,0x74,0x00,0x00,0xfc,0x00,0x00,0x00,0x00,0x00,0x00,0x3f,0x40,0x00,0x00,0x00,
0x00,0x00,0x0b,0xd0,0x09,0x00,0x00,0x00,0x00,0x02,0xf4,0x02,0xf4,0x00,0x00,0x00,0x00,0xbd,0x00,0x0b,
0xc0,0x00,0x00,0x00,0x2f,0x40,0x00,0x3e,0x00,0x00,0x00,0x0b,0xd0,0x00,0x01,0xf4,0x00,0x00,0x02,0xf4,
0x00,0x00,0x0b,0xd0,0x00,0x00,0xfd,0x00,0x00,0x00,0x7e,0x00,0x00,0x7f,0x55,0x5a,0xaf,0xff,0xf4,0x00,
0x2f,0xff,0xff,0xff,0xff,0xff,0xc0,0x01,0xff,0xff,0xea,0x95,0x40,0x3e,0x00,0x09,0x54,0x00,0x00,0x00,
0x02,0xf4,0x00,0x00,0x00,0x00,0x00,0x00,0x09,0x00,0x00,0x00,0x00,0x00,0x00,0x16,0xd0,0x00,0x00,0x00,
0x55,0x6a,0xff,0xff,0x00,0x00,0x3f,0xff,0xff,0xff,0xfa,0x50,0x00,0x03,0xff,0xaa,0xa5,0x50,0x00,0x00,
0x00,0x3d,0x00,0x00,0x00,0x00,0x00,0x00,0x03,0xc0,0x00,0x10,0x00,0x00,0x00,0x00,0x7c,0x00,0x0b,0x80,
0x00,0x00,0x00,0x07,0xc0,0x00,0xb8,0x00,0x00,0x00,0x00,0xb8,0x00,0x0b,0x80,0x00,0x00,0x00,0x0b,0x80,
0x00,0xb8,0x00,0x00,0x00,0x00,0xf4,0x00,0x0b,0x80,0x00,0x00,0x00,0x1f,0x00,0x00,0xb8,0x00,0x00,0x00,
0x02,0xff,0xff,0xff,0xff,0xff,0xfe,0x00,0x2f,0xff,0xff,0xff,0xff,0xff,0xe0,0x01,0x55,0x55,0x5b,0x95,
0x55,0x55,0x00,0x00,0x00,0x00,0xb8,0x00,0x00,0x00,0x00,0x00,0x00,0x0b,0x80,0x00,0x00,0x00,0x00,0x64,
0x00,0xb8,0x01,0x80,0x00,0x00,0x0b,0x80,0x0b,0x80,0x2e,0x00,0x00,0x01,0xf4,0x00,0xb8,0x00,0xf8,0x00,
0x00,0x3e,0x00,0x0b,0x80,0x07,0xd0,0x00,0x0b,0xc0,0x00,0xb8,0x00,0x2f,0x40,0x02,0xf4,0x00,0x0b,0x80,
0x00,0xbc,0x00,0xbd,0x00,0x00,0xb8,0x00,0x03,0xe0,0x1f,0x80,0x00,0x0b,0x80,0x00,0x1f,0x41,0xe0,0x00,
0x00,0xb8,0x00,0x00,0xb4,0x00,0x00,0x1f,0xff,0x80,0x00,0x00,0x00,0x00,0x00,0xff,0xe0,0x00,0x00,0x00,
0x00,0x00,0x01,0x40,0x00,0x00,0x00,0x00,0x00,0x00,0x00,0x00,0x00,0x00,0x00,0x00,0x00,0x00,0x00,0x3c,
0x00,0x00,0x00,0x00,0x00,0x00,0x03,0xc0,0x00,0x00,0x00,0x00,0xb8,0x00,0x3c,0x00,0x00,0x00,0x00,0x0b,
0x80,0x03,0xc0,0x00,0x00,0x00,0x00,0xb8,0x00,0x3c,0x00,0x00,0x00,0x00,0x0b,0x80,0x03,0xc0,0x06,0xf0,
0x00,0x00,0xb8,0x00,0x3c,0x1b,0xff,0x40,0x00,0x0b,0x80,0x03,0xef,0xfe,0xf4,0x00,0x00,0xb8,0x01,0xbf,
0xf9,0x0f,0x00,0x00,0x0b,0x86,0xff,0xe4,0x00,0xf0,0x00,0x00,0xbf,0xff,0xbc,0x00,0x0f,0x00,0x00,0x6f,
0xfe,0x43,0xc0,0x00,0xf0,0x01,0xbf,0xf9,0x00,0x3c,0x00,0x1f,0x00,0x3f,0xeb,0x80,0x03,0xc0,0x01,0xf0,
0x02,0x90,0xb8,0x00,0x3c,0x00,0x1e,0x00,0x00,0x0b,0x80,0x03,0xc0,0x02,0xe0,0x00,0x00,0xb8,0x00,0x3c,
0x00,0x2d,0x00,0x00,0x0b,0x80,0x03,0xc0,0x07,0xd0,0x00,0x00,0xb8,0x00,0x3c,0x3f,0xf8,0x00,0x00,0x0b,
0x80,0x03,0xc3,0xfe,0x00,0x00,0x00,0xb8,0x00,0x3c,0x00,0x00,0x40,0x00,0x0b,0x80,0x03,0xc0,0x00,0x0b,
0x40,0x00,0xb8,0x00,0x00,0x00,0x00,0xb4,0x00,0x0b,0x80,0x00,0x00,0x00,0x0f,0x40,0x00,0x78,0x00,0x00,
0x00,0x01,0xf0,0x00,0x07,0xe4,0x00,0x00,0x00,0x7e,0x00,0x00,0x2f,0xff,0xff,0xff,0xff,0xd0,0x00,0x00,
0x6f,0xff,0xff,0xff,0xe0,0x00,0x00,0x00,0x00,0x00,0x00,0x00,0x00,0x00,0x3f,0xff,0xff,0xff,0xff,0xfe,
0x00,0x03,0xff,0xff,0xff,0xff,0xff,0xf4,0x00,0x15,0x55,0x55,0x55,0x55,0xfd,0x00,0x00,0x00,0x00,0x00,
0x00,0x3f,0x80,0x00,0x00,0x00,0x00,0x00,0x1f,0xd0,0x00,0x00,0x00,0x00,0x00,0x0b,0xf4,0x00,0x00,0x00,
0x00,0x00,0x02,0xf8,0x00,0x00,0x00,0x00,0x00,0x02,0xfe,0x00,0x00,0x00,0x00,0x00,0x00,0xfe,0x40,0x00,
0x00,0x00,0x00,0x00,0x0f,0x80,0x00,0x00,0x00,0x00,0x00,0x00,0xf4,0x00,0x00,0x00,0x00,0x00,0x00,0x0f,
0x40,0x00,0x00,0x00,0x00,0x00,0x00,0xf4,0x00,0x00,0x00,0x00,0x00,0x00,0x0f,0x40,0x00,0x00,0x00,0x00,
0x00,0x00,0xf4,0x00,0x00,0x00,0x00,0x00,0x00,0x0f,0x40,0x00,0x00,0x00,0x00,0x00,0x00,0xf4,0x00,0x00,
0x00,0x00,0x00,0x00,0x0f,0x40,0x00,0x00,0x00,0x00,0x00,0x00,0xf4,0x00,0x00,0x00,0x00,0x00,0x00,0x0f,
0x40,0x00,0x00,0x00,0x00,0x00,0x00,0xf4,0x00,0x00,0x00,0x00,0x00,0x00,0x0f,0x40,0x00,0x00,0x00,0x00,
0x00,0x00,0xf4,0x00,0x00,0x00,0x00,0x00,0x00,0x1f,0x40,0x00,0x00,0x00,0x00,0x1f,0xff,0xf0,0x00,0x00,
0x00,0x00,0x00,0xbf,0xfd,0x00,0x00,0x00,0x00,0x00,0x01,0x54,0x00,0x00,0x00,0x00,0x00,0x3f,0xff,0xff,
0xff,0xff,0xd0,0x00,0x03,0xff,0xff,0xff,0xff,0xfd,0x00,0x00,0x15,0x55,0x55,0x55,0x55,0x40,0x00,0x00,
0x00,0x00,0x00,0x00,0x00,0x00,0x00,0x00,0x00,0x00,0x00,0x00,0x00,0x00,0x00,0x00,0x00,0x00,0x00,0x00,
0x00,0x00,0x00,0x00,0x00,0x00,0x00,0x00,0x00,0x00,0x00,0x00,0x00,0x00,0x00,0x00,0x00,0x00,0x00,0x00,
0x00,0x00,0x00,0x01,0xff,0xff,0xff,0xff,0xff,0xff,0xf4,0x1f,0xff,0xff,0xff,0xff,0xff,0xff,0x40,0x55,
0x55,0x7f,0x55,0x55,0x55,0x50,0x00,0x00,0x0b,0xd0,0x00,0x00,0x00,0x00,0x00,0x00,0xfc,0x00,0x00,0x00,
0x00,0x00,0x00,0x2f,0x40,0x01,0x80,0x00,0x00,0x00,0x07,0xe0,0x00,0x3e,0x00,0x00,0x00,0x00,0xbc,0x00,
0x01,0xf4,0x00,0x00,0x00,0x1f,0x80,0x00,0x0b,0xc0,0x00,0x00,0x03,0xe0,0x00,0x00,0x7e,0x00,0x00,0x00,
0xbd,0x00,0x00,0x02,0xf4,0x00,0x00,0x2f,0x40,0x00,0x00,0x0f,0xc0,0x00,0x07,0xe0,0x55,0xaa,0xff,0xfe,
0x00,0x01,0xff,0xff,0xff,0xff,0xff,0xf4,0x00,0x1f,0xff,0xff,0xea,0x95,0x0f,0x80,0x00,0xea,0x54,0x00,
0x00,0x00,0x7d,0x00,0x00,0x00,0x00,0x00,0x00,0x03,0x90,0x00,0x00,0x00,0x00,0x00,0x00,0x00,0x00,0x00,
0x00,0x00,0x00,0x00,0x00,0x00,0x00,0x00,0x0b,0x40,0x00,0xb4,0x00,0x00,0x00,0x00,0xf4,0x00,0x0b,0x80,
0x00,0x00,0x00,0x1f,0x00,0x00,0xb8,0x00,0x00,0x00,0x02,0xe0,0x00,0x0b,0x80,0x00,0x00,0x00,0x7d,0x00,
0x00,0xb8,0x00,0x00,0x00,0x0b,0x80,0x00,0x0b,0x80,0x00,0x00,0x01,0xf4,0x00,0x00,0xb8,0x00,0x00,0x00,
0x3f,0x00,0x00,0x0b,0x80,0x00,0x00,0x0b,0xf0,0x00,0x00,0xb8,0x00,0x00,0x01,0xff,0x00,0x00,0x0b,0x80,
0x00,0x00,0x3f,0xf0,0x55,0x55,0xf9,0x55,0x50,0x0f,0xef,0x1f,0xff,0xff,0xff,0xff,0x82,0xf5,0xf1,0xff,
0xff,0xff,0xff,0xf8,0x1e,0x1f,0x00,0x00,0x0b,0x80,0x00,0x00,0x81,0xf0,0x00,0x00,0xb8,0x00,0x00,0x00,
0x1f,0x00,0x00,0x0b,0x80,0x00,0x00,0x01,0xf0,0x00,0x00,0xb8,0x00,0x00,0x00,0x1f,0x00,0x00,0x0b,0x80,
0x00,0x00,0x01,0xf0,0x00,0x00,0xb8,0x00,0x00,0x00,0x1f,0x00,0x00,0x0b,0x80,0x00,0x00,0x01,0xf0,0x00,
0x00,0xb8,0x00,0x00,0x00,0x1f,0x00,0x00,0x0b,0x80,0x00,0x00,0x01,0xf0,0x00,0x00,0xb8,0x00,0x00,0x00,
0x1f,0x00,0x00,0x0b,0x80,0x00,0x00,0x01,0xf0,0x00,0x00,0xb8,0x00,0x00,0x00,0x1f,0x00,0x00,0x0b,0x80,
0x00,0x00,0x01,0xf0,0x00,0x00,0xb8,0x00,0x00,0x00,0x1f,0x00,0x00,0x0b,0x80,0x00,0x00,0x00,0x50,0x00,
0x00,0x50,0x00,0x00,0x00,0x00,0x00,0x00,0x00,0x00,0x00,0x00,0x00,0x00,0x00,0xf8,0x00,0x00,0x00,0x00,
0x00,0x00,0x2f,0x80,0x00,0x00,0x00,0x00,0x00,0x07,0xfd,0x00,0x00,0x00,0x00,0x00,0x01,0xfa,0xf4,0x00,
0x00,0x00,0x00,0x00,0x7e,0x0b,0xd0,0x00,0x00,0x00,0x00,0x1f,0xc0,0x2f,0x80,0x00,0x00,0x00,0x0b,0xf0,
0x00,0xbe,0x00,0x00,0x00,0x07,0xf8,0x00,0x02,0xfd,0x00,0x00,0x01,0xfe,0x07,0x40,0x07,0xf8,0x00,0x01,
0xbf,0x40,0xfd,0x00,0x1f,0xf4,0x01,0xbf,0xd0,0x02,0xf8,0x00,0x2f,0xf4,0x2f,0xe0,0x00,0x0b,0xe0,0x00,
0x7f,0x40,0xa0,0x00,0x00,0x2f,0x80,0x00,0x90,0x00,0x00,0x00,0x00,0x74,0x00,0x00,0x00,0x00,0x00,0x00,
0x01,0x00,0x00,0x00,0x00,0x7f,0xff,0xff,0xff,0xff,0xd0,0x00,0x07,0xff,0xff,0xff,0xff,0xfd,0x00,0x00,
0x15,0x55,0x55,0x55,0x6f,0x40,0x00,0x00,0x00,0x00,0x00,0x07,0xe0,0x00,0x00,0x00,0x00,0x00,0x00,0xfc,
0x00,0x00,0x00,0x00,0x00,0x00,0x2f,0x40,0x00,0x00,0x00,0x00,0x00,0x0b,0xd0,0x00,0x00,0x00,0x00,0x00,
0x01,0xf8,0x00,0x00,0x00,0x00,0x00,0x00,0x7f,0x00,0x00,0x00,0x00,0x00,0x00,0x0f,0xc0,0x00,0x00,0x00,
0x00,0x00,0x02,0xf4,0x00,0x00,0x00,0x00,0x00,0x00,0xbe,0x00,0x00,0x00,0x00,0x00,0x00,0x0b,0x80,0x00,
0x00,0x00,0x00,0x00,0x00,0x00,0x00,0x00,0x00,0x00,0x00,0x00,0x00,0x00,0x00,0x00,0x00,0x00,0x1e,0x00,
0x00,0x00,0x00,0x00,0x00,0x02,0xe0,0x00,0x00,0x00,0x00,0x00,0x00,0x3d,0x2f,0xff,0xff,0xff,0xd0,0x00,
0x0b,0xc2,0xff,0xff,0xff,0xfe,0x00,0x00,0xf4,0x00,0x00,0x00,0x2f,0x80,0x00,0x2f,0x00,0x00,0x00,0x0b,
0xe0,0x00,0x03,0xd0,0x00,0x00,0x02,0xf4,0x00,0x00,0xbc,0x00,0x00,0x01,0xfd,0x00,0x00,0x1f,0xc0,0x00,
0x00,0xbe,0x00,0x00,0x03,0xfc,0x00,0x00,0x0f,0x80,0x00,0x00,0xbf,0xc0,0x00,0x00,0xf4,0x00,0x00,0x2f,
0xbc,0x00,0x00,0x0f,0x40,0x00,0x02,0xe7,0xc0,0x00,0x00,0xf4,0x00,0x00,0x08,0x7c,0x2f,0xff,0xff,0xff,
0xff,0x80,0x07,0xc2,0xff,0xff,0xff,0xff,0xf8,0x00,0x7c,0x05,0x55,0x5f,0x55,0x55,0x00,0x07,0xc0,0x00,
0x00,0xf4,0x00,0x00,0x00,0x7c,0x00,0x00,0x0f,0x40,0x00,0x00,0x07,0xc0,0x00,0x00,0xf4,0x00,0x00,0x00,
0x7c,0x00,0x00,0x0f,0x40,0x00,0x00,0x07,0xc0,0x00,0x00,0xf4,0x00,0x00,0x00,0x7c,0x00,0x00,0x0f,0x40,
0x00,0x00,0x07,0xc0,0x00,0x00,0xf4,0x00,0x00,0x00,0x7c,0x00,0x00,0x0f,0x40,0x00,0x00,0x07,0xc0,0x00,
0x00,0xf4,0x00,0x00,0x00,0x7c,0x00,0x15,0x5f,0x40,0x00,0x00,0x07,0xc0,0x07,0xff,0xf0,0x00,0x00,0x00,
0x7c,0x00,0x2f,0xf9,0x00,0x00,0x00,0x00,0x00,0x00,0x00,0x00,0x00,0x00,0x00,0x00,0x00,0x00,0x00,0x02,
0x80,0x00,0x01,0x40,0x00,0x00,0x00,0x7c,0x00,0x00,0x7d,0x00,0x90,0x00,0x07,0xc0,0x00,0x07,0xd0,0x1f,
0x40,0x00,0x7c,0x00,0x00,0x7d,0x00,0xbc,0x00,0x07,0xc0,0x00,0x07,0xd0,0x03,0xe0,0x00,0xb8,0x00,0x00,
0x7d,0x00,0x1f,0x40,0x0b,0x80,0x00,0x07,0xd0,0x00,0xbc,0x00,0xb8,0x00,0x00,0x7d,0x00,0x03,0xd0,0x0f,
0x40,0x00,0x07,0xd0,0x00,0x29,0x00,0xf4,0x00,0x00,0x7d,0x00,0x00,0x00,0x1f,0x00,0x00,0x07,0xd0,0x00,
0x00,0x02,0xf0,0x00,0x00,0x7d,0x00,0x00,0x00,0x2e,0x00,0x00,0x07,0xd0,0x00,0x00,0x03,0xd0,0x00,0x00,
0x7d,0x00,0x00,0x00,0x7c,0x00,0x00,0x07,0xd0,0x00,0x00,0x0b,0x80,0x00,0x00,0x7d,0x00,0x14,0x00,0xf4,
0x00,0x00,0x07,0xd0,0x2f,0x80,0x2f,0x00,0x00,0x00,0x7d,0x2f,0xf4,0x07,0xfc,0x00,0x00,0x07,0xef,0xf4,
0x00,0xff,0xe0,0x00,0x00,0xbf,0xf4,0x00,0x2f,0x5f,0x80,0x00,0x1f,0xf4,0x00,0x0b,0xd0,0x7e,0x00,0x02,
0xf4,0x00,0x07,0xf8,0x01,0xf8,0x00,0x08,0x00,0x01,0xfe,0x00,0x07,0xe0,0x00,0x00,0x01,0xff,0x40,0x00,
0x2f,0x40,0x00,0x00,0x7f,0x80,0x00,0x00,0xf8,0x00,0x00,0x01,0x90,0x00,0x00,0x05,0x00,0x00,0x00,0x00,
0x00,0x00,0x00,0x00,0x00,0x00,0x2d,0x00,0x02,0xe0,0x00,0x00,0x00,0x03,0xd0,0x00,0x2e,0x00,0x00,0x00,
0x00,0x78,0x00,0x02,0xe0,0x00,0x00,0x00,0x0f,0x40,0x00,0x2e,0x00,0x00,0x00,0x01,0xf0,0x00,0x02,0xe0,
0x00,0x00,0x00,0x2e,0x00,0x00,0x2e,0x00,0x00,0x00,0x07,0xc3,0xff,0xff,0xff,0xff,0xf8,0x00,0xfc,0x3f,
0xff,0xff,0xff,0xff,0x80,0x2f,0xc1,0x55,0x5f,0xfd,0x55,0x50,0x03,0xfc,0x00,0x01,0xff,0xe0,0x00,0x00,
0xff,0xc0,0x00,0x3e,0xef,0x00,0x00,0x2f,0x7c,0x00,0x07,0xae,0xb4,0x00,0x02,0xe7,0xc0,0x00,0xb6,0xe7,
0xc0,0x00,0x18,0x7c,0x00,0x1e,0x2e,0x2d,0x00,0x00,0x07,0xc0,0x03,0xd2,0xe1,0xf0,0x00,0x00,0x7c,0x00,
0xb8,0x2e,0x0b,0x80,0x00,0x07,0xc0,0x1f,0x42,0xe0,0x7d,0x00,0x00,0x7c,0x03,0xe0,0x2e,0x02,0xf0,0x00,
0x07,0xc0,0xbc,0x02,0xe0,0x0f,0x80,0x00,0x7c,0x2f,0x40,0x2e,0x00,0x7e,0x00,0x07,0xcb,0xeb,0xff,0xff,
0xf6,0xf8,0x00,0x7c,0xb8,0xbf,0xff,0xff,0x4b,0x80,0x07,0xc2,0x00,0x02,0xe0,0x00,0x10,0x00,0x7c,0x00,
0x00,0x2e,0x00,0x00,0x00,0x07,0xc0,0x00,0x02,0xe0,0x00,0x00,0x00,0x7c,0x00,0x00,0x2e,0x00,0x00,0x00,
0x07,0xc0,0x00,0x02,0xe0,0x00,0x00,0x00,0x7c,0x00,0x00,0x2e,0x00,0x00,0x00,0x00,0x00,0x00,0x00,0x00,
0x00,0x00,0x00,0x00,0x00,0x00,0x00,0x00,0x00,0x00,0x00,0x1e,0x01,0xe0,0x00,0x00,0x00,0x00,0x02,0xe0,
0x1f,0x00,0x00,0x00,0x00,0x00,0x3d,0x02,0xe0,0x00,0x00,0x00,0x00,0x0b,0xc0,0x3d,0x00,0x00,0x00,0x00,
0x00,0xf4,0x07,0xc0,0x00,0x00,0x00,0x00,0x2f,0x00,0xb8,0x00,0x00,0x00,0x00,0x07,0xd0,0x0f,0xff,0xff,
0xff,0xf8,0x00,0xbc,0x02,0xff,0xff,0xff,0xff,0x80,0x1f,0xc0,0x3e,0x00,0xb8,0x00,0xf4,0x07,0xfc,0x07,
0xc0,0x0b,0x80,0x0f,0x00,0xff,0xc0,0xf8,0x00,0xb8,0x00,0xf0,0x2f,0x7c,0x2f,0x00,0x0b,0x80,0x1e,0x07,
0xd7,0xc1,0xd0,0x00,0xb8,0x01,0x90,0x28,0x7c,0x00,0x29,0x0b,0x82,0xc0,0x01,0x07,0xc0,0x03,0xd0,0xb8,
0x3d,0x00,0x00,0x7c,0x00,0x7c,0x0b,0x81,0xf0,0x00,0x07,0xc0,0x0b,0x80,0xb8,0x0f,0x40,0x00,0x7c,0x00,
0xf4,0x0b,0x80,0xb8,0x00,0x07,0xc0,0x1f,0x00,0xb8,0x07,0xd0,0x00,0x7c,0x02,0xe0,0x0b,0x80,0x3d,0x00,
0x07,0xc0,0x7d,0x00,0xb8,0x02,0xe0,0x00,0x7c,0x0b,0x80,0x0b,0x80,0x1f,0x00,0x07,0xc1,0xf4,0x00,0xb8,
0x00,0xf4,0x00,0x7c,0x0a,0x00,0x0b,0x80,0x0a,0x40,0x07,0xc0,0x00,0x00,0xb8,0x00,0x00,0x00,0x7c,0x00,
0x00,0x0b,0x80,0x00,0x00,0x07,0xc0,0x00,0x3f,0xf4,0x00,0x00,0x00,0x7c,0x00,0x02,0xfe,0x00,0x00,0x00,
0x01,0x40,0x00,0x05,0x00,0x00,0x00,0x00,0x01,0x90,0x00,0x00,0x00,0x00,0x00,0x00,0x2e,0x00,0x00,0x00,
0x00,0x00,0x00,0x07,0xdf,0xff,0xff,0xff,0xff,0x40,0x00,0xb9,0xff,0xff,0xff,0xff,0xf4,0x00,0x0f,0x40,
0x00,0x0f,0x40,0x00,0x00,0x02,0xf0,0x00,0x00,0xf4,0x00,0x00,0x00,0x3d,0x06,0xaa,0xaf,0xaa,0xa9,0x00,
0x0b,0xc0,0x7f,0xff,0xff,0xff,0xd0,0x01,0xfc,0x07,0x80,0x0f,0x40,0x3d,0x00,0x2f,0xc0,0x78,0x00,0xf4,
0x03,0xd0,0x0b,0xfc,0x07,0x80,0x0f,0x40,0x3d,0x01,0xfb,0xc0,0x7e,0xaa,0xfa,0xab,0xd0,0x2f,0x7c,0x07,
0xff,0xff,0xff,0xfd,0x01,0xd7,0xc0,0x78,0x00,0xf4,0x03,0xd0,0x04,0x7c,0x07,0x80,0x0f,0x40,0x3d,0x00,
0x07,0xc0,0x78,0x00,0xf4,0x03,0xd0,0x00,0x7c,0x07,0xea,0xaf,0xaa,0xbd,0x00,0x07,0xc0,0x7f,0xff,0xff,
0xff,0xd0,0x00,0x7c,0x00,0x00,0x1f,0x00,0x00,0x00,0x07,0xc0,0xb4,0x02,0xe0,0x00,0x00,0x00,0x7c,0x07,
0xd0,0x3d,0x00,0x00,0x00,0x07,0xc0,0x2f,0x4b,0xc0,0x00,0x00,0x00,0x7c,0x00,0xbe,0xf4,0x00,0x00,0x00,
0x07,0xc0,0x01,0xff,0x40,0x00,0x00,0x00,0x7c,0x00,0x6f,0xfe,0x50,0x00,0x00,0x07,0xc0,0x6f,0xd6,0xff,
0xea,0x54,0x00,0x7c,0xbf,0xe0,0x01,0xbf,0xff,0x80,0x07,0xc3,0xe4,0x00,0x00,0x56,0xb0,0x00,0x00,0x00,
0x00,0x00,0x00,0x00,0x00,0x00,0x00,0x00,0x00,0x00,0x00,0x00,0x00,0x00,0x0f,0x40,0x00,0x00,0x00,0x00,
0x00,0x01,0xf2,0xff,0xff,0xff,0xfc,0x00,0x00,0x3d,0x2f,0xff,0xff,0xff,0xc0,0x00,0x07,0xc2,0xe0,0x00,
0x00,0x7c,0x00,0x00,0xf8,0x2e,0x00,0x00,0x07,0xc0,0x00,0x1f,0x02,0xe0,0x00,0x00,0x7c,0x00,0x03,0xe0,
0x2e,0x00,0x00,0x07,0xc0,0x00,0xbd,0x02,0xe0,0x00,0x00,0x7c,0x00,0x1f,0xd0,0x2e,0x00,0x00,0x07,0xc0,
0x03,0xfd,0x02,0xff,0xff,0xff,0xfc,0x00,0xff,0xd0,0x2f,0xff,0xff,0xff,0xc0,0x2f,0x6d,0x00,0x00,0x0f,
0x40,0x00,0x03,0xe2,0xd0,0x00,0x00,0xf4,0x00,0x00,0x18,0x2d,0x00,0x00,0x0f,0x40,0x00,0x00,0x02,0xd0,
0x00,0x00,0xf4,0x00,0x00,0x00,0x2d,0x2f,0xff,0xff,0xff,0xff,0x80,0x02,0xd2,0xff,0xff,0xff,0xff,0xf8,
0x00,0x2d,0x00,0x00,0xbf,0xf0,0x00,0x00,0x02,0xd0,0x00,0x1f,0xff,0x80,0x00,0x00,0x2d,0x00,0x07,0xdf,
0x7d,0x00,0x00,0x02,0xd0,0x00,0xf8,0xf5,0xf0,0x00,0x00,0x2d,0x00,0x3e,0x0f,0x4b,0xc0,0x00,0x02,0xd0,
0x1f,0xc0,0xf4,0x3f,0x00,0x00,0x2d,0x07,0xf0,0x0f,0x40,0xfd,0x00,0x02,0xd2,0xfc,0x00,0xf4,0x07,0xf8,
0x00,0x2d,0x7e,0x00,0x0f,0x40,0x0f,0xc0,0x02,0xd1,0x40,0x00,0xf4,0x00,0x24,0x00,0x2d,0x00,0x00,0x0f,
0x40,0x00,0x00,0x00,0x40,0x00,0x00,0x50,0x00,0x00,0x00,0x00,0x00,0x00,0x00,0x00,0x00,0x00,0x00,0x2d,
0x00,0x07,0x80,0x00,0x00,0x00,0x03,0xd0,0x00,0x7d,0x00,0x00,0x00,0x00,0x7c,0x00,0x02,0xe0,0x00,0x00,
0x00,0x0b,0x40,0x00,0x1f,0x00,0x00,0x00,0x01,0xf0,0x00,0x00,0x90,0x00,0x00,0x00,0x2e,0x2f,0xff,0xff,
0xff,0xff,0x40,0x07,0xd2,0xff,0xff,0xff,0xff,0xf4,0x00,0xbc,0x00,0x00,0x00,0x00,0x00,0x00,0x1f,0xc0,
0x00,0x00,0x00,0x00,0x00,0x03,0xfc,0x01,0xff,0xff,0xff,0xf0,0x00,0xbf,0xc0,0x2f,0xff,0xff,0xff,0x00,
0x2f,0x7c,0x00,0x00,0x00,0x00,0x00,0x03,0xe3,0xc0,0x00,0x00,0x00,0x00,0x00,0x1c,0x3c,0x00,0x00,0x00,
0x00,0x00,0x00,0x43,0xc0,0x2f,0xff,0xff,0xff,0x00,0x00,0x3c,0x01,0xff,0xff,0xff,0xf0,0x00,0x03,0xc0,
0x00,0x00,0x00,0x00,0x00,0x00,0x3c,0x00,0x00,0x00,0x00,0x00,0x00,0x03,0xc0,0x2f,0xff,0xff,0xff,0x40,
0x00,0x3c,0x03,0xff,0xff,0xff,0xf4,0x00,0x03,0xc0,0x3c,0x00,0x00,0x0b,0x40,0x00,0x3c,0x03,0xc0,0x00,
0x00,0xb4,0x00,0x03,0xc0,0x3c,0x00,0x00,0x0b,0x40,0x00,0x3c,0x03,0xc0,0x00,0x00,0xb4,0x00,0x03,0xc0,
0x3c,0x00,0x00,0x0b,0x40,0x00,0x3c,0x03,0xff,0xff,0xff,0xf4,0x00,0x03,0xc0,0x3f,0xff,0xff,0xff,0x40,
0x00,0x3c,0x03,0xc0,0x00,0x00,0xb4,0x00,0x01,0x40,0x14,0x00,0x00,0x00,0x00,0x00,0x00,0x18,0x00,0x00,
0x00,0x00,0x00,0x00,0x02,0xe0,0x00,0x00,0x00,0x00,0x00,0x00,0x1f,0xc0,0x00,0x00,0x00,0x00,0x00,0x00,
0x7f,0x00,0x00,0x00,0x00,0x00,0x00,0x01,0xf8,0x00,0x00,0x00,0x00,0x00,0x00,0x07,0xe0,0x00,0x00,0x00,
0x00,0x00,0x00,0x2f,0x40,0x00,0x00,0x00,0x00,0x00,0x02,0xf8,0x00,0x00,0x00,0x00,0x00,0x00,0x3f,0xd0,
0x00,0x00,0x00,0x00,0x00,0x03,0xff,0x00,0x00,0x00,0x00,0x00,0x00,0x7d,0xf4,0x00,0x00,0x00,0x00,0x00,
0x0b,0xcb,0xc0,0x00,0x00,0x00,0x00,0x00,0xf8,0x7d,0x00,0x00,0x00,0x00,0x00,0x2f,0x02,0xf0,0x00,0x00,
0x00,0x00,0x03,0xe0,0x0f,0x80,0x00,0x00,0x00,0x00,0xbd,0x00,0xbc,0x00,0x00,0x00,0x00,0x0f,0x80,0x03,
0xe0,0x00,0x00,0x00,0x02,0xf4,0x00,0x2f,0x40,0x00,0x00,0x00,0x7e,0x00,0x00,0xfc,0x00,0x00,0x00,0x1f,
0xc0,0x00,0x07,0xe0,0x00,0x00,0x03,0xf4,0x00,0x00,0x2f,0x80,0x00,0x00,0xfd,0x00,0x00,0x00,0xfe,0x00,
0x00,0x7f,0x80,0x00,0x00,0x07,0xf8,0x00,0x1f,0xe0,0x00,0x00,0x00,0x1f,0xf4,0x1b,0xf4,0x00,0x00,0x00,
0x00,0x7f,0x81,0xfd,0x00,0x00,0x00,0x00,0x01,0xb4,0x02,0x00,0x00,0x00,0x00,0x00,0x01,0x00,0x00,0x00,
0x00,0x05,0x00,0x00,0x00,0x00,0x00,0x00,0x00,0xf8,0x00,0x00,0x00,0x00,0x00,0x00,0x2f,0x80,0x00,0x00,
0x00,0x00,0x00,0x0b,0xfe,0x00,0x00,0x00,0x00,0x00,0x01,0xf5,0xf4,0x00,0x00,0x00,0x00,0x00,0xbd,0x07,
0xe0,0x00,0x00,0x00,0x00,0x2f,0x40,0x1f,0x80,0x00,0x00,0x00,0x0b,0xe0,0x00,0x7e,0x00,0x00,0x00,0x07,
0xf8,0x00,0x01,0xfd,0x00,0x00,0x01,0xfd,0x00,0x00,0x07,0xf8,0x00,0x01,0xbe,0x00,0x00,0x00,0x0b,0xf4,
0x00,0xbf,0x80,0x00,0x00,0x00,0x1f,0xe0,0x3f,0xdf,0xff,0xff,0xff,0xff,0x6f,0xc0,0xd0,0xff,0xff,0xff,
0xff,0xf4,0x74,0x00,0x00,0x00,0x1f,0x40,0x00,0x00,0x00,0x00,0x00,0x01,0xf0,0x00,0x00,0x00,0x00,0x00,
0x00,0x1f,0x00,0x00,0x00,0x00,0x00,0x00,0x01,0xf0,0x00,0x00,0x00,0x00,0x00,0x00,0x1f,0x00,0x00,0x00,
0x00,0x00,0xff,0xff,0xff,0xff,0xf4,0x00,0x00,0x0f,0xff,0xff,0xff,0xff,0x40,0x00,0x00,0x00,0x01,0xf4,
0x00,0x00,0x00,0x00,0x00,0x00,0x1f,0x00,0x00,0x00,0x00,0x00,0x00,0x01,0xf0,0x00,0x00,0x00,0x00,0x00,
0x00,0x1f,0x00,0x00,0x00,0x00,0x00,0x00,0x01,0xf0,0x00,0x00,0x00,0x0b,0xff,0xff,0xff,0xff,0xff,0xff,
0x00,0xbf,0xff,0xff,0xff,0xff,0xff,0xf0,0x00,0x00,0x00,0x00,0x00,0x00,0x00,0x00,0x00,0x00,0x00,0x00,
0x00,0x00,0x00,0x00,0x00,0x68,0x00,0x00,0x03,0xd0,0x00,0x00,0x07,0xd0,0x00,0x00,0x7d,0x00,0x00,0x00,
0x1f,0x40,0x00,0x0f,0x80,0x00,0x00,0x00,0xbc,0x00,0x01,0xf0,0x00,0x00,0x00,0x07,0xd0,0x00,0x3d,0x00,
0x00,0x00,0x00,0x2d,0x00,0x0b,0x80,0x00,0x00,0x15,0x55,0x55,0x55,0xf5,0x55,0x40,0x03,0xff,0xff,0xff,
0xff,0xff,0xfd,0x00,0x3f,0xff,0xff,0xff,0xff,0xff,0xd0,0x00,0x00,0x00,0x00,0x00,0x00,0x00,0x00,0x00,
0x00,0x00,0x00,0x00,0x00,0x00,0x00,0x00,0x00,0x00,0x00,0x00,0x00,0x00,0x00,0x00,0x00,0x00,0x00,0x00,
0x00,0x00,0x00,0x00,0x00,0x00,0x00,0x00,0x00,0x00,0x00,0x00,0x00,0x00,0x00,0x00,0x00,0xbf,0xff,0xff,
0xff,0xff,0xc0,0x00,0x0b,0xff,0xff,0xff,0xff,0xfc,0x00,0x00,0x15,0x55,0x55,0x55,0x55,0x40,0x00,0x00,
0x00,0x00,0x00,0x00,0x00,0x00,0x00,0x00,0x00,0x00,0x00,0x00,0x00,0x00,0x00,0x00,0x00,0x00,0x00,0x00,
0x00,0x00,0x00,0x00,0x00,0x00,0x00,0x00,0x00,0x00,0x00,0x00,0x00,0x00,0x00,0x00,0x00,0x00,0x00,0x00,
0x00,0x00,0x00,0x00,0x55,0x55,0x55,0x55,0x55,0x55,0x50,0x1f,0xff,0xff,0xff,0xff,0xff,0xff,0x41,0xff,
0xff,0xff,0xff,0xff,0xff,0xf4,0x00,0x00,0x00,0x00,0x00,0x00,0x00,0x00,0x00,0x18,0x00,0x00,0x03,0x90,
0x00,0x00,0x03,0xe0,0x00,0x00,0x7d,0x00,0x00,0x00,0x1f,0x40,0x00,0x0b,0xc0,0x00,0x00,0x00,0xb8,0x00,
0x01,0xf4,0x00,0x00,0x00,0x07,0xd0,0x00,0x2e,0x00,0x00,0x00,0x00,0x3e,0x00,0x07,0xd0,0x00,0x00,0x05,
0x56,0x95,0x55,0xf9,0x55,0x00,0x00,0xff,0xff,0xff,0xff,0xff,0xf4,0x00,0x0f,0xff,0xff,0xff,0xff,0xff,
0x40,0x00,0x00,0x00,0x1f,0x40,0x00,0x00,0x00,0x00,0x00,0x01,0xf4,0x00,0x00,0x00,0x00,0x00,0x00,0x1f,
0x40,0x00,0x00,0x00,0x00,0x00,0x01,0xf4,0x00,0x00,0x00,0x00,0x00,0x00,0x1f,0x40,0x00,0x00,0x00,0xff,
0xff,0xff,0xff,0xff,0xff,0xf0,0x0f,0xff,0xff,0xff,0xff,0xff,0xff,0x00,0x55,0x55,0x57,0xfd,0x55,0x55,
0x50,0x00,0x00,0x00,0x7f,0xe0,0x00,0x00,0x00,0x00,0x00,0x0b,0xdf,0x40,0x00,0x00,0x00,0x00,0x01,0xf8,
0xbc,0x00,0x00,0x00,0x00,0x00,0x7f,0x43,0xf0,0x00,0x00,0x00,0x00,0x1f,0xd0,0x1f,0xc0,0x00,0x00,0x00,
0x07,0xf8,0x00,0x7f,0x40,0x00,0x00,0x02,0xfe,0x00,0x01,0xfe,0x00,0x00,0x02,0xff,0x40,0x00,0x07,0xfd,
0x00,0x06,0xff,0x80,0x00,0x00,0x0b,0xfe,0x41,0xff,0x90,0x00,0x00,0x00,0x1f,0xf4,0x07,0x90,0x00,0x00,
0x00,0x00,0x1a,0x00,0x00,0x00,0x00,0x00,0x00,0x00,0x00,0x00,0x03,0xd0,0x00,0x00,0x78,0x00,0x00,0x00,
0x3d,0x00,0x00,0x07,0x80,0x00,0x00,0x03,0xd0,0x00,0x00,0x78,0x00,0x00,0xbf,0xff,0xff,0xff,0xff,0xff,
0xe0,0x0b,0xff,0xff,0xff,0xff,0xff,0xfe,0x00,0x00,0x3d,0x00,0x00,0x07,0xc0,0x00,0x00,0x03,0xd0,0x00,
0x00,0x78,0x00,0x00,0x00,0x3d,0x00,0x00,0x07,0x80,0x00,0x00,0x03,0xd0,0x00,0x00,0x78,0x00,0x00,0x00,
0x3f,0xff,0xff,0xff,0x80,0x00,0x00,0x03,0xff,0xff,0xff,0xf8,0x00,0x00,0x00,0x3d,0x00,0x00,0x07,0x80,
0x00,0x00,0x03,0xd0,0x00,0x00,0x78,0x00,0x00,0x00,0x3d,0x00,0x00,0x07,0x80,0x00,0x00,0x03,0xff,0xff,
0xff,0xf8,0x00,0x00,0x00,0x3f,0xff,0xff,0xff,0x80,0x00,0x00,0x03,0xd0,0x00,0x00,0x78,0x00,0x00,0x00,
0x3d,0x00,0x00,0x07,0x80,0x00,0x00,0x03,0xd0,0x00,0x00,0x78,0x00,0x00,0x00,0x3d,0x00,0x00,0x07,0xc0,
0x00,0x1f,0xff,0xff,0xff,0xff,0xff,0xff,0x41,0xff,0xff,0xff,0xff,0xff,0xff,0xf4,0x00,0x00,0x04,0x00,
0x00,0x00,0x00,0x00,0x00,0x06,0xf4,0x01,0xf9,0x00,0x00,0x00,0x06,0xfe,0x00,0x1b,0xfd,0x00,0x00,0x1b,
0xfe,0x40,0x00,0x06,0xfe,0x40,0x1b,0xfe,0x00,0x00,0x00,0x06,0xfe,0x00,0xb9,0x00,0x00,0x00,0x00,0x06,
0xd0,0x00,0x00,0x00,0x00,0x00,0x00,0x00,0x00,0x00,0x0b,0xff,0xff,0xff,0xff,0x00,0x00,0x00,0xbf,0xff,
0xff,0xff,0xf0,0x00,0x00,0x0b,0x80,0x00,0x00,0x1f,0x00,0x00,0x00,0xb8,0x00,0x00,0x01,0xf0,0x00,0x00,
0x0b,0x80,0x00,0x00,0x1f,0x00,0x00,0x00,0xbf,0xff,0xff,0xff,0xf0,0x00,0x00,0x0b,0xea,0xaa,0xaa,0xaf,
0x00,0x00,0x00,0xb8,0x00,0x00,0x01,0xf0,0x00,0x00,0x0b,0x80,0x00,0x00,0x1f,0x00,0x00,0x00,0xbe,0xaa,
0xaa,0xaa,0xf0,0x00,0x00,0x0b,0xff,0xff,0xff,0xff,0x00,0x00,0x00,0xb8,0x00,0x00,0x01,0xf0,0x00,0x00,
0x0b,0x80,0x00,0x00,0x1f,0x00,0x00,0x00,0xb8,0x00,0x00,0x01,0xf0,0x00,0x00,0x0b,0xff,0xff,0xff,0xff,
0x00,0x00,0x00,0xbe,0xaa,0xaa,0xaa,0xf0,0x00,0x00,0x0b,0x80,0x00,0x00,0x1f,0x00,0x00,0x00,0xb8,0x00,
0x00,0x01,0xf0,0x00,0x1f,0xff,0xff,0xff,0xff,0xff,0xff,0x81,0xff,0xff,0xff,0xff,0xff,0xff,0xf8,0x00,
0x00,0x14,0x00,0x02,0x40,0x00,0x00,0x00,0x0b,0xe0,0x00,0xbe,0x40,0x00,0x00,0x07,0xfc,0x00,0x02,0xfe,
0x40,0x00,0x02,0xfe,0x00,0x00,0x06,0xfe,0x00,0x02,0xfe,0x40,0x00,0x00,0x07,0xfd,0x01,0xff,0x40,0x00,
0x00,0x00,0x0b,0xf8,0x0b,0x40,0x00,0x00,0x00,0x00,0x1e,0x00,0x00,0x00,0x00,0x00,0x00,0x00,0x00,0x00,
0x00,0x00,0x00,0x00,0x00,0x00,0x00,0xbf,0xff,0xff,0xff,0xff,0xff,0xe0,0x0b,0xff,0xff,0xff,0xff,0xff,
0xfe,0x00,0x00,0x00,0x01,0xf0,0x00,0x00,0x00,0x00,0x00,0x00,0x1f,0x00,0x00,0x00,0x00,0x00,0x00,0x01,
0xf0,0x00,0x00,0x00,0x00,0x7f,0xff,0xff,0xff,0xff,0xd0,0x00,0x07,0xff,0xff,0xff,0xff,0xfd,0x00,0x00,
0x7c,0x00,0x1f,0x00,0x03,0xd0,0x00,0x07,0xc0,0x01,0xf0,0x00,0x3d,0x00,0x00,0x7c,0x00,0x1f,0x00,0x03,
0xd0,0x00,0x07,0xc0,0x01,0xf0,0x00,0x3d,0x00,0x00,0x7f,0xff,0xff,0xff,0xff,0xd0,0x00,0x07,0xff,0xff,
0xff,0xff,0xfd,0x00,0x00,0x7c,0x00,0x1f,0x00,0x03,0xd0,0x00,0x07,0xc0,0x01,0xf0,0x00,0x3d,0x00,0x00,
0x7c,0x00,0x1f,0x00,0x03,0xd0,0x00,0x07,0xc0,0x01,0xf0,0x00,0x3d,0x00,0x2f,0xff,0xff,0xff,0xff,0xff,
0xff,0xc2,0xff,0xff,0xff,0xff,0xff,0xff,0xfc,0x00,0x7c,0x00,0x00,0x00,0x03,0xd0,0x00,0x07,0xc0,0x00,
0x00,0x00,0x3d,0x00,0x00,0x7c,0x00,0x00,0x00,0x03,0xd0,0x00,0x07,0xc0,0x00,0x00,0x00,0x3d,0x00,0x00,
0x7c,0x00,0x00,0x00,0x03,0xd0,0x00,0x07,0xc0,0x00,0x00,0xff,0xfc,0x00,0x00,0x7c,0x00,0x00,0x0b,0xff,
0x40,0x00,0x01,0x40,0x00,0x00,0x10,0x00,0x00,0x00,0x00,0x00,0x00,0x00,0x00,0x00,0x00,0x00,0x00,0x00,
0x07,0xc0,0x00,0x00,0x06,0x00,0x00,0x00,0x7c,0x00,0x00,0x01,0xf4,0x00,0x00,0x07,0xc0,0x00,0x00,0x07,
0xd0,0x00,0x00,0x7c,0x00,0x00,0x00,0x2f,0x40,0x00,0x07,0xd0,0x00,0x00,0x00,0xbc,0x07,0xff,0xff,0xff,
0xe0,0x00,0x07,0xe0,0x7f,0xff,0xff,0xfe,0x00,0x00,0x1e,0x00,0x00,0x7c,0x01,0xe0,0x00,0x00,0x40,0x00,
0x07,0xc0,0x1e,0x00,0x00,0x00,0x00,0x00,0x7c,0x01,0xe0,0x00,0x00,0x00,0x00,0x07,0xc0,0x1e,0x00,0x00,
0x00,0x00,0x00,0x7c,0x01,0xe0,0x00,0x00,0x00,0x00,0x07,0xc0,0x1e,0x00,0x00,0x00,0x00,0x00,0x7c,0x01,
0xe0,0x00,0x00,0x02,0xff,0xff,0xff,0xff,0xfc,0x00,0x08,0x2f,0xff,0xff,0xff,0xff,0xc0,0x01,0xe0,0x55,
0x5f,0xf9,0x55,0x50,0x00,0x2e,0x00,0x01,0xfb,0x80,0x00,0x00,0x07,0xc0,0x00,0x2f,0x3d,0x00,0x00,0x00,
0xb8,0x00,0x03,0xe2,0xe0,0x00,0x00,0x1f,0x40,0x00,0xbc,0x1f,0x40,0x00,0x02,0xe0,0x00,0x1f,0x40,0xbc,
0x00,0x00,0x7d,0x00,0x03,0xf0,0x03,0xe0,0x00,0x0b,0x80,0x00,0xfd,0x00,0x1f,0x80,0x01,0xf4,0x00,0x7f,
0x40,0x00,0xbe,0x00,0x2e,0x00,0x2f,0xd0,0x00,0x02,0xfe,0x00,0x50,0x1f,0xe4,0x00,0x00,0x07,0xf8,0x00,
0x00,0xb8,0x00,0x00,0x00,0x0b,0x00,0x00,0x00,0x00,0x00,0x00,0x00,0x00,0x00,0x00,0x00,0x00,0x00,0x00,
0x00,0x00,0x00,0x00,0x00,0x02,0xe0,0x00,0x00,0x0a,0x00,0x00,0x00,0x7e,0x00,0x00,0x01,0xf4,0x00,0x00,
0x0f,0xf0,0x00,0x00,0x0b,0xc0,0x00,0x02,0xfb,0x80,0x00,0x00,0x3e,0x00,0x00,0x7d,0x3e,0x00,0x00,0x01,
0xf4,0x00,0x1f,0x81,0xf8,0x00,0x00,0x0b,0xc0,0x07,0xf0,0x07,0xd0,0x00,0x00,0x7d,0x01,0xfc,0x00,0x2f,
0x80,0x00,0x01,0x00,0x7f,0x41,0x00,0xbe,0x00,0x00,0x00,0x2f,0xc0,0xf8,0x02,0xfd,0x00,0x00,0x1f,0xe0,
0x07,0xe0,0x0b,0xf4,0x00,0x00,0xf8,0x00,0x1f,0x40,0x1e,0x00,0x00,0x01,0x00,0x00,0xa0,0x00,0x40,0x00,
0x00,0x00,0x00,0x00,0x00,0x00,0x00,0x00,0x00,0x7f,0xff,0xff,0xfe,0x00,0x00,0x29,0x07,0xff,0xff,0xff,
0xf0,0x00,0x03,0xd0,0x00,0x00,0x00,0xbd,0x00,0x00,0x7c,0x00,0x00,0x00,0x1f,0x80,0x00,0x0f,0x80,0x00,
0x00,0x03,0xe0,0x00,0x01,0xf4,0x00,0x00,0x00,0xbc,0x00,0x00,0x2f,0x00,0x00,0x80,0x2f,0x40,0x00,0x03,
0xd0,0x00,0x3f,0x47,0xd0,0x00,0x00,0x7c,0x00,0x01,0xfe,0xf8,0x00,0x00,0x0f,0x80,0x00,0x02,0xfe,0x00,
0x00,0x01,0xf4,0x00,0x00,0x07,0xf4,0x00,0x00,0x2f,0x00,0x00,0x00,0x1f,0xd0,0x00,0x00,0x50,0x00,0x00,
0x00,0x3f,0x40,0x00,0x00,0x00,0x00,0x00,0x00,0xa0,0x00,0x00,0x00,0x00,0x00,0x00,0x00,0x00,0x00,0x00,
0x00,0x00,0x05,0x00,0x00,0x00,0x00,0x00,0x00,0x01,0xf0,0x00,0x00,0x00,0x00,0x00,0x00,0x1f,0x00,0x00,
0x00,0x00,0x05,0x40,0x01,0xf0,0x00,0x15,0x00,0x00,0xb8,0x00,0x1f,0x00,0x02,0xe0,0x00,0x0b,0x80,0x01,
0xf0,0x00,0x2e,0x00,0x00,0xb8,0x00,0x1f,0x00,0x02,0xe0,0x00,0x0b,0x80,0x01,0xf0,0x00,0x2e,0x00,0x00,
0xb8,0x00,0x1f,0x00,0x02,0xe0,0x00,0x0b,0x80,0x01,0xf0,0x00,0x2e,0x00,0x00,0xb8,0x00,0x1f,0x00,0x02,
0xe0,0x00,0x0b,0x80,0x01,0xf0,0x00,0x2e,0x00,0x00,0xbf,0xff,0xff,0xff,0xff,0xe0,0x00,0x0b,0xff,0xff,
0xff,0xff,0xfe,0x00,0x00,0x15,0x55,0x5f,0x55,0x55,0x40,0x00,0x00,0x00,0x01,0xf0,0x00,0x00,0x00,0x02,
0xe0,0x00,0x1f,0x00,0x00,0xb8,0x00,0x3e,0x00,0x01,0xf0,0x00,0x0b,0xc0,0x03,0xe0,0x00,0x1f,0x00,0x00,
0xbc,0x00,0x3e,0x00,0x01,0xf0,0x00,0x0b,0xc0,0x03,0xe0,0x00,0x1f,0x00,0x00,0xbc,0x00,0x3e,0x00,0x01,
0xf0,0x00,0x0b,0xc0,0x03,0xe0,0x00,0x1f,0x00,0x00,0xbc,0x00,0x3e,0x00,0x01,0xf0,0x00,0x0b,0xc0,0x03,
0xe0,0x00,0x1f,0x00,0x00,0xbc,0x00,0x3f,0xff,0xff,0xff,0xff,0xff,0xc0,0x03,0xff,0xff,0xff,0xff,0xff,
0xfc,0x00,0x15,0x55,0x55,0x55,0x55,0x5b,0xc0,0x00,0x00,0x00,0x00,0x00,0x00,0xbc,0x00,0x00,0x00,0x00,
0x00,0x00,0x00,0x00,0x07,0xff,0xff,0xff,0xff,0xff,0xfd,0x00,0x7f,0xff,0xff,0xff,0xff,0xff,0xc0,0x01,
0x55,0x56,0xf5,0x55,0x55,0x7c,0x00,0x00,0x00,0x1f,0x00,0x00,0x07,0xc0,0x00,0x00,0x01,0xf0,0x00,0x00,
0x7c,0x00,0x00,0x00,0x2f,0x00,0x00,0x07,0xc0,0x00,0x00,0x02,0xe0,0x00,0x00,0x7c,0x00,0x00,0x00,0x2e,
0x00,0x00,0x07,0xc0,0x00,0x00,0x03,0xe0,0x00,0x00,0x7c,0x00,0x00,0x00,0x3d,0x00,0x00,0x0b,0xc0,0x00,
0x00,0x07,0xd0,0x00,0x00,0xb8,0x00,0x00,0x00,0x7c,0x00,0x00,0x0b,0x80,0x00,0x00,0x0b,0xc0,0x00,0x00,
0xb8,0x00,0x00,0x00,0xf8,0x00,0x00,0x0b,0x80,0x00,0x00,0x1f,0x40,0x00,0x00,0xb8,0x00,0x00,0x02,0xf0,
0x00,0x00,0x0f,0x80,0x00,0x00,0x7d,0x00,0x00,0x00,0xf4,0x00,0x00,0x0f,0xc0,0x00,0x00,0x0f,0x40,0x00,
0x02,0xf4,0x00,0x00,0x01,0xf4,0x00,0x00,0x7e,0x00,0x00,0x00,0x1f,0x00,0x00,0x1f,0xc0,0x00,0x00,0x02,
0xf0,0x00,0x07,0xf4,0x00,0x00,0x00,0x2e,0x00,0x02,0xfd,0x00,0x00,0x55,0x5b,0xe0,0x01,0xff,0x40,0x00,
0x07,0xff,0xfc,0x00,0x0b,0x80,0x00,0x00,0x3f,0xfe,0x00,0x00,0x10,0x00,0x00,0x00,0x00,0x00,0x00,0x00,
0x00,0x14,0x00,0x01,0x40,0x00,0x00,0x00,0x02,0xf0,0x00,0xb8,0x00,0x00,0x00,0x00,0x7d,0x00,0x07,0xd0,
0x00,0x00,0x00,0x0b,0xc0,0x00,0x2e,0x00,0x00,0x00,0x01,0xf4,0x00,0x01,0xf4,0x00,0x00,0x00,0x2f,0x00,
0x00,0x0b,0xc0,0x00,0x00,0x07,0xd0,0x00,0x00,0x3e,0x00,0x00,0x00,0xfc,0x00,0x00,0x01,0xf8,0x00,0x00,
0x2f,0x40,0x00,0x00,0x0b,0xd0,0x00,0x0b,0xe0,0x00,0x00,0x00,0x3f,0x40,0x02,0xf8,0x00,0x00,0x00,0x01,
0xfd,0x00,0xbf,0x55,0x55,0x55,0x55,0x57,0xf4,0x1f,0xef,0xff,0xff,0xff,0xff,0x5f,0x40,0x61,0xff,0xff,
0xff,0xff,0xf4,0x50,0x00,0x00,0x02,0xe0,0x00,0x0f,0x40,0x00,0x00,0x00,0x3d,0x00,0x00,0xf4,0x00,0x00,
0x00,0x03,0xd0,0x00,0x1f,0x00,0x00,0x00,0x00,0x7c,0x00,0x01,0xf0,0x00,0x00,0x00,0x0b,0x80,0x00,0x1f,
0x00,0x00,0x00,0x00,0xf4,0x00,0x01,0xf0,0x00,0x00,0x00,0x1f,0x00,0x00,0x1f,0x00,0x00,0x00,0x03,0xe0,
0x00,0x02,0xe0,0x00,0x00,0x00,0xbc,0x00,0x00,0x2e,0x00,0x00,0x00,0x2f,0x40,0x00,0x03,0xe0,0x00,0x00,
0x1b,0xe0,0x00,0x00,0x3d,0x00,0x00,0x0b,0xf4,0x00,0x10,0x0b,0xc0,0x00,0x0b,0xfd,0x00,0x03,0xff,0xf8,
0x00,0x00,0x7d,0x00,0x00,0x2f,0xfe,0x00,0x00,0x01,0x00,0x00,0x00,0x00,0x00,0x00,0x00,0x00,0x68,0x00,
0x00,0x00,0x00,0x00,0x00,0x07,0xc0,0x00,0x00,0x00,0x00,0x00,0x00,0x7c,0x00,0x7f,0xff,0xff,0xff,0x00,
0x07,0xc0,0x07,0xff,0xff,0xff,0xf0,0x00,0x7c,0x00,0x00,0x2e,0x00,0x0f,0x00,0x07,0xc0,0x00,0x02,0xe0,
0x01,0xf0,0x00,0x7c,0x06,0x40,0x2e,0x00,0x1f,0x00,0x07,0xef,0xfc,0x02,0xe0,0x01,0xf0,0x1a,0xff,0xfe,
0x40,0x2d,0x00,0x1f,0x03,0xff,0xe4,0x00,0x02,0xd0,0x01,0xf0,0x29,0x7c,0x00,0x00,0x3d,0x00,0x1f,0x00,
0x07,0xc0,0x00,0x03,0xd0,0x01,0xf0,0x00,0x7c,0x00,0x00,0x3c,0x00,0x1f,0x00,0x07,0xc0,0x00,0x07,0xc0,
0x01,0xe0,0x00,0x7c,0x00,0x00,0x7c,0x00,0x2e,0x00,0x07,0xc0,0x00,0x0b,0x80,0x02,0xe0,0x00,0x7c,0x00,
0x40,0xf4,0x00,0x2e,0x00,0x07,0xc0,0xbc,0x1f,0x40,0x02,0xe0,0x00,0x7d,0xbf,0xc2,0xf0,0x00,0x2e,0x00,
0x0b,0xff,0x90,0x3d,0x00,0x03,0xd0,0x01,0xff,0x90,0x0b,0xc0,0x00,0x3d,0x00,0x1f,0x90,0x01,0xf8,0x00,
0x03,0xd0,0x00,0x90,0x00,0x3f,0x00,0x00,0x7c,0x00,0x00,0x00,0x0b,0xd0,0x00,0x0b,0xc0,0x00,0x00,0x07,
0xf4,0x01,0x41,0xf8,0x00,0x00,0x01,0xfd,0x00,0x2f,0xff,0x40,0x00,0x00,0x0b,0x40,0x02,0xff,0xd0,0x00,
0x00,0x00,0x00,0x00,0x00,0x00,0x00,0x00,0x00,0x00,0x00,0x00,0x00,0x00,0x00,0x00,0x00,0x1b,0x40,0x00,
0x02,0x90,0x00,0x01,0x6f,0xfc,0x00,0x00,0x3d,0x00,0x6b,0xff,0xf9,0x00,0x00,0x03,0xd0,0x2f,0xff,0xf4,
0x00,0x0a,0x00,0x3d,0x00,0x94,0x1f,0x00,0x01,0xf0,0x03,0xd0,0x00,0x01,0xf0,0x00,0x1f,0x00,0x3d,0x00,
0x00,0x1f,0x00,0x01,0xf0,0x03,0xd0,0x00,0x01,0xf0,0x00,0x1f,0x00,0x3d,0x00,0x00,0x1f,0x00,0x01,0xf0,
0x03,0xd0,0x2f,0xff,0xff,0xfe,0x1f,0x00,0x3d,0x02,0xff,0xff,0xff,0xe1,0xf0,0x03,0xd0,0x00,0x03,0xf0,
0x00,0x1f,0x00,0x3d,0x00,0x00,0x7f,0x00,0x01,0xf0,0x03,0xd0,0x00,0x0b,0xf4,0x00,0x1f,0x00,0x3d,0x00,
0x01,0xff,0xd0,0x01,0xf0,0x03,0xd0,0x00,0x2e,0xff,0x40,0x1f,0x00,0x3d,0x00,0x07,0x9f,0x7e,0x01,0xf0,
0x03,0xd0,0x00,0xf5,0xf1,0xf8,0x1f,0x00,0x3d,0x00,0x2e,0x1f,0x07,0xd1,0xf0,0x03,0xd0,0x07,0xd1,0xf0,
0x1c,0x1f,0x00,0x3d,0x01,0xf8,0x1f,0x00,0x00,0x90,0x03,0xd0,0x3f,0x01,0xf0,0x00,0x00,0x00,0x3d,0x02,
0xd0,0x1f,0x00,0x00,0x00,0x03,0xd0,0x14,0x01,0xf0,0x00,0x00,0x00,0x3d,0x00,0x00,0x1f,0x00,0x00,0x00,
0x03,0xd0,0x00,0x01,0xf0,0x00,0x00,0x00,0x3d,0x00,0x00,0x1f,0x00,0x00,0x0f,0xff,0xd0,0x00,0x01,0xf0,
0x00,0x00,0xbf,0xf4,0x00,0x00,0x05,0x00,0x00,0x01,0x50,0x00,0x00,0x00,0x00,0x00,0x00,0x00,0x29,0x00,
0x7f,0xff,0xff,0x80,0x00,0x03,0xd0,0x07,0xff,0xff,0xf8,0x00,0x00,0x3d,0x00,0x7c,0x00,0x07,0x80,0x28,
0x03,0xd0,0x07,0xc0,0x00,0x78,0x07,0xc0,0x3d,0x00,0x7c,0x00,0x07,0x80,0x7c,0x03,0xd0,0x07,0xc0,0x00,
0x78,0x07,0xc0,0x3d,0x00,0x7c,0x00,0x07,0x80,0x7c,0x03,0xd0,0x07,0xc0,0x00,0x78,0x07,0xc0,0x3d,0x00,
0x7f,0xff,0xff,0x80,0x7c,0x03,0xd0,0x07,0xff,0xff,0xf8,0x07,0xc0,0x3d,0x00,0x00,0x00,0x00,0x00,0x7c,
0x03,0xd0,0x00,0x03,0xc0,0x00,0x07,0xc0,0x3d,0x00,0x00,0x3c,0x00,0x00,0x7c,0x03,0xd0,0x00,0x03,0xc0,
0x00,0x07,0xc0,0x3d,0x01,0xff,0xff,0xff,0xd0,0x7c,0x03,0xd0,0x1f,0xff,0xff,0xfd,0x07,0xc0,0x3d,0x00,
0x00,0x78,0x03,0xc0,0x7c,0x03,0xd0,0x00,0x0b,0x80,0x3c,0x07,0xc0,0x3d,0x00,0x00,0xb4,0x03,0xc0,0x7c,
0x03,0xd0,0x00,0x0f,0x00,0x7c,0x06,0x80,0x3d,0x00,0x01,0xe0,0x07,0xc0,0x00,0x03,0xd0,0x00,0x3d,0x00,
0x7c,0x00,0x00,0x3d,0x00,0x0b,0xc0,0x0b,0x80,0x00,0x03,0xd0,0x01,0xf4,0x00,0xb8,0x00,0x00,0x3d,0x00,
0x7e,0x00,0x1f,0x40,0x00,0x03,0xd0,0x2f,0x80,0xbf,0xf0,0x00,0xbf,0xfd,0x01,0xe0,0x07,0xfd,0x00,0x07,
0xff,0x40,0x00,0x00,0x00,0x00,0x00,0x15,0x00,0x00,0x00,0x00,0x50,0x00,0x00,0x00,0x00,0x00,0x00,0x1f,
0x00,0x40,0x00,0x02,0x90,0x0b,0x01,0xf0,0x0f,0x40,0x00,0x2d,0x00,0xf4,0x1f,0x01,0xf0,0x00,0x02,0xd0,
0x07,0x81,0xf0,0x2e,0x06,0x40,0x2d,0x00,0x3d,0x1f,0x03,0xc0,0xb8,0x02,0xd0,0x02,0xe1,0xf0,0xb8,0x0b,
0x80,0x2d,0x00,0x1e,0x1f,0x0f,0x00,0xb8,0x02,0xd0,0x00,0x01,0xf0,0x00,0x0b,0x80,0x2d,0x00,0x7f,0xff,
0xff,0xd0,0xb8,0x02,0xd0,0x07,0xff,0xff,0xfd,0x0b,0x80,0x2d,0x00,0x78,0x00,0x03,0xd0,0xb8,0x02,0xd0,
0x07,0x80,0x00,0x3d,0x0b,0x80,0x2d,0x00,0x78,0x00,0x03,0xd0,0xb8,0x02,0xd0,0x07,0x80,0x00,0x3d,0x0b,
0x80,0x2d,0x00,0x7f,0xff,0xff,0xd0,0xb8,0x02,0xd0,0x07,0xff,0xff,0xfd,0x0b,0x80,0x2d,0x00,0x78,0x00,
0x03,0xd0,0xb8,0x02,0xd0,0x07,0x80,0x00,0x3d,0x0b,0x80,0x2d,0x00,0x78,0x00,0x03,0xd0,0xb8,0x02,0xd0,
0x07,0xff,0xff,0xfd,0x0b,0x80,0x2d,0x00,0x7f,0xff,0xff,0xd0,0x64,0x02,0xd0,0x07,0x80,0x00,0x3d,0x00,
0x00,0x2d,0x00,0x78,0x00,0x03,0xd0,0x00,0x02,0xd0,0x07,0x80,0x00,0x3d,0x00,0x00,0x2d,0x00,0x78,0x00,
0x03,0xd0,0x00,0x02,0xd0,0x07,0x80,0x00,0x3c,0x00,0x00,0x3d,0x00,0x78,0x02,0xff,0xc0,0x0f,0xff,0xd0,
0x07,0x80,0x1f,0xe4,0x00,0xbf,0xf4,0x00,0x00,0x00,0x00,0x00,0x01,0x50,0x00,0x00,0x00,0x00,0x00,0x01,
0xe0,0x00,0x00,0x00,0x00,0x00,0x00,0x1e,0x00,0x00,0x07,0xff,0xff,0xf4,0x01,0xe0,0x00,0x00,0x7f,0xff,
0xff,0x40,0x1e,0x00,0x00,0x00,0x00,0x00,0x00,0x01,0xe0,0x00,0x00,0x00,0x00,0x00,0x00,0x1e,0x00,0x00,
0x00,0x00,0x00,0x00,0x02,0xe0,0x00,0x00,0x00,0x00,0x00,0x2f,0xff,0xff,0xf4,0x00,0x00,0x00,0x02,0xff,
0xff,0xff,0x40,0x00,0x00,0x00,0x05,0x6e,0x55,0xf4,0x1f,0xff,0xff,0xf8,0x02,0xe0,0x0f,0x41,0xff,0xff,
0xff,0x80,0x2d,0x00,0xf4,0x00,0x1f,0x00,0x00,0x03,0xd0,0x0f,0x40,0x02,0xe0,0x00,0x00,0x3d,0x00,0xf0,
0x00,0x2d,0x00,0x00,0x03,0xc0,0x0f,0x00,0x03,0xc0,0x78,0x00,0x7c,0x00,0xf0,0x00,0x7c,0x03,0xc0,0x07,
0x80,0x1f,0x00,0x0b,0x80,0x2d,0x00,0xb8,0x01,0xf0,0x00,0xf0,0x01,0xe0,0x0f,0x40,0x1f,0x00,0x1e,0x00,
0x0f,0x00,0xf4,0x01,0xf0,0x02,0xd0,0x1a,0xf4,0x2f,0x00,0x1e,0x00,0x7e,0xbf,0xff,0x83,0xe0,0x02,0xe0,
0x0f,0xff,0xe9,0x3c,0x7c,0x00,0x2e,0x00,0xbe,0x90,0x02,0x8b,0x80,0x02,0xd0,0x05,0x00,0x00,0x01,0xf4,
0x00,0x3d,0x00,0x00,0x00,0x00,0x3e,0x00,0x0b,0xc0,0x00,0x00,0x00,0x0f,0xc1,0xff,0xf8,0x00,0x00,0x00,
0x00,0x74,0x0f,0xfe,0x00,0x00,0x00,0x00,0x00,0x00,0x00,0x00,0x00,0x00,0x00,0x00,0x05,0x00,0x00,0x00,
0x00,0x00,0x40,0x01,0xf0,0x00,0x10,0x00,0x00,0x7c,0x00,0x1f,0x00,0x03,0xd0,0x00,0x03,0xe0,0x01,0xf0,
0x00,0xbc,0x00,0x00,0x1f,0x40,0x1f,0x00,0x0f,0x80,0x00,0x00,0xf8,0x01,0xf0,0x02,0xf0,0x00,0x00,0x07,
0xd0,0x1f,0x00,0x3d,0x00,0x00,0x00,0x3e,0x01,0xf0,0x0b,0xc0,0x00,0x00,0x01,0xe0,0x1f,0x00,0xf4,0x00,
0x00,0x00,0x00,0x01,0xf0,0x01,0x00,0x00,0x00,0x55,0x55,0x5f,0x55,0x55,0x50,0x00,0x1f,0xff,0xff,0xff,
0xff,0xff,0x80,0x01,0xff,0xff,0xff,0xff,0xff,0xf8,0x00,0x00,0x00,0x01,0xf0,0x00,0x00,0x00,0x00,0x00,
0x00,0x1f,0x00,0x00,0x00,0x00,0x00,0x00,0x01,0xf0,0x00,0x00,0x00,0x00,0x00,0x00,0x1f,0x00,0x00,0x00,
0x00,0x00,0x00,0x01,0xf0,0x00,0x00,0x00,0x1f,0xff,0xff,0xff,0xff,0xff,0xff,0x41,0xff,0xff,0xff,0xff,
0xff,0xff,0xf4,0x05,0x55,0x55,0x5f,0x55,0x55,0x55,0x00,0x00,0x00,0x01,0xf0,0x00,0x00,0x00,0x00,0x00,
0x00,0x1f,0x00,0x00,0x00,0x00,0x00,0x00,0x01,0xf0,0x00,0x00,0x00,0x00,0x00,0x00,0x1f,0x00,0x00,0x00,
0x00,0x00,0x00,0x01,0xf0,0x00,0x00,0x00,0x00,0x00,0x00,0x1f,0x00,0x00,0x00,0x00,0x00,0x00,0x01,0xf0,
0x00,0x00,0x00,0x00,0x00,0x00,0x1f,0x00,0x00,0x00,0x00,0x00,0x00,0x00,0x50,0x00,0x00,0x00,0x00,0x00,
0x00,0x05,0x00,0x00,0x00,0x00,0x00,0x00,0x01,0xf4,0x00,0x00,0x00,0x00,0x00,0x00,0x1f,0x40,0x00,0x00,
0x00,0x00,0x00,0x01,0xf4,0x00,0x00,0x00,0x1f,0xff,0xff,0xff,0xff,0xff,0xff,0x41,0xff,0xff,0xff,0xff,
0xff,0xff,0xf4,0x00,0x00,0x00,0x1f,0x40,0x00,0x00,0x00,0x00,0x00,0x01,0xf4,0x00,0x00,0x00,0x00,0x00,
0x00,0x1f,0x40,0x00,0x00,0x00,0x2f,0xff,0xff,0xff,0xff,0xff,0x80,0x02,0xff,0xff,0xff,0xff,0xff,0xf8,
0x00,0x2e,0x00,0x50,0x00,0x50,0x0b,0x80,0x02,0xe0,0x1e,0x00,0x0b,0x40,0xb8,0x00,0x2e,0x00,0xb4,0x00,
0xf0,0x0b,0x80,0x02,0xe0,0x07,0x80,0x2d,0x00,0xb8,0x00,0x2e,0x00,0x38,0x03,0xc0,0x0b,0x80,0x02,0xe0,
0xab,0xaa,0xfe,0xa0,0xb8,0x00,0x2e,0x0f,0xff,0xff,0xff,0x4b,0x80,0x02,0xe0,0x00,0x1f,0x00,0x00,0xb8,
0x00,0x2e,0x00,0x01,0xf0,0x00,0x0b,0x80,0x02,0xe0,0x00,0x1f,0x00,0x00,0xb8,0x00,0x2e,0x2f,0xff,0xff,
0xff,0x8b,0x80,0x02,0xe2,0xff,0xff,0xff,0xf8,0xb8,0x00,0x2e,0x00,0x01,0xf0,0x00,0x0b,0x80,0x02,0xe0,
0x00,0x1f,0x00,0x00,0xb8,0x00,0x2e,0x00,0x01,0xf0,0x00,0x0b,0x80,0x02,0xe0,0x00,0x1f,0x00,0x00,0xb8,
0x00,0x2e,0x00,0x01,0xf0,0x1f,0xff,0x40,0x02,0xe0,0x00,0x05,0x00,0xff,0xe0,0x00,0x00,0x00,0x00,0x00,
0x00,0x00,0x00,0x00,0x00,0x00,0x05,0x00,0x00,0x00,0x00,0x00,0x00,0x01,0xf0,0x00,0x00,0x00,0x00,0x00,
0x00,0x1f,0x00,0x00,0x00,0x00,0x00,0x00,0x01,0xf0,0x00,0x00,0x00,0x00,0x00,0x00,0x1f,0x00,0x00,0x00,
0x00,0x05,0x55,0x55,0xf5,0x55,0x55,0x00,0x00,0xff,0xff,0xff,0xff,0xff,0xf4,0x00,0x0f,0xff,0xff,0xff,
0xff,0xff,0x40,0x00,0x00,0x00,0x1f,0x00,0x00,0x00,0x00,0x00,0x00,0x01,0xf0,0x00,0x00,0x00,0x00,0x00,
0x00,0x1f,0x00,0x00,0x00,0x00,0x00,0x00,0x01,0xf0,0x00,0x00,0x00,0x00,0x00,0x00,0x1f,0x00,0x00,0x00,
0x00,0x55,0x55,0x55,0xf5,0x55,0x55,0x50,0x1f,0xff,0xff,0xff,0xff,0xff,0xff,0x81,0xff,0xff,0xff,0xff,
0xff,0xff,0xf8,0x00,0x00,0x07,0xe0,0x00,0x00,0x00,0x00,0x00,0x00,0xbc,0x00,0x00,0x00,0x00,0x00,0x00,
0x1f,0x40,0x07,0x80,0x00,0x00,0x00,0x03,0xe0,0x00,0x7e,0x00,0x00,0x00,0x00,0xbc,0x00,0x01,0xf4,0x00,
0x00,0x00,0x1f,0x40,0x00,0x0b,0xc0,0x00,0x00,0x07,0xd0,0x00,0x00,0x3f,0x00,0x00,0x00,0xf8,0x00,0x00,
0x01,0xf8,0x00,0x00,0x2f,0x00,0x15,0x6a,0xaf,0xd0,0x00,0x0b,0xff,0xff,0xff,0xff,0xff,0x00,0x01,0xff,
0xff,0xff,0xaa,0x95,0xf4,0x00,0x0f,0xa9,0x50,0x00,0x00,0x0b,0xc0,0x00,0x00,0x00,0x00,0x00,0x00,0x60,
0x00,0x00,0x00,0x00,0x00,0x00,0x00,0x00,0x00,0x00,0x00,0x00,0x00,0x16,0xb8,0x00,0x00,0x00,0x15,0x6a,
0xbf,0xff,0xd0,0x00,0x03,0xff,0xff,0xff,0xfa,0x40,0x00,0x00,0x3f,0xea,0xa5,0x40,0x00,0x00,0x00,0x03,
0xd0,0x00,0x00,0x00,0x00,0x00,0x00,0x3d,0x00,0x00,0x00,0x00,0x00,0x00,0x03,0xd0,0x00,0x00,0x00,0x00,
0x00,0x00,0x3d,0x00,0x00,0x00,0x00,0x00,0x00,0x03,0xd0,0x00,0x00,0x00,0x00,0x00,0x00,0x3f,0xff,0xff,
0xff,0xff,0xd0,0x00,0x03,0xff,0xff,0xff,0xff,0xfd,0x00,0x00,0x3d,0x6f,0x55,0x55,0x5b,0xc0,0x00,0x03,
0xd0,0xf4,0x00,0x00,0xf8,0x00,0x00,0x3d,0x0b,0x80,0x00,0x1f,0x40,0x00,0x03,0xd0,0x7d,0x00,0x03,0xe0,
0x00,0x00,0x3d,0x02,0xe0,0x00,0x7d,0x00,0x00,0x07,0xc0,0x1f,0x40,0x0f,0x80,0x00,0x00,0x7c,0x00,0xbc,
0x03,0xf0,0x00,0x00,0x07,0x80,0x03,0xe0,0xbd,0x00,0x00,0x00,0xb8,0x00,0x1f,0xaf,0x80,0x00,0x00,0x0f,
0x40,0x00,0xbf,0xe0,0x00,0x00,0x00,0xf4,0x00,0x03,0xfc,0x00,0x00,0x00,0x1f,0x00,0x01,0xff,0xf4,0x00,
0x00,0x02,0xe0,0x00,0xbf,0x9f,0xe0,0x00,0x00,0x3d,0x01,0xbf,0x90,0x2f,0xe4,0x00,0x0b,0xc1,0xff,0xe0,
0x00,0x7f,0xf9,0x00,0xf4,0x7f,0xe0,0x00,0x00,0x6f,0xe0,0x07,0x02,0x90,0x00,0x00,0x00,0x28,0x00,0x00,
0x00,0x00,0x00,0x00,0x00,0x00,0x00,0x00,0x00,0x04,0x00,0x00,0x00,0x00,0x00,0x10,0x02,0xf0,0x02,0x40,
0x00,0x00,0x0b,0xc0,0x2f,0x00,0xbd,0x00,0x00,0x00,0xf8,0x03,0xe0,0x02,0xf0,0x00,0x00,0x1f,0x40,0x3d,
0x00,0x0f,0x80,0x00,0x02,0xf0,0x07,0xd0,0x00,0x3e,0x00,0x00,0x3d,0x00,0x7c,0x00,0x01,0x80,0x00,0x0b,
0xd0,0x0b,0xc0,0x00,0x00,0x00,0x01,0xff,0xff,0xff,0xff,0xff,0xff,0x00,0x0f,0xff,0xff,0xff,0xff,0xff,
0xf0,0x00,0x40,0x01,0xf0,0x00,0x00,0x00,0x00,0x00,0x00,0x3e,0x00,0x00,0x00,0x00,0x00,0x00,0x07,0xd0,
0x00,0x00,0x00,0x00,0x00,0x00,0xbf,0xff,0xff,0xf8,0x00,0x00,0x00,0x0f,0xff,0xff,0xff,0xc0,0x00,0x00,
0x02,0xfd,0x55,0x55,0xf8,0x00,0x00,0x00,0x7f,0xe0,0x00,0x1f,0x40,0x00,0x00,0x0f,0xdf,0x40,0x03,0xe0,
0x00,0x00,0x01,0xf4,0xb8,0x00,0xbc,0x00,0x00,0x00,0x7f,0x03,0xe0,0x1f,0x80,0x00,0x00,0x1f,0xd0,0x1f,
0x47,0xe0,0x00,0x00,0x03,0xf4,0x00,0xbe,0xfc,0x00,0x00,0x01,0xfe,0x00,0x02,0xff,0x40,0x00,0x00,0x7f,
0x80,0x00,0x2f,0xe4,0x00,0x00,0x2f,0xd0,0x00,0x1f,0xff,0xe0,0x00,0x01,0xf4,0x00,0x1b,0xf4,0x7f,0xe0,
0x00,0x04,0x00,0x6f,0xf8,0x00,0x7f,0xf9,0x00,0x00,0x2f,0xf9,0x00,0x00,0xbf,0xf8,0x00,0x00,0xf4,0x00,
0x00,0x00,0x6f,0x00,0x00,0x00,0x00,0x00,0x00,0x00,0x00,0x2f,0xff,0xff,0xfc,0x00,0x00,0x00,0x02,0xff,
0xff,0xff,0xc0,0x00,0x00,0x00,0x02,0xe0,0x07,0xc2,0xff,0xff,0xfe,0x00,0x2e,0x00,0x7c,0x2f,0xff,0xff,
0xe0,0x02,0xe0,0x07,0xc0,0x79,0x55,0x6e,0x00,0x2e,0x00,0x7c,0x03,0xc0,0x02,0xd0,0x02,0xe0,0x07,0xc0,
0x3c,0x00,0x3d,0x00,0x2f,0xff,0xfc,0x02,0xd0,0x07,0xc0,0x02,0xff,0xff,0xc0,0x2e,0x00,0x78,0x00,0x2e,
0x00,0x7c,0x01,0xe0,0x0b,0x80,0x02,0xe0,0x07,0xc0,0x0f,0x00,0xf4,0x00,0x2e,0x00,0x7c,0x00,0xf4,0x1f,
0x00,0x02,0xe0,0x07,0xc0,0x0b,0x82,0xe0,0x00,0x2f,0xff,0xfc,0x00,0x7c,0x3d,0x00,0x02,0xff,0xff,0xc0,
0x03,0xd7,0xc0,0x00,0x2e,0x00,0x7c,0x00,0x2e,0xb8,0x00,0x02,0xe0,0x07,0xc0,0x01,0xff,0x00,0x00,0x2e,
0x00,0x7c,0x00,0x0b,0xe0,0x00,0x02,0xe0,0x07,0xd5,0x00,0xbd,0x00,0x00,0x2e,0x5a,0xff,0xd0,0x0f,0xe0,
0x00,0x1b,0xff,0xff,0xe9,0x02,0xff,0x40,0x02,0xff,0xfa,0xbc,0x00,0x7d,0xbc,0x00,0x1a,0x50,0x07,0xc0,
0x1f,0x83,0xe0,0x00,0x00,0x00,0x7c,0x07,0xe0,0x1f,0xc0,0x00,0x00,0x07,0xc1,0xfc,0x00,0x7f,0x40,0x00,
0x00,0x7c,0x7e,0x00,0x01,0xf8,0x00,0x00,0x07,0xc2,0x80,0x00,0x06,0x00,0x00,0x00,0x10,0x00,0x00,0x00,
0x00,0x01,0xff,0xff,0xff,0xff,0xff,0xf4,0x00,0x1f,0xff,0xff,0xff,0xff,0xff,0x40,0x01,0xf5,0x55,0x55,
0x55,0x55,0xf4,0x00,0x1f,0x00,0x00,0x00,0x00,0x0f,0x40,0x01,0xf0,0x00,0x00,0x00,0x00,0xf4,0x00,0x1f,
0x00,0x00,0x00,0x00,0x0f,0x40,0x01,0xf0,0x00,0x00,0x00,0x00,0xf4,0x00,0x1f,0x00,0x00,0x00,0x00,0x0f,
0x40,0x01,0xf0,0x00,0x00,0x00,0x00,0xf4,0x00,0x1f,0x00,0x00,0x00,0x00,0x0f,0x40,0x01,0xf0,0x00,0x00,
0x00,0x00,0xf4,0x00,0x1f,0x00,0x00,0x00,0x00,0x0f,0x40,0x01,0xf0,0x00,0x00,0x00,0x00,0xf4,0x00,0x1f,
0x00,0x00,0x00,0x00,0x0f,0x40,0x01,0xf0,0x00,0x00,0x00,0x00,0xf4,0x00,0x1f,0x00,0x00,0x00,0x00,0x0f,
0x40,0x01,0xf0,0x00,0x00,0x00,0x00,0xf4,0x00,0x1f,0x00,0x00,0x00,0x00,0x0f,0x40,0x01,0xf0,0x00,0x00,
0x00,0x00,0xf4,0x00,0x1f,0x55,0x55,0x55,0x55,0x5f,0x40,0x01,0xff,0xff,0xff,0xff,0xff,0xf4,0x00,0x1f,
0xff,0xff,0xff,0xff,0xff,0x40,0x01,0xf0,0x00,0x00,0x00,0x00,0xf4,0x00,0x1f,0x00,0x00,0x00,0x00,0x0f,
0x40,0x00,0xa0,0x00,0x00,0x00,0x00,0x50,0x00,0x1f,0xff,0xff,0xff,0xff,0xff,0xff,0x41,0xff,0xff,0xff,
0xff,0xff,0xff,0xf4,0x05,0x55,0x55,0x55,0x55,0x5b,0x95,0x00,0x00,0x00,0x00,0x00,0x00,0xb8,0x00,0x00,
0x00,0x00,0x00,0x00,0x0b,0x80,0x00,0x00,0x00,0x00,0x00,0x00,0xb8,0x00,0x00,0x00,0x00,0x00,0x00,0x0b,
0x80,0x00,0x07,0xff,0xff,0xfc,0x00,0xb8,0x00,0x00,0x7f,0xff,0xff,0xc0,0x0b,0x80,0x00,0x07,0xc0,0x00,
0x7c,0x00,0xb8,0x00,0x00,0x7c,0x00,0x07,0xc0,0x0b,0x80,0x00,0x07,0xc0,0x00,0x7c,0x00,0xb8,0x00,0x00,
0x7c,0x00,0x07,0xc0,0x0b,0x80,0x00,0x07,0xc0,0x00,0x7c,0x00,0xb8,0x00,0x00,0x7c,0x00,0x07,0xc0,0x0b,
0x80,0x00,0x07,0xc0,0x00,0x7c,0x00,0xb8,0x00,0x00,0x7f,0xff,0xff,0xc0,0x0b,0x80,0x00,0x07,0xff,0xff,
0xfc,0x00,0xb8,0x00,0x00,0x7d,0x55,0x55,0x40,0x0b,0x80,0x00,0x07,0xc0,0x00,0x00,0x00,0xb8,0x00,0x00,
0x68,0x00,0x00,0x00,0x0b,0x80,0x00,0x00,0x00,0x00,0x00,0x00,0xb8,0x00,0x00,0x00,0x00,0x00,0x00,0x0b,
0x80,0x00,0x00,0x00,0x00,0x05,0x55,0xf8,0x00,0x00,0x00,0x00,0x00,0xbf,0xff,0x40,0x00,0x00,0x00,0x00,
0x07,0xff,0x90,0x00,0x00,0x00,0x00,0x00,0x00,0x00,0x00,0x00,0x7f,0xff,0xff,0xff,0xff,0xff,0x80,0x07,
0xff,0xff,0xff,0xff,0xff,0xf8,0x00,0x00,0x00,0x00,0x00,0x00,0x0b,0x80,0x00,0x00,0x00,0x00,0x00,0x00,
0xb8,0x00,0x00,0x00,0x00,0x00,0x00,0x0b,0x80,0x03,0xff,0xff,0xff,0xff,0xc0,0xb8,0x00,0x3f,0xff,0xff,
0xff,0xfc,0x0b,0x80,0x00,0x00,0x00,0x00,0x00,0x00,0xb8,0x00,0x00,0x00,0x00,0x00,0x00,0x0b,0x80,0x00,
0x00,0x00,0x00,0x00,0x00,0xb8,0x00,0x00,0x00,0x00,0x00,0x00,0x0b,0x80,0x00,0x7f,0xff,0xff,0xf8,0x00,
0xb8,0x00,0x07,0xff,0xff,0xff,0x80,0x0b,0x80,0x00,0x7c,0x00,0x00,0x78,0x00,0xb8,0x00,0x07,0xc0,0x00,
0x07,0x80,0x0b,0x80,0x00,0x7c,0x00,0x00,0x78,0x00,0xb8,0x00,0x07,0xc0,0x00,0x07,0x80,0x0b,0x80,0x00,
0x7c,0x00,0x00,0x78,0x00,0xb8,0x00,0x07,0xc0,0x00,0x07,0x80,0x0b,0x80,0x00,0x7f,0xff,0xff,0xf8,0x00,
0xb8,0x00,0x07,0xff,0xff,0xff,0x80,0x0b,0x80,0x00,0x7c,0x00,0x00,0x00,0x00,0xb8,0x00,0x07,0xc0,0x00,
0x00,0x00,0x0b,0x80,0x00,0x00,0x00,0x00,0x01,0x55,0xf8,0x00,0x00,0x00,0x00,0x00,0x3f,0xff,0x40,0x00,
0x00,0x00,0x00,0x02,0xff,0x90,0x00,0x00,0x00,0x00,0x00,0x00,0x00,0x00,0x00,0x00,0x00,0x00,0x1e,0x00,
0x00,0x00,0x00,0x00,0x00,0x02,0xe0,0x00,0x00,0x00,0x00,0x00,0x00,0x3d,0x00,0x00,0x00,0x0b,0xff,0xf4,
0x07,0xc0,0x00,0x00,0x00,0xbf,0xff,0x40,0xbc,0x00,0x00,0x00,0x0b,0x40,0xf4,0x1f,0xff,0xff,0xff,0x40,
0xb4,0x0f,0x42,0xff,0xff,0xff,0xf4,0x0b,0x40,0xf4,0x7d,0x00,0x00,0x00,0x00,0xb4,0x0f,0x4f,0x80,0x00,
0x00,0x00,0x0b,0x40,0xf6,0xf4,0x00,0x00,0x00,0x00,0xb4,0x0f,0x6d,0x00,0x00,0x00,0x00,0x0b,0x40,0xf4,
0x4f,0xff,0xff,0xf4,0x00,0xb4,0x0f,0x40,0xff,0xff,0xff,0x40,0x0b,0x40,0xf4,0x00,0x00,0x2f,0xc0,0x00,
0xb4,0x0f,0x40,0x00,0x0b,0xe0,0x00,0x0b,0x40,0xf4,0x00,0x02,0xf8,0x00,0x00,0xb4,0x0f,0x40,0x00,0xbe,
0x00,0x00,0x0b,0x40,0xf4,0x00,0x2f,0x80,0x00,0x00,0xb5,0x5f,0x40,0x0b,0xd0,0x00,0x00,0x0b,0xff,0xf4,
0x02,0xf4,0x00,0x00,0x00,0xbf,0xff,0x40,0xbd,0x00,0x00,0x00,0x0b,0x40,0x00,0x1f,0x40,0x00,0x02,0x40,
0xb4,0x00,0x03,0xe0,0x00,0x00,0x3c,0x05,0x00,0x00,0xbc,0x00,0x00,0x07,0xc0,0x00,0x00,0x0b,0x80,0x00,
0x00,0x78,0x00,0x00,0x00,0xbd,0x55,0x55,0x5f,0x40,0x00,0x00,0x07,0xff,0xff,0xff,0xf0,0x00,0x00,0x00,
0x1b,0xff,0xff,0xf9,0x00,0x00,0x00,0x00,0x00,0x00,0x00,0x00,0x00,0x00,0x00,0x00,0x79,0x00,0x00,0x00,
0x00,0x00,0x00,0x0f,0xc0,0x00,0x00,0x00,0x00,0x00,0x02,0xf8,0x00,0x00,0x00,0x00,0x00,0x00,0xbf,0xf0,
0x00,0x00,0x00,0x00,0x00,0x2f,0x5f,0xc0,0x00,0x00,0x00,0x00,0x0b,0xe0,0x3f,0x40,0x00,0x00,0x00,0x02,
0xf8,0x00,0xfe,0x00,0x00,0x00,0x01,0xfd,0x00,0x02,0xf9,0x00,0x00,0x00,0xbf,0x40,0x00,0x07,0xf8,0x00,
0x00,0xbf,0x80,0x00,0x00,0x1f,0xf8,0x00,0xbf,0xff,0xff,0xff,0xff,0xaf,0xf8,0x1f,0xe2,0xff,0xff,0xff,
0xf8,0x2f,0x40,0xa4,0x00,0x00,0x00,0x00,0x00,0x50,0x00,0x00,0x00,0x00,0x00,0x00,0x00,0x00,0x00,0x00,
0x00,0x00,0x00,0x00,0x00,0x00,0x00,0x00,0x00,0x00,0x00,0x00,0x00,0x00,0xff,0xff,0xff,0xff,0xf4,0x00,
0x00,0x0f,0xff,0xff,0xff,0xff,0x40,0x00,0x00,0xf0,0x00,0x00,0x00,0xf4,0x00,0x00,0x0f,0x00,0x00,0x00,
0x0f,0x40,0x00,0x00,0xf0,0x00,0x00,0x00,0xf4,0x00,0x00,0x0f,0x00,0x00,0x00,0x0f,0x40,0x00,0x00,0xf0,
0x00,0x00,0x00,0xf4,0x00,0x00,0x0f,0x00,0x00,0x00,0x0f,0x40,0x00,0x00,0xff,0xff,0xff,0xff,0xf4,0x00,
0x00,0x0f,0xff,0xff,0xff,0xff,0x40,0x00,0x00,0xf4,0x00,0x00,0x00,0xf4,0x00,0x00,0x0f,0x00,0x00,0x00,
0x0b,0x40,0x00,0x00,0x00,0x00,0x00,0x00,0x00,0x00,0x00,0x00,0x00,0x00,0x00,0x00,0x00,0x00,0x00,0x00,
0x07,0xff,0xff,0xfe,0x00,0x0b,0xff,0xf0,0x7f,0xff,0xff,0xe0,0x00,0xbf,0xff,0x00,0x00,0x00,0x2d,0x00,
0x0b,0x40,0xf0,0x00,0x00,0x02,0xd0,0x00,0xb4,0x0f,0x00,0xf0,0x00,0x3d,0x00,0x0b,0x40,0xf0,0x1f,0x00,
0x03,0xc0,0x00,0xb4,0x0f,0x01,0xe0,0x00,0x3c,0x00,0x0b,0x40,0xf0,0x1e,0x00,0x07,0xc0,0x00,0xb4,0x0f,
0x01,0xe0,0x00,0x78,0x00,0x0b,0x40,0xf0,0x2d,0x00,0x07,0x80,0x00,0xb4,0x0f,0x02,0xd0,0x00,0xb8,0x00,
0x0b,0x40,0xf0,0x3f,0xff,0xff,0xff,0x00,0xb4,0x0f,0x03,0xff,0xff,0xff,0xf0,0x0b,0x40,0xf0,0x00,0x00,
0x00,0x1f,0x00,0xb4,0x0f,0x00,0x00,0x00,0x01,0xf0,0x0b,0x40,0xf0,0x00,0x00,0x00,0x1e,0x00,0xbf,0xff,
0x00,0x00,0x00,0x01,0xe0,0x0b,0xff,0xf1,0xff,0xff,0xfe,0x2e,0x00,0xb4,0x00,0x1f,0xff,0xff,0xe2,0xd0,
0x0b,0x40,0x00,0x00,0x00,0x00,0x3d,0x00,0xb4,0x00,0x00,0x00,0x00,0x03,0xd0,0x00,0x00,0x00,0x00,0x00,
0x00,0x7c,0x00,0x00,0x00,0x00,0x00,0x00,0x0b,0x80,0x00,0x00,0x00,0x00,0x00,0x00,0xf4,0x00,0x00,0x00,
0x00,0x00,0x1f,0xff,0x00,0x00,0x00,0x00,0x00,0x00,0xff,0xd0,0x00,0x00,0x00,0x00,0x00,0x00,0x00,0x00,
0x00,0x00,0x00,0x00,0x00,0x00,0x00,0x00,0x2f,0xff,0xff,0xff,0xff,0xff,0x80,0x02,0xff,0xff,0xff,0xff,
0xff,0xf8,0x00,0x00,0x00,0x03,0xd0,0x00,0x00,0x00,0x00,0x00,0x00,0xbc,0x00,0x00,0x00,0x00,0x00,0x00,
0x0f,0x80,0x00,0x00,0x00,0x00,0x00,0x01,0xf4,0x00,0x00,0x00,0x00,0x00,0x00,0x2f,0x00,0x00,0x00,0x00,
0x1f,0xff,0xff,0xff,0xff,0xff,0xff,0x41,0xff,0xff,0xff,0xff,0xff,0xff,0xf4,0x00,0x00,0x1f,0x40,0x1f,
0x40,0x00,0x00,0x00,0x07,0xe0,0x00,0xbc,0x00,0x00,0x00,0x01,0xf8,0x00,0x03,0xf0,0x00,0x00,0x00,0x7f,
0x00,0x00,0x0f,0xd0,0x00,0x00,0x1f,0xc0,0x00,0x00,0x2f,0x80,0x00,0x0b,0xff,0xff,0xff,0xff,0xff,0x40,
0x07,0xff,0xff,0xff,0xff,0xff,0xff,0x82,0xfd,0xf8,0x00,0x00,0x02,0xf2,0xf8,0x1e,0x0b,0x40,0x00,0x00,
0x1f,0x06,0x40,0x40,0xb4,0x00,0x00,0x01,0xf0,0x00,0x00,0x0b,0x40,0x00,0x00,0x1f,0x00,0x00,0x00,0xb4,
0x00,0x00,0x01,0xf0,0x00,0x00,0x0b,0x40,0x00,0x00,0x1f,0x00,0x00,0x00,0xb8,0x00,0x00,0x02,0xf0,0x00,
0x00,0x0b,0xff,0xff,0xff,0xff,0x00,0x00,0x00,0xbf,0xff,0xff,0xff,0xf0,0x00,0x00,0x0b,0x40,0x00,0x00,
0x1f,0x00,0x00,0x00,0x50,0x00,0x00,0x00,0x50,0x00,0x00,0x00,0x00,0x00,0x00,0x00,0x00,0x00,0x00,0x00,
0x00,0x00,0xb8,0x00,0x00,0x00,0x00,0x00,0x00,0x0b,0x80,0x00,0x00,0x00,0x00,0x00,0x00,0xb8,0x00,0x00,
0x0b,0xff,0xf0,0x00,0x0b,0x80,0x00,0x00,0xbf,0xff,0x00,0x00,0xb8,0x00,0x00,0x0b,0x40,0xf0,0xbf,0xff,
0xff,0xfd,0x00,0xb4,0x0f,0x0b,0xff,0xff,0xff,0xd0,0x0b,0x40,0xf0,0x00,0x0b,0x80,0x00,0x00,0xb4,0x0f,
0x00,0x00,0xb8,0x00,0x00,0x0b,0x40,0xf0,0x00,0x0b,0x80,0x00,0x00,0xb4,0x0f,0x00,0x00,0xb8,0x00,0x00,
0x0b,0x40,0xf0,0x00,0x0b,0x80,0x00,0x00,0xb4,0x0f,0x3f,0xff,0xff,0xff,0xf8,0x0b,0x40,0xf3,0xff,0xff,
0xff,0xff,0x80,0xb4,0x0f,0x05,0x56,0xfe,0x55,0x50,0x0b,0x40,0xf0,0x00,0x3f,0xf0,0x00,0x00,0xb4,0x0f,
0x00,0x07,0xff,0x80,0x00,0x0b,0x40,0xf0,0x00,0xff,0xfc,0x00,0x00,0xb5,0x5f,0x00,0x2e,0xba,0xe0,0x00,
0x0b,0xff,0xf0,0x07,0xdb,0x9f,0x40,0x00,0xbf,0xff,0x00,0xf8,0xb8,0xb8,0x00,0x0b,0x40,0x00,0x2f,0x0b,
0x83,0xe0,0x00,0xb4,0x00,0x0b,0xd0,0xb8,0x1f,0x40,0x05,0x00,0x02,0xf4,0x0b,0x80,0xbd,0x00,0x00,0x01,
0xfd,0x00,0xb8,0x02,0xf8,0x00,0x00,0x1f,0x40,0x0b,0x80,0x0b,0x00,0x00,0x00,0x40,0x00,0xb8,0x00,0x10,
0x00,0x00,0x00,0x00,0x0b,0x80,0x00,0x00,0x00,0x00,0x00,0x00,0x14,0x00,0x00,0x00,0x00,0x00,0x01,0x00,
0x00,0x00,0x00,0x00,0x00,0x00,0xb8,0x00,0x00,0x00,0x00,0x00,0x00,0x2f,0x80,0x00,0x00,0x00,0x00,0x00,
0x0b,0xfe,0x00,0x00,0x00,0x00,0x00,0x02,0xf9,0xf8,0x00,0x00,0x00,0x00,0x01,0xfe,0x07,0xe0,0x00,0x00,
0x00,0x00,0x7f,0x40,0x1f,0xd0,0x00,0x00,0x00,0x7f,0xd0,0x00,0x7f,0x90,0x00,0x00,0x6f,0xe0,0x00,0x00,
0xbf,0x90,0x01,0xbf,0xf7,0xff,0xff,0xfd,0xff,0xe4,0x2f,0xf4,0x3f,0xff,0xff,0xc1,0xff,0x40,0xf4,0x00,
0x00,0x00,0x00,0x01,0xe0,0x04,0x00,0x00,0x00,0x00,0x00,0x00,0x00,0x00,0x00,0x00,0x00,0x00,0x00,0x00,
0x01,0xff,0xff,0xc0,0xff,0xff,0xf4,0x00,0x1f,0xff,0xfc,0x0f,0xff,0xff,0x40,0x01,0xf0,0x03,0xc0,0xf4,
0x00,0xf4,0x00,0x1f,0x00,0x3c,0x0f,0x40,0x0f,0x40,0x01,0xf0,0x03,0xc0,0xf4,0x00,0xf4,0x00,0x1f,0x00,
0x3c,0x0f,0x40,0x0f,0x40,0x01,0xf0,0x03,0xc0,0xf4,0x00,0xf4,0x00,0x1f,0x00,0x3c,0x0f,0x40,0x0f,0x40,
0x01,0xff,0xff,0xc0,0xf4,0x00,0xf4,0x00,0x1f,0xff,0xfc,0x0f,0x4b,0xff,0x00,0x01,0xf0,0x00,0x00,0xf4,
0x7f,0x90,0x00,0x1f,0x00,0x00,0x0f,0x40,0x00,0x00,0x00,0xa0,0x00,0x00,0xf4,0x00,0x00,0x00,0x00,0x00,
0x00,0x0f,0x40,0x00,0x00,0x00,0x00,0x00,0x00,0xf4,0x00,0x00,0x00,0x00,0x00,0x00,0x05,0x00,0x00,0x00,
0x00,0x00,0x00,0x10,0x00,0x00,0x00,0x00,0x00,0x00,0x07,0x80,0x00,0x00,0x00,0x00,0x00,0x00,0x78,0x00,
0x00,0x00,0x00,0xbf,0xfc,0x07,0x80,0x00,0x00,0x00,0x0b,0xff,0xc0,0x78,0x00,0xbf,0xff,0x00,0xb0,0x3c,
0x07,0x80,0x0b,0xff,0xf0,0x0b,0x03,0xc0,0x78,0x00,0xb4,0x0f,0x00,0xb0,0x3c,0xff,0xff,0xcb,0x40,0xf0,
0x0b,0x03,0xcf,0xff,0xfc,0xb4,0x0f,0x00,0xb0,0x3c,0x07,0x43,0xcb,0x40,0xf0,0x0b,0x03,0xc0,0xb4,0x3c,
0xb4,0x0f,0x00,0xb0,0x3c,0x0b,0x43,0xcb,0x40,0xf0,0x0b,0x03,0xc0,0xb4,0x3c,0xb4,0x0f,0x00,0xb0,0x3c,
0x0b,0x43,0xcb,0x40,0xf0,0x0b,0x03,0xc0,0xb4,0x3c,0xb4,0x0f,0x00,0xb0,0x3c,0x0f,0x03,0xcb,0x40,0xf0,
0x0b,0x03,0xc0,0xf0,0x38,0xb4,0x0f,0x00,0xb0,0x3c,0x1e,0x07,0x8b,0x40,0xf0,0x0b,0x03,0xc1,0xe0,0x78,
0xb4,0x0f,0x00,0xbf,0xfc,0x1d,0x07,0x8b,0x40,0xf0,0x0b,0xff,0xc2,0xd0,0x78,0xb4,0x0f,0x00,0xb0,0x00,
0x3c,0x07,0x8b,0x40,0xf0,0x0b,0x00,0x07,0x80,0xb4,0xb4,0x0f,0x00,0xb0,0x00,0xb4,0x0b,0x4b,0xff,0xf0,
0x00,0x00,0x0f,0x00,0xb4,0xbf,0xff,0x00,0x00,0x02,0xe0,0x0f,0x0b,0x40,0xf0,0x00,0x00,0x7c,0x01,0xf0,
0xb4,0x0f,0x00,0x00,0x0f,0x87,0xfe,0x0b,0x40,0xf0,0x00,0x00,0xb0,0x3f,0x80,0x50,0x04,0x00,0x00,0x01,
0x00,0x00,0x00,0x00,0x00,0x00,0x00,0x00,0x00,0x00,0x04,0x00,0x00,0x00,0x00,0x0b,0x40,0x03,0xc0,0x00,
0x00,0x00,0x00,0xb4,0x00,0x2d,0x00,0x00,0x00,0x00,0x0b,0x40,0x01,0xe0,0x00,0x0f,0xff,0x80,0xb4,0x00,
0x0f,0x00,0x00,0xff,0xf8,0x0b,0x40,0x00,0x90,0x00,0x0f,0x07,0x80,0xb4,0x1f,0xff,0xff,0x40,0xf0,0x79,
0xff,0xf9,0xff,0xff,0xf4,0x0f,0x07,0x9f,0xff,0x80,0x00,0x00,0x00,0xf0,0x78,0x0b,0x40,0x00,0x00,0x00,
0x0f,0x07,0x80,0xb4,0x06,0x00,0x2d,0x00,0xf0,0x78,0x0b,0x40,0xb4,0x03,0xd0,0x0f,0x07,0x80,0xb4,0x07,
0x40,0x3c,0x00,0xf0,0x78,0x0b,0x40,0x78,0x03,0xc0,0x0f,0x07,0x80,0xb5,0x83,0x80,0x7c,0x00,0xf0,0x78,
0x0b,0xfc,0x3c,0x07,0x80,0x0f,0x07,0x86,0xfe,0x43,0xc0,0x78,0x00,0xf0,0x7a,0xff,0x40,0x2d,0x0b,0x40,
0x0f,0x07,0x9e,0xb4,0x02,0xd0,0xb4,0x00,0xff,0xf8,0x0b,0x40,0x2d,0x0f,0x00,0x0f,0xff,0x80,0xb4,0x01,
0xe0,0xf0,0x00,0xf0,0x00,0x0b,0x40,0x1e,0x1e,0x00,0x0f,0x00,0x00,0xb4,0x01,0xe1,0xe0,0x00,0xb0,0x00,
0x0b,0x40,0x1e,0x2d,0x00,0x00,0x00,0x00,0xb4,0x01,0x92,0xc0,0x00,0x00,0x00,0x0b,0x40,0x00,0x3c,0x00,
0x00,0x00,0x00,0xb4,0xbf,0xff,0xff,0x80,0x00,0x01,0xff,0x4b,0xff,0xff,0xf8,0x00,0x00,0x0f,0xd0,0x00,
0x00,0x00,0x00,0x00,0x00,0x00,0x00,0x00,0x00,0x00,0x00,0x00,0x00,0x05,0x00,0x00,0x00,0x00,0x00,0x00,
0x01,0xf0,0x00,0x00,0x00,0x00,0x00,0x00,0x1f,0x00,0x00,0x00,0x00,0xbf,0xff,0xff,0xff,0xff,0xff,0xe0,
0x06,0xaa,0xaa,0xaf,0xaa,0xaa,0xaa,0x00,0x00,0x00,0x01,0xf0,0x00,0x00,0x00,0x00,0x00,0x00,0x1f,0x00,
0x00,0x00,0x00,0x07,0xff,0xff,0xff,0xff,0xfe,0x00,0x00,0x6a,0xaa,0xaa,0xaa,0xaa,0x90,0x00,0x00,0x00,
0x00,0x00,0x00,0x00,0x00,0x00,0x0f,0xff,0xff,0xff,0xff,0x40,0x00,0x00,0xfa,0xaa,0xaa,0xaa,0xf4,0x00,
0x00,0x0f,0x00,0x00,0x00,0x0f,0x40,0x00,0x00,0xf0,0x00,0x00,0x00,0xf4,0x00,0x00,0x0f,0xaa,0xaa,0xaa,
0xaf,0x40,0x00,0x00,0xff,0xff,0xff,0xff,0xf4,0x00,0x00,0x00,0xb8,0x00,0x02,0xe0,0x00,0x00,0x00,0x07,
0xc0,0x00,0x7d,0x00,0x00,0x1a,0xaa,0xff,0xaa,0xaf,0xea,0xaa,0x42,0xff,0xff,0xff,0xff,0xff,0xff,0xf8,
0x00,0x00,0x00,0x00,0x00,0x00,0x00,0x00,0x00,0x00,0x00,0x00,0x00,0x00,0x00,0x00,0x2f,0xff,0xff,0xff,
0xff,0x80,0x00,0x02,0xfa,0xaa,0xaa,0xaa,0xf8,0x00,0x00,0x2e,0x00,0x00,0x00,0x0b,0x80,0x00,0x02,0xe0,
0x00,0x00,0x00,0xb8,0x00,0x00,0x2f,0xaa,0xaa,0xaa,0xab,0x80,0x00,0x02,0xff,0xff,0xff,0xff,0xf8,0x00,
0x00,0x2e,0x00,0x00,0x00,0x0b,0x80,0x00,0x00,0x00,0x00,0x00,0x00,0x00,0x00,0x00,0x00,0x03,0xff,0xff,
0xff,0xff,0x80,0x00,0x00,0x3f,0xff,0xff,0xff,0xf8,0x0b,0xff,0xd3,0xd0,0x00,0x00,0x00,0x00,0xbf,0xfd,
0x3c,0x00,0x00,0x00,0x00,0x0b,0x02,0xd3,0xc0,0x00,0x00,0x00,0x00,0xb0,0x2d,0x3c,0x3f,0xff,0xff,0xd0,
0x0b,0x02,0xd3,0xc3,0xea,0xfa,0xbd,0x00,0xb0,0x2d,0x3c,0x38,0x0b,0x02,0xd0,0x0b,0x02,0xd3,0xc3,0x80,
0xb0,0x2d,0x00,0xb0,0x2d,0x3c,0x3e,0xaf,0xaa,0xd0,0x0b,0x02,0xd3,0xc3,0xff,0xff,0xfd,0x00,0xb0,0x2d,
0x3c,0x38,0x0b,0x02,0xd0,0x0b,0x02,0xd3,0xc3,0x80,0xb0,0x2d,0x00,0xb0,0x2d,0x3c,0x38,0x0b,0x02,0xd0,
0x0b,0x02,0xd3,0xc3,0xea,0xfa,0xad,0x00,0xb0,0x2d,0x3c,0x3f,0xff,0xff,0xd0,0x0b,0xff,0xd3,0xc0,0x00,
0xf0,0x00,0x00,0xbf,0xfd,0x78,0x00,0x0f,0x00,0x00,0x0b,0x00,0x07,0x80,0x00,0xf0,0x00,0x00,0xb0,0x00,
0xb8,0x7f,0xff,0xff,0xe0,0x0a,0x00,0x0b,0x47,0xff,0xff,0xfe,0x00,0x00,0x00,0xf0,0x00,0x0f,0x00,0x00,
0x00,0x00,0x1e,0x00,0x00,0xf0,0x00,0x00,0x00,0x02,0xd0,0x00,0x0f,0x00,0x00,0x00,0x00,0x7c,0x2f,0xff,
0xff,0xff,0x80,0x00,0x0b,0x42,0xff,0xff,0xff,0xf8,0x00,0x00,0x20,0x00,0x00,0x00,0x00,0x00,0x00,0x00,
0x00,0x00,0x00,0x00,0x00,0x0b,0xff,0xff,0xff,0xff,0xff,0xfe,0x00,0xbf,0xff,0xff,0xff,0xff,0xff,0xe0,
0x0b,0x95,0x55,0x55,0x55,0x55,0x7e,0x00,0xb8,0x00,0x00,0x00,0x00,0x03,0xe0,0x0b,0x80,0x00,0x00,0x00,
0x00,0x3e,0x00,0xb8,0x00,0x00,0x00,0x00,0x03,0xe0,0x0b,0x80,0x00,0x00,0x00,0x00,0x3e,0x00,0xb8,0x03,
0xff,0xff,0xf8,0x03,0xe0,0x0b,0x80,0x3f,0xff,0xff,0x80,0x3e,0x00,0xb8,0x03,0xd0,0x00,0x78,0x03,0xe0,
0x0b,0x80,0x3d,0x00,0x07,0x80,0x3e,0x00,0xb8,0x03,0xd0,0x00,0x78,0x03,0xe0,0x0b,0x80,0x3d,0x00,0x07,
0x80,0x3e,0x00,0xb8,0x03,0xd0,0x00,0x78,0x03,0xe0,0x0b,0x80,0x3d,0x00,0x07,0x80,0x3e,0x00,0xb8,0x03,
0xd0,0x00,0x78,0x03,0xe0,0x0b,0x80,0x3f,0xff,0xff,0x80,0x3e,0x00,0xb8,0x03,0xff,0xff,0xf8,0x03,0xe0,
0x0b,0x80,0x00,0x00,0x00,0x00,0x3e,0x00,0xb8,0x00,0x00,0x00,0x00,0x03,0xe0,0x0b,0x80,0x00,0x00,0x00,
0x00,0x3e,0x00,0xb8,0x00,0x00,0x00,0x00,0x03,0xe0,0x0b,0x80,0x00,0x00,0x00,0x00,0x3e,0x00,0xbf,0xff,
0xff,0xff,0xff,0xff,0xe0,0x0b,0xff,0xff,0xff,0xff,0xff,0xfe,0x00,0xb8,0x00,0x00,0x00,0x00,0x03,0xe0,
0x0b,0x80,0x00,0x00,0x00,0x00,0x3e,0x00,0x00,0x00,0x00,0x00,0x00,0x00,0x00,0x07,0xff,0xff,0xff,0xff,
0xff,0xfe,0x00,0x7f,0xff,0xff,0xff,0xff,0xff,0xe0,0x07,0x80,0x00,0x00,0x00,0x00,0x2e,0x00,0x78,0x00,
0x00,0x50,0x00,0x02,0xe0,0x07,0x80,0x00,0x0f,0x00,0x00,0x2e,0x00,0x78,0x00,0x00,0xf0,0x00,0x02,0xe0,
0x07,0x80,0x00,0x0f,0x00,0x00,0x2e,0x00,0x78,0x00,0x00,0xf0,0x00,0x02,0xe0,0x07,0x87,0xff,0xff,0xff,
0xfe,0x2e,0x00,0x78,0x7f,0xff,0xff,0xff,0xe2,0xe0,0x07,0x80,0x00,0xbf,0xc0,0x00,0x2e,0x00,0x78,0x00,
0x1f,0xfe,0x00,0x02,0xe0,0x07,0x80,0x03,0xdf,0xb8,0x00,0x2e,0x00,0x78,0x00,0xb8,0xf2,0xe0,0x02,0xe0,
0x07,0x80,0x2e,0x0f,0x0f,0x80,0x2e,0x00,0x78,0x07,0xd0,0xf0,0x3e,0x02,0xe0,0x07,0x81,0xf4,0x0f,0x01,
0xf8,0x2e,0x00,0x78,0xbd,0x00,0xf0,0x07,0xd2,0xe0,0x07,0x9f,0x40,0x0f,0x00,0x1e,0x2e,0x00,0x78,0x50,
0x00,0xf0,0x00,0x42,0xe0,0x07,0x80,0x00,0x0f,0x00,0x00,0x2e,0x00,0x78,0x00,0x00,0xf0,0x00,0x02,0xe0,
0x07,0x80,0x00,0x05,0x00,0x00,0x2e,0x00,0x78,0x00,0x00,0x00,0x00,0x02,0xe0,0x07,0xff,0xff,0xff,0xff,
0xff,0xfe,0x00,0x7f,0xff,0xff,0xff,0xff,0xff,0xe0,0x07,0x80,0x00,0x00,0x00,0x00,0x2e,0x00,0x54,0x00,
0x00,0x00,0x00,0x01,0x50,0x07,0xff,0xff,0xff,0xff,0xff,0xfd,0x00,0x7f,0xff,0xff,0xff,0xff,0xff,0xd0,
0x07,0xc0,0x00,0x00,0x00,0x00,0x3d,0x00,0x7c,0x00,0x00,0x00,0x00,0x03,0xd0,0x07,0xc0,0x00,0x00,0x00,
0x00,0x3d,0x00,0x7c,0x2f,0xff,0xff,0xff,0x83,0xd0,0x07,0xc2,0xff,0xff,0xff,0xf8,0x3d,0x00,0x7c,0x00,
0x01,0xf0,0x00,0x03,0xd0,0x07,0xc0,0x00,0x1f,0x00,0x00,0x3d,0x00,0x7c,0x00,0x01,0xf0,0x00,0x03,0xd0,
0x07,0xc0,0x00,0x1f,0x00,0x00,0x3d,0x00,0x7c,0x0f,0xff,0xff,0xff,0x03,0xd0,0x07,0xc0,0xff,0xff,0xff,
0xf0,0x3d,0x00,0x7c,0x00,0x01,0xf0,0x00,0x03,0xd0,0x07,0xc0,0x00,0x1f,0x0f,0x00,0x3d,0x00,0x7c,0x00,
0x01,0xf0,0xb8,0x03,0xd0,0x07,0xc0,0x00,0x1f,0x02,0xe0,0x3d,0x00,0x7c,0x00,0x01,0xf0,0x0f,0x03,0xd0,
0x07,0xc0,0x00,0x1f,0x00,0x40,0x3d,0x00,0x7c,0x7f,0xff,0xff,0xff,0xd3,0xd0,0x07,0xc3,0xff,0xff,0xff,
0xfd,0x3d,0x00,0x7c,0x00,0x00,0x00,0x00,0x03,0xd0,0x07,0xc0,0x00,0x00,0x00,0x00,0x3d,0x00,0x7c,0x00,
0x00,0x00,0x00,0x03,0xd0,0x07,0xff,0xff,0xff,0xff,0xff,0xfd,0x00,0x7f,0xff,0xff,0xff,0xff,0xff,0xd0,
0x07,0xc0,0x00,0x00,0x00,0x00,0x3d,0x00,0x14,0x00,0x00,0x00,0x00,0x01,0x40,0x00,0x00,0x00,0x00,0x00,
0x00,0x00,0x00,0x00,0x00,0x2e,0x00,0x00,0x00,0x00,0x00,0x00,0x02,0xe0,0x00,0x00,0x00,0x00,0x00,0x00,
0x3d,0x00,0x00,0x00,0x00,0x00,0x00,0x07,0xc0,0x00,0x00,0x00,0x00,0x00,0x00,0xb8,0x00,0x00,0x00,0x00,
0x0f,0xff,0xff,0xff,0xff,0xff,0xff,0x00,0xff,0xff,0xff,0xff,0xff,0xff,0xf0,0x00,0x00,0x7d,0x00,0x00,
0x00,0x00,0x00,0x00,0x0b,0xc0,0x00,0x50,0x00,0x00,0x00,0x01,0xf4,0x00,0x0f,0x40,0x00,0x00,0x00,0x3e,
0x00,0x00,0xf4,0x00,0x00,0x00,0x0b,0xc0,0x00,0x0f,0x40,0x00,0x00,0x02,0xf4,0x00,0x00,0xf4,0x00,0x00,
0x00,0xbf,0x00,0x00,0x0f,0x40,0x00,0x00,0x1f,0xf0,0x2f,0xff,0xff,0xff,0xc0,0x0b,0xff,0x02,0xff,0xff,
0xff,0xfc,0x02,0xf9,0xf0,0x00,0x00,0xf4,0x00,0x00,0x1e,0x1f,0x00,0x00,0x0f,0x40,0x00,0x00,0x41,0xf0,
0x00,0x00,0xf4,0x00,0x00,0x00,0x1f,0x00,0x00,0x0f,0x40,0x00,0x00,0x01,0xf0,0x00,0x00,0xf4,0x00,0x00,
0x00,0x1f,0x00,0x00,0x0f,0x40,0x00,0x00,0x01,0xf0,0x00,0x00,0xf4,0x00,0x00,0x00,0x1f,0x00,0x00,0x0f,
0x40,0x00,0x00,0x01,0xf0,0x00,0x00,0xf4,0x00,0x00,0x00,0x1f,0x0f,0xff,0xff,0xff,0xff,0x00,0x01,0xf0,
0xff,0xff,0xff,0xff,0xf0,0x00,0x1f,0x00,0x00,0x00,0x00,0x00,0x00,0x00,0x00,0x00,0x00,0x00,0x00,0x00,
0x00,0x00,0x2d,0x00,0x00,0x00,0x00,0x00,0x00,0x03,0xd2,0xff,0xff,0xff,0xe0,0x00,0x00,0xb8,0x2f,0xaa,
0xaa,0xbe,0x00,0x00,0x1f,0x42,0xd0,0x00,0x02,0xe0,0x00,0x03,0xd0,0x2d,0x00,0x00,0x2e,0x00,0x00,0xbc,
0x02,0xea,0xaa,0xab,0xe0,0x00,0x2f,0xc0,0x2f,0xff,0xff,0xfe,0x00,0x0b,0xfc,0x00,0x00,0x2d,0x00,0x00,
0x02,0xfb,0xc0,0x00,0x02,0xd0,0x00,0x00,0x2e,0x3c,0x6a,0xaa,0xbf,0xaa,0xaa,0x00,0x83,0xc7,0xff,0xff,
0xff,0xff,0xf0,0x00,0x3c,0x00,0x0b,0xae,0xf4,0x00,0x00,0x03,0xc0,0x02,0xe2,0xd7,0xd0,0x00,0x00,0x3c,
0x00,0xbc,0x2d,0x1f,0x80,0x00,0x03,0xc0,0x7f,0x02,0xd0,0x7f,0x40,0x00,0x3c,0x2f,0x80,0x2d,0x01,0xfe,
0x40,0x03,0xc7,0xe0,0x02,0xd0,0x02,0xf0,0x00,0x3c,0x14,0x0a,0x2d,0x00,0x05,0x00,0x01,0x40,0x01,0xf0,
0x00,0x00,0x00,0x00,0x00,0x00,0x1f,0x00,0x00,0x00,0x00,0x0f,0xff,0xff,0xff,0xff,0xff,0x00,0x00,0xff,
0xff,0xff,0xff,0xff,0xf0,0x00,0x00,0x00,0x01,0xf0,0x00,0x00,0x00,0x00,0x00,0x00,0x1f,0x00,0x00,0x00,
0x00,0x00,0x00,0x01,0xf0,0x00,0x00,0x00,0x2f,0xff,0xff,0xff,0xff,0xff,0xff,0x83,0xff,0xff,0xff,0xff,
0xff,0xff,0xfc,0x00,0x00,0x00,0x00,0x00,0x00,0x00,0x00,0x00,0x1e,0x00,0x00,0x00,0x00,0x00,0x00,0x03,
0xe0,0x00,0x00,0x00,0x00,0x00,0x00,0xbc,0x00,0x00,0x00,0x00,0x00,0x00,0x1f,0xff,0xff,0xff,0xff,0xfc,
0x00,0x03,0xff,0xff,0xff,0xff,0xff,0xc0,0x00,0xf8,0x00,0x00,0x00,0x00,0x00,0x00,0x7f,0x00,0x00,0x00,
0x00,0x00,0x00,0x1f,0xdb,0xff,0xff,0xff,0xff,0xc0,0x00,0xb0,0xbe,0xaa,0xaa,0xaa,0xbc,0x00,0x00,0x0b,
0x80,0x00,0x00,0x07,0xc0,0x00,0x00,0xba,0xaa,0xaa,0xaa,0xbc,0x00,0x00,0x0b,0xff,0xff,0xff,0xff,0xc0,
0x00,0x00,0xb8,0x00,0x00,0x00,0x7c,0x00,0x00,0x0b,0x80,0x00,0x00,0x07,0xc0,0x00,0x00,0xbe,0xaa,0xaa,
0xaa,0xbc,0x00,0x00,0x0b,0xff,0xff,0xff,0xff,0xc0,0x00,0x00,0x02,0xe0,0x00,0x00,0x00,0x00,0x00,0x00,
0xbc,0x00,0x00,0x00,0x00,0x00,0x00,0x2f,0xff,0xff,0xff,0xf4,0x00,0x00,0x0b,0xfa,0xaa,0xaa,0xbf,0x00,
0x00,0x07,0xff,0x80,0x00,0x1f,0xd0,0x00,0x02,0xf8,0x3e,0x00,0x07,0xf0,0x00,0x00,0x2e,0x00,0xbe,0x07,
0xf8,0x00,0x00,0x00,0x40,0x01,0xff,0xf9,0x00,0x00,0x00,0x00,0x00,0x6f,0xff,0x94,0x00,0x00,0x00,0x56,
0xff,0xf9,0xbf,0xfa,0x54,0x02,0xff,0xff,0x90,0x00,0x6f,0xff,0xf8,0x1f,0xe9,0x40,0x00,0x00,0x05,0xab,
0x00,0x00,0x00,0x00,0x00,0x00,0x00,0x00,0x00,0x00,0x00,0x05,0x00,0x00,0x00,0x00,0x00,0x00,0x01,0xf4,
0x00,0x00,0x00,0x00,0x00,0x00,0x1f,0x40,0x00,0x00,0x00,0x00,0x00,0x01,0xf4,0x00,0x00,0x00,0x00,0x00,
0x00,0x1f,0x00,0x00,0x00,0x00,0x00,0x00,0x01,0xf0,0x00,0x00,0x00,0x00,0x00,0x00,0x1f,0x00,0x00,0x00,
0x00,0x00,0x00,0x01,0xf0,0x00,0x00,0x00,0x00,0x00,0x00,0x2f,0x00,0x00,0x00,0x00,0x55,0x55,0x56,0xf5,
0x55,0x55,0x50,0x0f,0xff,0xff,0xff,0xff,0xff,0xff,0x40,0xff,0xff,0xff,0xff,0xff,0xff,0xf4,0x00,0x00,
0x00,0x3f,0xc0,0x00,0x00,0x00,0x00,0x00,0x07,0xfd,0x00,0x00,0x00,0x00,0x00,0x00,0xba,0xf0,0x00,0x00,
0x00,0x00,0x00,0x0f,0x5f,0x40,0x00,0x00,0x00,0x00,0x01,0xf0,0xf8,0x00,0x00,0x00,0x00,0x00,0x2e,0x07,
0xd0,0x00,0x00,0x00,0x00,0x07,0xd0,0x3e,0x00,0x00,0x00,0x00,0x00,0xbc,0x01,0xf4,0x00,0x00,0x00,0x00,
0x1f,0x40,0x0f,0xc0,0x00,0x00,0x00,0x07,0xe0,0x00,0x7e,0x00,0x00,0x00,0x00,0xfd,0x00,0x02,0xf8,0x00,
0x00,0x00,0x3f,0x40,0x00,0x0b,0xe0,0x00,0x00,0x1f,0xd0,0x00,0x00,0x3f,0x80,0x00,0x0b,0xf4,0x00,0x00,
0x00,0xfe,0x40,0x07,0xfd,0x00,0x00,0x00,0x03,0xfe,0x01,0xfe,0x00,0x00,0x00,0x00,0x0b,0xf4,0x0b,0x40,
0x00,0x00,0x00,0x00,0x1a,0x00,0x00,0x00,0x00,0x00,0x00,0x00,0x00,0x03,0xff,0xff,0xff,0xff,0xff,0xf8,
0x00,0x3f,0xff,0xff,0xff,0xff,0xff,0x80,0x01,0x55,0x55,0x6f,0x55,0x55,0x54,0x00,0x00,0x00,0x01,0xf0,
0x00,0x00,0x00,0x00,0x00,0x00,0x1f,0x00,0x00,0x00,0x00,0x00,0x00,0x01,0xf0,0x00,0x00,0x00,0x00,0x00,
0x00,0x1f,0x00,0x00,0x00,0x00,0x00,0x00,0x01,0xf0,0x00,0x00,0x00,0x00,0x00,0x00,0x2f,0x00,0x00,0x00,
0x00,0x55,0x55,0x56,0xf5,0x55,0x55,0x50,0x0f,0xff,0xff,0xff,0xff,0xff,0xff,0x00,0xff,0xff,0xff,0xff,
0xff,0xff,0xf0,0x00,0x00,0x00,0x7f,0xc0,0x00,0x00,0x00,0x00,0x00,0x0b,0xfd,0x00,0x00,0x00,0x00,0x00,
0x00,0xfa,0xe0,0x00,0x00,0x00,0x00,0x00,0x1f,0x4f,0x40,0x00,0x00,0x00,0x00,0x03,0xf0,0xbc,0x00,0x00,
0x00,0x00,0x00,0xbd,0x03,0xe0,0x00,0x00,0x00,0x00,0x1f,0x80,0x1f,0x40,0x00,0x00,0x00,0x07,0xf0,0x00,
0xbd,0x00,0x00,0x00,0x01,0xfd,0x00,0x02,0xf4,0x00,0x00,0x00,0xbf,0x40,0x00,0x0f,0xe0,0x00,0x00,0x7f,
0xd0,0x00,0x00,0x2f,0xd0,0x00,0x6f,0xe0,0x00,0x00,0x00,0xbf,0xe0,0x1f,0xe4,0x00,0x00,0x00,0x01,0xbf,
0x80,0xa4,0x00,0x00,0x00,0x00,0x01,0xb0,0x00,0x00,0x00,0x00,0x00,0x00,0x00,0x00,0x00,0x00,0x00,0x05,
0x00,0x00,0x00,0x00,0x00,0x28,0x01,0xf0,0x00,0x00,0x00,0x00,0x07,0xc0,0x1f,0x00,0x00,0x00,0x00,0x00,
0xb8,0x01,0xf0,0x00,0x00,0x00,0x00,0x0f,0x40,0x1f,0x00,0x00,0x00,0x00,0x01,0xf0,0x01,0xf0,0x00,0x00,
0x00,0x00,0x3f,0xff,0xff,0xff,0xff,0xf0,0x00,0x07,0xff,0xff,0xff,0xff,0xff,0x00,0x00,0xb9,0x55,0x6f,
0x55,0x55,0x50,0x00,0x1f,0x40,0x01,0xf0,0x00,0x00,0x00,0x03,0xe0,0x00,0x1f,0x00,0x00,0x00,0x00,0xbd,
0x00,0x01,0xf0,0x00,0x00,0x00,0x0b,0x80,0x00,0x1f,0x00,0x00,0x00,0x00,0x00,0x00,0x02,0xe0,0x00,0x00,
0x00,0x05,0x55,0x55,0x6f,0x55,0x55,0x55,0x01,0xff,0xff,0xff,0xff,0xff,0xff,0xf4,0x1f,0xff,0xff,0xff,
0xff,0xff,0xff,0x40,0x00,0x00,0x07,0xfd,0x00,0x00,0x00,0x00,0x00,0x00,0xbe,0xe0,0x00,0x00,0x00,0x00,
0x00,0x1f,0x5f,0x40,0x00,0x00,0x00,0x00,0x02,0xf0,0xb8,0x00,0x00,0x00,0x00,0x00,0xbd,0x03,0xe0,0x00,
0x00,0x00,0x00,0x2f,0x80,0x1f,0x80,0x00,0x00,0x00,0x0b,0xf0,0x00,0xbe,0x00,0x00,0x00,0x06,0xfc,0x00,
0x02,0xfd,0x00,0x00,0x02,0xfe,0x00,0x00,0x0b,0xf8,0x00,0x06,0xff,0x40,0x00,0x00,0x1f,0xf9,0x01,0xff,
0x80,0x00,0x00,0x00,0x2f,0xf8,0x0b,0x80,0x00,0x00,0x00,0x00,0x1f,0x00,0x00,0x00,0x00,0x00,0x00,0x00,
0x00,0x00,0x00,0x00,0x00,0x00,0x00,0x00,0x00,0x00,0x00,0x00,0xf4,0x00,0x00,0x00,0x00,0x00,0x00,0x0f,
0x40,0x00,0x00,0x00,0x00,0x00,0x00,0xf4,0x00,0x00,0x00,0x00,0x00,0x00,0x0f,0x40,0x00,0x00,0x00,0x15,
0x55,0x55,0xf5,0x55,0x55,0x40,0x07,0xff,0xff,0xff,0xff,0xff,0xfd,0x00,0x7f,0xff,0xff,0xff,0xff,0xff,
0xd0,0x00,0x00,0x00,0x0f,0x40,0x04,0x00,0x00,0x01,0xe0,0x01,0xf4,0x01,0xf0,0x00,0x00,0x0f,0x40,0x1f,
0x00,0x2e,0x00,0x00,0x00,0xb8,0x01,0xf0,0x07,0xc0,0x00,0x00,0x03,0xc0,0x1f,0x00,0xb8,0x00,0x00,0x00,
0x2e,0x02,0xf0,0x1f,0x00,0x00,0x00,0x01,0xe0,0x2e,0x03,0xd0,0x00,0x00,0x55,0x55,0x56,0xe5,0x55,0x55,
0x50,0x1f,0xff,0xff,0xff,0xff,0xff,0xff,0x41,0xff,0xff,0xff,0xff,0xff,0xff,0xf4,0x00,0x00,0x00,0xbf,
0xd0,0x00,0x00,0x00,0x00,0x00,0x0f,0x5f,0x00,0x00,0x00,0x00,0x00,0x02,0xf0,0xf8,0x00,0x00,0x00,0x00,
0x00,0x7e,0x07,0xd0,0x00,0x00,0x00,0x00,0x0f,0xc0,0x2f,0x40,0x00,0x00,0x00,0x03,0xf4,0x00,0xbd,0x00,
0x00,0x00,0x01,0xfd,0x00,0x03,0xf8,0x00,0x00,0x01,0xbf,0x40,0x00,0x0b,0xf4,0x00,0x01,0xbf,0x90,0x00,
0x00,0x1f,0xf9,0x01,0xff,0xd0,0x00,0x00,0x00,0x6f,0xf4,0x0b,0x90,0x00,0x00,0x00,0x00,0x1e,0x00,0x00,
0x00,0x00,0x00,0x00,0x00,0x00,0x00,0x00,0x00,0x01,0x00,0x00,0x00,0x00,0x00,0x00,0x00,0xf4,0x00,0x00,
0x00,0x00,0x00,0x00,0x0f,0x40,0x00,0x00,0x00,0x00,0x00,0x01,0xf0,0x00,0x00,0x00,0x03,0xff,0xff,0xff,
0xff,0xff,0xfc,0x00,0x3f,0xff,0xff,0xff,0xff,0xff,0xc0,0x00,0x00,0x00,0x7d,0x00,0x00,0x00,0x00,0x00,
0x00,0x0f,0xfe,0x00,0x00,0x00,0x00,0x00,0x07,0xf7,0xfe,0x40,0x00,0x00,0x00,0x06,0xfc,0x06,0xff,0x90,
0x00,0x00,0x5b,0xfe,0x00,0x01,0xbf,0x90,0x00,0x3f,0xf9,0x00,0x00,0x01,0xbf,0x40,0x01,0x94,0x00,0x00,
0x00,0x00,0x90,0x01,0xff,0xff,0xff,0xff,0xff,0xff,0xf4,0x1f,0xff,0xff,0xff,0xff,0xff,0xff,0x40,0x00,
0x00,0x00,0x00,0x00,0xf4,0x00,0x00,0x00,0x00,0x00,0x00,0x0f,0x40,0x00,0x00,0x00,0x00,0x00,0x00,0xf4,
0x00,0x00,0x7f,0xff,0xff,0x80,0x0f,0x40,0x00,0x07,0xff,0xff,0xf8,0x00,0xf4,0x00,0x00,0x78,0x00,0x07,
0x80,0x0f,0x40,0x00,0x07,0x80,0x00,0x78,0x00,0xf4,0x00,0x00,0x78,0x00,0x07,0x80,0x0f,0x40,0x00,0x07,
0x80,0x00,0x78,0x00,0xf4,0x00,0x00,0x7f,0xff,0xff,0x80,0x0f,0x40,0x00,0x07,0xff,0xff,0xf8,0x00,0xf4,
0x00,0x00,0x78,0x00,0x00,0x00,0x0f,0x40,0x00,0x06,0x80,0x00,0x0b,0xff,0xf0,0x00,0x00,0x00,0x00,0x00,
0x3f,0xfd,0x00,0x00,0x00,0x00,0x00,0x00,0x00,0x00,0x00,0x00,0x04,0x00,0x00,0x00,0x00,0x00,0x00,0x02,
0xe0,0x00,0x00,0x00,0x00,0x00,0x00,0x3d,0x00,0x00,0x00,0x00,0x00,0x00,0x03,0xd0,0x00,0xbf,0xff,0xff,
0xd0,0x00,0x3c,0x00,0x0b,0xff,0xff,0xfd,0x00,0x07,0xc0,0x00,0x00,0x00,0x1f,0x80,0x00,0x78,0x00,0x00,
0x00,0x02,0xf0,0x02,0xff,0xff,0xf8,0x00,0x00,0xbd,0x00,0x2f,0xff,0xff,0x80,0x00,0x1f,0x40,0x00,0x0f,
0x40,0xb8,0x00,0x07,0xd0,0x00,0x01,0xf0,0x0b,0x40,0x00,0xf4,0x00,0x00,0x1e,0x00,0xf4,0x00,0x1f,0x00,
0x00,0x02,0xd0,0x0f,0x00,0x01,0xf0,0x00,0x00,0x3d,0x01,0xf0,0x00,0x1f,0x00,0x00,0x07,0xc0,0x2e,0x3f,
0xff,0xff,0xff,0x80,0x78,0x02,0xd3,0xff,0xff,0xff,0xf8,0x0b,0x80,0x3d,0x00,0x01,0xf4,0x00,0x00,0xfd,
0x07,0xc0,0x00,0x1f,0x00,0x00,0x07,0xf8,0xb8,0x00,0x01,0xf0,0x00,0x00,0x0b,0xff,0x40,0x00,0x1f,0x00,
0x00,0x00,0x1f,0xe0,0x00,0x01,0xf0,0x00,0x00,0x00,0x7f,0x40,0x00,0x1f,0x00,0x00,0x00,0x0f,0xfd,0x00,
0x01,0xf0,0x00,0x00,0x02,0xf7,0xf4,0x00,0x1f,0x00,0x00,0x00,0xbd,0x0f,0xc0,0x01,0xf0,0x00,0x00,0x2f,
0x80,0x74,0x00,0x1f,0x00,0x00,0x1b,0xe0,0x00,0x00,0x01,0xf0,0x00,0x03,0xf4,0x00,0x00,0x2f,0xff,0x00,
0x00,0x18,0x00,0x00,0x00,0xff,0x90,0x00,0x00,0x00,0x00,0x00,0x00,0x00,0x00,0x00,0x00,0x01,0x00,0x00,
0x00,0x00,0x00,0x00,0x00,0xb8,0x00,0x00,0x00,0x00,0x00,0x00,0x0b,0x40,0x00,0x00,0x00,0x00,0x00,0x00,
0xf4,0x00,0x00,0x00,0x00,0x00,0x00,0x0f,0x00,0x00,0xff,0xff,0xfe,0x00,0x01,0xf0,0x00,0x0f,0xff,0xff,
0xe0,0x00,0x1e,0x00,0x00,0xf4,0x00,0x2e,0x02,0xff,0xff,0xff,0x4f,0x00,0x02,0xe0,0x2f,0xff,0xff,0xf4,
0xf0,0x00,0x2e,0x00,0x07,0xd0,0x1f,0x0f,0x00,0x02,0xe0,0x00,0x7c,0x01,0xf0,0xf0,0x00,0x2e,0x00,0x0b,
0x80,0x1f,0x0f,0x00,0x02,0xe0,0x00,0xb4,0x02,0xe0,0xf0,0x00,0x2e,0x00,0x0f,0x40,0x2e,0x0f,0x00,0x02,
0xe0,0x01,0xf0,0x03,0xd0,0xf0,0x00,0x2e,0x00,0x2e,0x00,0x7c,0x0f,0x00,0x02,0xe0,0x02,0xd0,0x0b,0x80,
0xf0,0x00,0x2e,0x00,0x3f,0x40,0xb8,0x0f,0x00,0x02,0xe0,0x01,0xfd,0x1f,0x40,0xf0,0x00,0x2e,0x00,0x02,
0xfa,0xe0,0x0f,0x00,0x02,0xe0,0x00,0x0b,0xfd,0x00,0xf0,0x00,0x2e,0x00,0x00,0x1f,0xd0,0x0f,0x00,0x02,
0xe0,0x00,0x01,0xff,0x40,0xf0,0x00,0x2e,0x00,0x00,0x7e,0xfd,0x0f,0x00,0x02,0xe0,0x00,0x1f,0xc7,0xf0,
0xff,0xff,0xfe,0x00,0x07,0xf4,0x1e,0x0f,0xff,0xff,0xe0,0x02,0xfd,0x00,0x40,0xf4,0x00,0x2e,0x01,0xfe,
0x00,0x00,0x0f,0x00,0x02,0xe0,0x0a,0x40,0x00,0x00,0x50,0x00,0x00,0x00,0x00,0x00,0x00,0x00,0x00,0x00,
0x00,0x00,0x00,0x00,0x00,0x00,0x00,0x00,0x00,0x01,0xe0,0x00,0x00,0x00,0x00,0x00,0x00,0x2e,0x00,0x00,
0x00,0x00,0x00,0x00,0x02,0xe0,0x00,0x00,0x00,0x00,0x00,0x00,0x3d,0x00,0x2f,0xff,0xff,0xfc,0x00,0x03,
0xd0,0x02,0xff,0xff,0xff,0xc0,0x00,0x7c,0x00,0x00,0x00,0x00,0x3c,0x02,0xff,0xff,0xf4,0x00,0x00,0x03,
0xc0,0x2f,0xff,0xff,0x00,0x00,0x00,0x3c,0x00,0x0f,0x40,0xf0,0x00,0x00,0x03,0xc0,0x00,0xf4,0x0f,0x00,
0x00,0x00,0x3c,0x00,0x1f,0x01,0xf0,0x00,0x00,0x03,0xc0,0x01,0xe0,0x1e,0x00,0x00,0x00,0x3c,0x00,0x2e,
0x02,0xe0,0x55,0x55,0x57,0xc0,0x03,0xd0,0x2d,0x0b,0xff,0xff,0xfc,0x00,0x3c,0x03,0xc0,0xbf,0xff,0xff,
0xc0,0x07,0x80,0x7c,0x00,0x00,0x00,0x3c,0x00,0xbd,0x0b,0x80,0x00,0x00,0x03,0xc0,0x02,0xf8,0xf4,0x00,
0x00,0x00,0x3c,0x00,0x0b,0xff,0x00,0x00,0x00,0x03,0xc0,0x00,0x1f,0xe0,0x00,0x00,0x00,0x3c,0x00,0x00,
0x7f,0x40,0x00,0x00,0x03,0xc0,0x00,0x0f,0xfd,0x00,0x00,0x00,0x3c,0x00,0x02,0xf2,0xf4,0x00,0x00,0x03,
0xc0,0x00,0x7d,0x0b,0x40,0x00,0x00,0x7c,0x00,0x2f,0x80,0x12,0xff,0xff,0xff,0xc0,0x0b,0xe0,0x00,0x2f,
0xff,0xff,0xfc,0x02,0xf4,0x00,0x00,0x00,0x00,0x03,0xc0,0x09,0x00,0x00,0x00,0x00,0x00,0x3c,0x00,0x00,
0x00,0x00,0x00,0x00,0x00,0x00,0x00,0x00,0x00,0x00,0x00,0x00,0x00,0x00,0x02,0xd0,0x00,0x00,0xb8,0x00,
0x00,0x00,0x3d,0x00,0x00,0x0f,0x80,0x00,0x00,0x03,0xc0,0x00,0x01,0xf0,0x00,0x00,0x00,0x7c,0x00,0x00,
0x3e,0x00,0x00,0x00,0x07,0x80,0x00,0x07,0xc0,0x24,0x00,0x00,0x78,0x00,0x00,0xf8,0x0b,0xc0,0x02,0xff,
0xff,0xe0,0x2f,0x00,0x2e,0x00,0x2f,0xff,0xfe,0x03,0xd0,0x00,0xf4,0x00,0x1f,0x02,0xd0,0xb8,0x00,0x0b,
0x80,0x01,0xe0,0x2d,0x1f,0x00,0x01,0x7d,0x00,0x1e,0x02,0xd7,0xfa,0xff,0xff,0xf0,0x02,0xd0,0x3c,0xbf,
0xff,0xff,0xff,0x40,0x3c,0x03,0xc7,0xea,0x95,0x00,0xb8,0x03,0xc0,0x78,0x00,0x00,0x00,0x03,0x40,0x78,
0x07,0x80,0x00,0x00,0x00,0x00,0x0b,0x40,0xb4,0x00,0x00,0x00,0x00,0x00,0xf8,0x0f,0x40,0xff,0xff,0xff,
0xc0,0x07,0xf5,0xf0,0x0f,0xff,0xff,0xfc,0x00,0x1f,0xee,0x00,0xf0,0x00,0x03,0xc0,0x00,0x2f,0xd0,0x0f,
0x00,0x00,0x3c,0x00,0x00,0xbe,0x00,0xf0,0x00,0x03,0xc0,0x00,0x0f,0xf8,0x0f,0x00,0x00,0x3c,0x00,0x02,
0xfb,0xd0,0xf0,0x00,0x03,0xc0,0x00,0x7d,0x2f,0x0f,0x00,0x00,0x3c,0x00,0x1f,0x80,0x90,0xf0,0x00,0x03,
0xc0,0x07,0xe0,0x00,0x0f,0xff,0xff,0xfc,0x02,0xf8,0x00,0x00,0xff,0xff,0xff,0xc0,0x0e,0x00,0x00,0x0f,
0x00,0x00,0x3c,0x00,0x00,0x00,0x00,0x50,0x00,0x01,0x40,0x00,0x00,0x00,0x00,0x05,0x00,0x00,0x00,0x09,
0x00,0x00,0x01,0xf0,0x00,0x00,0x01,0xfd,0x00,0x00,0x1f,0x00,0x00,0x00,0x02,0xf8,0x6a,0xab,0xfa,0xaa,
0xa0,0x00,0x06,0x07,0xff,0xff,0xff,0xfe,0x00,0x90,0x00,0x78,0x01,0xf0,0x03,0xc0,0x1f,0xd0,0x07,0x80,
0x1f,0x00,0x64,0x00,0x1f,0x80,0x7e,0xaa,0xfa,0xaa,0x00,0x00,0x24,0x0b,0xff,0xff,0xff,0xf0,0x00,0x00,
0x60,0xb4,0xf4,0x00,0x3d,0x00,0x00,0x0f,0x0f,0x47,0xd0,0x0f,0x80,0x00,0x03,0xe1,0xf0,0x1f,0x87,0xe0,
0x00,0x00,0xb8,0x2e,0x00,0x7f,0xf8,0x00,0x00,0x1f,0x07,0xd0,0x06,0xff,0x40,0x00,0x07,0xd1,0xf8,0x5b,
0xfe,0xff,0xe5,0x00,0xf8,0x2f,0x0f,0xf9,0x01,0xbf,0xf4,0x06,0x00,0x90,0x64,0x00,0x00,0x6a,0x00,0x00,
0x00,0x1e,0x00,0x00,0x00,0x00,0x00,0x00,0x03,0xe0,0x00,0x00,0x00,0x01,0xff,0xff,0xff,0xff,0xff,0xff,
0xf4,0x0f,0xff,0xff,0xff,0xff,0xff,0xff,0x40,0x00,0x07,0xd0,0x00,0x0f,0x80,0x00,0x00,0x01,0xf4,0x00,
0x03,0xe0,0x00,0x00,0x00,0xbf,0x94,0x01,0xf8,0x00,0x00,0x00,0x05,0xbf,0xfe,0xbe,0x00,0x00,0x00,0x00,
0x00,0x1b,0xff,0xf9,0x00,0x00,0x00,0x05,0x6b,0xfe,0x6b,0xff,0x90,0x01,0xff,0xff,0xf9,0x00,0x06,0xff,
0xe0,0x0f,0xaa,0x50,0x00,0x00,0x01,0xb9,0x00,0x00,0x00,0x00,0x00,0x00,0x00,0x00,0x00,0x15,0x55,0x55,
0x55,0x55,0x40,0x00,0x07,0xff,0xff,0xff,0xff,0xfe,0x00,0x00,0x7f,0xff,0xff,0xff,0xff,0xe0,0x00,0x00,
0x00,0x00,0x00,0x07,0xf8,0x00,0x00,0x00,0x00,0x00,0x01,0xfd,0x00,0x00,0x00,0x00,0x00,0x00,0xbf,0x40,
0x00,0x00,0x00,0x00,0x00,0x7f,0x80,0x00,0x00,0x00,0x00,0x00,0x6f,0xd0,0x00,0x00,0x00,0x00,0x00,0x0f,
0xe0,0x00,0x00,0x00,0x00,0x00,0x00,0xf4,0x00,0x00,0x00,0x00,0x00,0x00,0x0f,0x40,0x00,0x00,0x00,0x00,
0x00,0x00,0xf4,0x00,0x00,0x00,0x05,0x55,0x55,0x5f,0x55,0x55,0x55,0x01,0xff,0xff,0xff,0xff,0xff,0xff,
0xf8,0x1f,0xff,0xff,0xff,0xff,0xff,0xff,0x80,0x00,0x00,0x00,0xf4,0x00,0x00,0x00,0x00,0x00,0x00,0x0f,
0x40,0x00,0x00,0x00,0x00,0x00,0x00,0xf4,0x00,0x00,0x00,0x00,0x00,0x00,0x0f,0x40,0x00,0x00,0x00,0x00,
0x00,0x00,0xf4,0x00,0x00,0x00,0x00,0x00,0x00,0x0f,0x40,0x00,0x00,0x00,0x00,0x00,0x00,0xf4,0x00,0x00,
0x00,0x00,0x00,0x00,0x0f,0x40,0x00,0x00,0x00,0x00,0x00,0x00,0xf4,0x00,0x00,0x00,0x00,0x00,0x00,0x0f,
0x40,0x00,0x00,0x00,0x00,0x0f,0xff,0xf0,0x00,0x00,0x00,0x00,0x00,0xbf,0xfd,0x00,0x00,0x00,0x00,0x00,
0x01,0x54,0x00,0x00,0x00,0x00,0x00,0x00,0x00,0x00,0x00,0x00,0x00,0x00,0x00,0x00,0x2e,0x00,0x00,0x00,
0x00,0x00,0x00,0x03,0xd0,0x00,0x00,0x00,0x00,0x00,0x00,0x7c,0x00,0x00,0x00,0x00,0x00,0x00,0x0b,0xc0,
0x00,0x00,0x00,0x00,0xff,0xff,0xff,0xff,0xff,0xff,0xf0,0x0f,0xff,0xff,0xff,0xff,0xff,0xff,0x00,0x00,
0x03,0xe0,0x00,0x00,0x00,0x00,0x00,0x00,0x7c,0x00,0x00,0x00,0x00,0x00,0x00,0x0f,0x80,0x00,0x00,0x00,
0x00,0x00,0x01,0xf4,0x00,0x00,0x00,0x00,0x00,0x00,0x3e,0x07,0xff,0xff,0xff,0x40,0x00,0x0b,0xc0,0x7f,
0xff,0xff,0xf4,0x00,0x01,0xf4,0x00,0x00,0x00,0xbd,0x00,0x00,0x7f,0x00,0x00,0x00,0x2f,0x40,0x00,0x0f,
0xf0,0x00,0x00,0x1f,0x80,0x00,0x02,0xff,0x00,0x00,0x0b,0xd0,0x00,0x01,0xfe,0xf0,0x00,0x00,0xb8,0x00,
0x00,0x3f,0x5f,0x00,0x00,0x0b,0x80,0x00,0x01,0xd1,0xf0,0xff,0xff,0xff,0xff,0xf8,0x00,0x1f,0x0f,0xff,
0xff,0xff,0xff,0x80,0x01,0xf0,0x00,0x00,0xb8,0x00,0x00,0x00,0x1f,0x00,0x00,0x0b,0x80,0x00,0x00,0x01,
0xf0,0x00,0x00,0xb8,0x00,0x00,0x00,0x1f,0x00,0x00,0x0b,0x80,0x00,0x00,0x01,0xf0,0x00,0x00,0xb8,0x00,
0x00,0x00,0x1f,0x00,0x00,0x0b,0x80,0x00,0x00,0x01,0xf0,0x01,0xff,0xf4,0x00,0x00,0x00,0x1f,0x00,0x0f,
0xfe,0x00,0x00,0x00,0x00,0x00,0x00,0x00,0x00,0x00,0x00,0x00,0x00,0x00,0x04,0x00,0x00,0x00,0x00,0x00,
0x00,0x03,0xd0,0x00,0x00,0x00,0x00,0x00,0x00,0x2f,0x00,0x00,0x00,0x00,0x00,0x00,0x00,0xf4,0x00,0x00,
0x00,0x00,0x00,0x00,0x0b,0x80,0x00,0x00,0x00,0x7f,0xff,0xff,0xff,0xff,0xff,0xd0,0x07,0xff,0xff,0xff,
0xff,0xff,0xfd,0x00,0x7d,0x55,0x55,0x55,0x55,0x57,0xd0,0x07,0x80,0x00,0x00,0x00,0x00,0x3d,0x00,0x78,
0x00,0x00,0x00,0x00,0x03,0xd0,0x07,0x87,0xc0,0x00,0x00,0x00,0x3d,0x00,0x14,0x7c,0x00,0x00,0x00,0x01,
0x40,0x00,0x07,0xc0,0x00,0x00,0x20,0x00,0x00,0x00,0x7c,0x00,0x00,0x6f,0xc0,0x00,0x00,0x07,0xc0,0x00,
0x6f,0xf8,0x00,0x00,0x00,0x7c,0x01,0xbf,0xf4,0x00,0x00,0x00,0x07,0xd6,0xff,0xe4,0x00,0x00,0x00,0x00,
0x7f,0xff,0x90,0x00,0x00,0x00,0x00,0x07,0xf9,0x00,0x00,0x00,0x00,0x00,0x00,0x7d,0x00,0x00,0x00,0x00,
0x00,0x00,0x07,0xc0,0x00,0x00,0x00,0x00,0x00,0x00,0x7c,0x00,0x00,0x00,0x06,0x00,0x00,0x07,0xc0,0x00,
0x00,0x00,0x7c,0x00,0x00,0x7c,0x00,0x00,0x00,0x0b,0x80,0x00,0x07,0xc0,0x00,0x00,0x00,0xf8,0x00,0x00,
0x3e,0x00,0x00,0x00,0x2f,0x40,0x00,0x02,0xff,0xff,0xff,0xff,0xf0,0x00,0x00,0x0b,0xff,0xff,0xff,0xf8,
0x00,0x00,0x00,0x01,0x55,0x55,0x54,0x00,0x00,0x00,0x00,0x00,0x14,0x00,0x00,0x00,0x00,0x00,0x00,0x03,
0xe0,0x00,0x00,0x00,0x00,0x00,0x00,0x2f,0x00,0x00,0x00,0x00,0x00,0x00,0x00,0xf8,0x00,0x00,0x00,0x0b,
0xff,0xff,0xff,0xff,0xff,0xfd,0x00,0xbf,0xff,0xff,0xff,0xff,0xff,0xd0,0x0b,0x95,0x55,0x55,0x55,0x55,
0x7d,0x00,0xb8,0x00,0x00,0x00,0x00,0x03,0xd0,0x0b,0x80,0x00,0x00,0x00,0x00,0x3d,0x00,0xb8,0x00,0x00,
0x00,0x00,0x03,0xd0,0x0b,0x87,0xff,0xff,0xff,0xfc,0x3d,0x00,0x14,0x7f,0xff,0xff,0xff,0xc1,0x40,0x00,
0x00,0x00,0x00,0x00,0x00,0x00,0x00,0x00,0x00,0x00,0x00,0x00,0x00,0x00,0x00,0x00,0x00,0x00,0x00,0x00,
0x00,0x00,0x00,0x00,0x00,0x00,0x00,0x00,0x00,0x1f,0xff,0xff,0xff,0xff,0xff,0xff,0x41,0xff,0xff,0xff,
0xff,0xff,0xff,0xf4,0x00,0x00,0x1f,0x00,0x2e,0x00,0x00,0x00,0x00,0x01,0xf0,0x02,0xe0,0x00,0x00,0x00,
0x00,0x2e,0x00,0x2e,0x00,0x00,0x00,0x00,0x02,0xe0,0x02,0xe0,0x00,0x00,0x00,0x00,0x3d,0x00,0x2e,0x00,
0x00,0x00,0x00,0x07,0xc0,0x02,0xe0,0x00,0x64,0x00,0x01,0xf8,0x00,0x2e,0x00,0x07,0x80,0x00,0x7f,0x00,
0x02,0xe0,0x00,0xb8,0x00,0x6f,0xc0,0x00,0x2e,0x00,0x0f,0x41,0xbf,0xe0,0x00,0x01,0xff,0xff,0xf0,0x0f,
0xe4,0x00,0x00,0x0b,0xff,0xf9,0x00,0x50,0x00,0x00,0x00,0x00,0x00,0x00,0x00,0x00,0x00,0x04,0x00,0x00,
0x00,0x00,0x00,0x00,0x03,0xe0,0x00,0x00,0x00,0x00,0x00,0x00,0x2f,0x00,0x00,0x00,0x00,0x00,0x00,0x00,
0xf8,0x00,0x00,0x00,0x0b,0xff,0xff,0xff,0xff,0xff,0xfe,0x00,0xbf,0xff,0xff,0xff,0xff,0xff,0xe0,0x0b,
0x80,0x00,0x00,0x00,0x00,0x2e,0x00,0xb8,0x00,0x00,0x00,0x00,0x02,0xe0,0x0b,0x80,0x00,0x00,0x00,0x00,
0x2e,0x00,0xb8,0x00,0x00,0x00,0x00,0x02,0xe0,0x0b,0x8b,0xff,0xff,0xff,0xff,0x2e,0x00,0x00,0xbf,0xff,
0xff,0xff,0xf0,0x00,0x00,0x01,0x55,0x5f,0x55,0x55,0x00,0x00,0x00,0x00,0x01,0xf0,0x00,0x00,0x00,0x00,
0x00,0x00,0x1f,0x00,0x00,0x00,0x00,0x00,0x78,0x01,0xf0,0x00,0x00,0x00,0x00,0x0b,0x80,0x1f,0x00,0x00,
0x00,0x00,0x00,0xb8,0x01,0xf4,0x00,0x00,0x00,0x00,0x0f,0x40,0x1f,0xff,0xff,0xc0,0x00,0x00,0xf4,0x01,
0xff,0xff,0xfc,0x00,0x00,0x1f,0x80,0x1f,0x00,0x00,0x00,0x00,0x02,0xfc,0x01,0xf0,0x00,0x00,0x00,0x00,
0x3f,0xe0,0x1f,0x00,0x00,0x00,0x00,0x07,0xcf,0x81,0xf0,0x00,0x00,0x00,0x00,0xf4,0x7e,0x1f,0x00,0x00,
0x00,0x00,0x2f,0x02,0xfe,0xf0,0x00,0x00,0x00,0x07,0xd0,0x07,0xff,0xa5,0x55,0x55,0x41,0xf8,0x00,0x0b,
0xff,0xff,0xff,0xf4,0x1e,0x00,0x00,0x05,0xaf,0xff,0xff,0x00,0x40,0x00,0x00,0x00,0x00,0x00,0x00,0x00,
0x00,0x00,0x04,0x00,0x00,0x00,0x00,0x00,0x00,0x03,0xe0,0x00,0x00,0x00,0x00,0x00,0x00,0x1f,0x40,0x00,
0x00,0x00,0x00,0x00,0x00,0xf8,0x00,0x00,0x00,0x07,0xff,0xff,0xff,0xff,0xff,0xfd,0x00,0x7f,0xff,0xff,
0xff,0xff,0xff,0xd0,0x07,0xc0,0x00,0x00,0x00,0x00,0x3d,0x00,0x7c,0x00,0x00,0x14,0x00,0x03,0xd0,0x07,
0xc1,0xe0,0x03,0xd0,0x00,0x3d,0x00,0x7c,0x1f,0xd0,0x3d,0x00,0x03,0xd0,0x00,0x00,0x7f,0x43,0xd0,0x00,
0x00,0x00,0x00,0x00,0xb8,0x3d,0x00,0x00,0x00,0x00,0x00,0x02,0x03,0xd0,0x00,0x00,0x00,0x07,0x80,0x00,
0x7c,0x00,0x00,0x00,0x00,0x7f,0x40,0x07,0xc0,0x00,0x00,0x00,0x01,0xfd,0x00,0x78,0x00,0x00,0x00,0x00,
0x02,0xf0,0x0b,0x80,0x00,0x00,0x00,0x00,0x09,0x00,0xb4,0x00,0x00,0x00,0x00,0x00,0x00,0x0f,0x40,0x00,
0x00,0x00,0xff,0xff,0xff,0xff,0xff,0xff,0xf0,0x0f,0xff,0xff,0xff,0xff,0xff,0xff,0x00,0x00,0x00,0x07,
0xd0,0x00,0x00,0x00,0x00,0x00,0x01,0xf8,0x78,0x00,0x00,0x00,0x00,0x00,0x7f,0x0b,0xf9,0x00,0x00,0x00,
0x00,0x2f,0xc0,0x0b,0xf9,0x00,0x00,0x00,0x1f,0xf0,0x00,0x0b,0xf9,0x00,0x00,0x6f,0xf8,0x00,0x00,0x0b,
0xf8,0x00,0x7f,0xf8,0x00,0x00,0x00,0x0b,0xe0,0x02,0xe4,0x00,0x00,0x00,0x00,0x1c,0x00,0x00,0x00,0x00,
0x00,0x00,0x00,0x00,0x00,0x00,0x00,0x14,0x00,0x00,0x00,0x00,0x00,0x00,0x03,0xd0,0x00,0x00,0x00,0x00,
0x00,0x00,0x7d,0x00,0x00,0x00,0x00,0x2f,0xff,0xff,0xff,0xff,0xff,0x80,0x02,0xff,0xff,0xff,0xff,0xff,
0xf8,0x00,0x00,0x00,0x0b,0x80,0x00,0x00,0x00,0x00,0x00,0x00,0xf4,0x00,0x00,0x00,0x00,0x00,0x00,0x0f,
0x40,0x00,0x00,0x00,0x00,0x7f,0xff,0xff,0xff,0xff,0xe0,0x00,0x07,0xff,0xff,0xff,0xff,0xfe,0x00,0x00,
0x00,0x03,0xd0,0x00,0x00,0x00,0x00,0x00,0x00,0x7d,0x00,0x00,0x00,0x00,0x00,0x00,0x07,0xc0,0x00,0x00,
0x00,0x01,0xff,0xff,0xff,0xff,0xff,0xff,0xf4,0x1f,0xff,0xff,0xff,0xff,0xff,0xff,0x40,0x00,0x02,0xe0,
0x00,0x06,0x80,0x00,0x00,0x00,0x7d,0x00,0x00,0x7c,0x00,0x00,0x00,0x0f,0x80,0x00,0x07,0xc0,0x00,0x00,
0x02,0xff,0xff,0xff,0xff,0xfe,0x00,0x00,0x7e,0xff,0xff,0xff,0xff,0xe0,0x00,0x1f,0x80,0x00,0x00,0x7c,
0x00,0x00,0x07,0xf0,0x60,0x00,0x07,0xc0,0x00,0x01,0xfc,0x0f,0xc0,0x00,0x7c,0x00,0x00,0xbf,0x00,0x7f,
0x00,0x07,0xc0,0x00,0x1f,0x80,0x01,0xf8,0x00,0x7c,0x00,0x00,0x60,0x00,0x07,0xd0,0x07,0xc0,0x00,0x00,
0x00,0x00,0x24,0x00,0x7c,0x00,0x00,0x00,0x00,0x00,0x0f,0xff,0x80,0x00,0x00,0x00,0x00,0x00,0x7f,0xe4,
0x00,0x00,0x00,0x00,0x00,0x01,0x00,0x00,0x00,0x00,0x01,0x40,0x00,0x00,0x00,0x00,0x00,0x00,0x3c,0x00,
0x00,0xb8,0x00,0x00,0x00,0x03,0xc0,0x00,0x2f,0x40,0x00,0x00,0x00,0x3c,0x00,0x0b,0xff,0xff,0xd0,0x00,
0x03,0xc0,0x02,0xff,0xff,0xfe,0x00,0x90,0x3c,0x01,0xf8,0x00,0x0b,0xc0,0x1f,0x43,0xc1,0xbe,0x00,0x01,
0xf4,0x00,0xbd,0x3c,0x7f,0x5e,0x00,0x7e,0x00,0x02,0xf7,0xc1,0x41,0xf8,0x1f,0x80,0x00,0x0f,0xbc,0x00,
0x07,0xdb,0xe0,0x00,0x00,0x7b,0xc0,0x00,0x1f,0xf4,0x00,0x00,0x01,0x3c,0x00,0x06,0xf9,0x00,0x00,0x00,
0x03,0xc0,0x1b,0xf9,0x06,0x80,0x00,0x00,0x3c,0x2f,0xf9,0x00,0x7c,0x00,0x00,0x03,0xc2,0xe4,0x00,0x07,
0xc0,0x00,0x00,0x7c,0x00,0x00,0x00,0x7c,0x00,0x00,0x1f,0xcb,0xff,0xff,0xff,0xff,0x40,0x07,0xfc,0xbf,
0xff,0xff,0xff,0xf4,0x01,0xfb,0xc0,0x00,0x00,0x07,0xc0,0x00,0xbe,0x3c,0x02,0xc0,0x00,0x7c,0x00,0x2f,
0x83,0xc0,0x3e,0x00,0x07,0xc0,0x01,0xd0,0x3c,0x01,0xf8,0x00,0x7c,0x00,0x04,0x03,0xc0,0x07,0xd0,0x07,
0xc0,0x00,0x00,0x3c,0x00,0x2f,0x00,0x7c,0x00,0x00,0x03,0xc0,0x00,0xf4,0x07,0xc0,0x00,0x00,0x3c,0x00,
0x04,0x00,0x7c,0x00,0x00,0x03,0xc0,0x00,0x00,0x07,0xc0,0x00,0x00,0x3c,0x00,0x00,0xbf,0xf8,0x00,0x00,
0x03,0xc0,0x00,0x0b,0xfe,0x00,0x00,0x00,0x00,0x00,0x00,0x00,0x00,0x00,0x00,0x00,0x00,0x0a,0x40,0x00,
0x00,0x00,0x00,0x00,0x00,0xf4,0x00,0x00,0x00,0x00,0x00,0x00,0x0f,0x40,0x00,0x00,0x00,0x00,0x00,0x00,
0xf4,0x00,0x00,0x00,0x00,0x00,0x00,0x0f,0x40,0x00,0x00,0x00,0x00,0x00,0x00,0xf4,0x00,0x00,0x00,0x00,
0x00,0x00,0x0f,0x40,0x00,0x00,0x00,0x00,0x50,0x00,0xf4,0x00,0x50,0x00,0x00,0x1f,0x40,0x0f,0x40,0x2f,
0x00,0x00,0x01,0xf4,0x00,0xf4,0x00,0xf8,0x00,0x00,0x2f,0x00,0x0f,0x40,0x0b,0xc0,0x00,0x03,0xe0,0x00,
0xf4,0x00,0x3e,0x00,0x00,0x7d,0x00,0x0f,0x40,0x02,0xf0,0x00,0x0b,0xc0,0x00,0xf4,0x00,0x1f,0x80,0x00,
0xf8,0x00,0x0f,0x40,0x00,0xbc,0x00,0x1f,0x40,0x00,0xf4,0x00,0x07,0xd0,0x02,0xf0,0x00,0x0f,0x40,0x00,
0x3e,0x00,0x7d,0x00,0x00,0xf4,0x00,0x02,0xf4,0x0b,0xc0,0x00,0x0f,0x40,0x00,0x1f,0x81,0xf4,0x00,0x00,
0xf4,0x00,0x00,0xf8,0x2e,0x00,0x00,0x0f,0x40,0x00,0x0b,0xc0,0x50,0x00,0x00,0xf4,0x00,0x00,0x74,0x00,
0x00,0x00,0x0f,0x40,0x00,0x00,0x00,0x00,0x00,0x00,0xf4,0x00,0x00,0x00,0x00,0x00,0x00,0x0f,0x40,0x00,
0x00,0x00,0x00,0x00,0x01,0xf4,0x00,0x00,0x00,0x00,0x00,0xbf,0xff,0x00,0x00,0x00,0x00,0x00,0x07,0xff,
0xd0,0x00,0x00,0x00,0x00,0x00,0x15,0x50,0x00,0x00,0x00,0x00,0x00,0x00,0x00,0x00,0x00,0x00,0x00,0x00,
0x00,0x3c,0x00,0x00,0x1f,0x00,0x00,0x00,0x03,0xd0,0x00,0x01,0xf1,0x80,0x00,0x00,0x2e,0x00,0x00,0x1f,
0x2e,0x00,0x00,0x01,0xf4,0x00,0x01,0xe0,0xf4,0x01,0xff,0xff,0xff,0xd0,0x1e,0x07,0xc0,0x1f,0xff,0xff,
0xfd,0x01,0xe0,0x2d,0x00,0x00,0x00,0x00,0x00,0x1e,0x00,0x40,0x00,0x00,0x00,0x00,0x01,0xe0,0x00,0x00,
0x2a,0xaa,0xaa,0x1f,0xff,0xff,0xf8,0x02,0xff,0xff,0xf1,0xff,0xff,0xff,0x80,0x2d,0x00,0x0f,0x00,0x2d,
0x00,0x00,0x02,0xd0,0x00,0xf0,0x02,0xd0,0x00,0x00,0x2d,0x00,0x0f,0x00,0x3d,0x50,0x00,0x02,0xd0,0x00,
0xf0,0x03,0xde,0x00,0x00,0x2f,0xff,0xff,0x00,0x3d,0xe0,0x00,0x02,0xff,0xff,0xf0,0x07,0x9e,0x00,0x00,
0x00,0x1e,0x00,0x00,0xb9,0xe0,0x00,0x00,0x51,0xe1,0x80,0x0b,0x5e,0x00,0x00,0x0f,0x1e,0x2d,0x00,0xf1,
0xe0,0x00,0x01,0xe1,0xe1,0xe0,0x1e,0x1e,0x00,0x00,0x2d,0x1e,0x0f,0x02,0xe1,0xe0,0x00,0x03,0xc1,0xe0,
0x74,0x7c,0x1e,0x00,0x00,0x78,0x1e,0x07,0x8b,0x81,0xe0,0x28,0x0f,0x41,0xe0,0x10,0xf4,0x1e,0x02,0xc1,
0xe0,0x1e,0x00,0x2e,0x01,0xe0,0x2c,0x00,0x01,0xe0,0x0b,0xc0,0x1e,0x03,0xc0,0x02,0xfe,0x01,0xf4,0x00,
0xff,0xf8,0x00,0x2f,0x80,0x1d,0x00,0x06,0xa9,0x00,0x00,0x00,0x00,0x00,0x00,0x00,0x00,0x00,0x14,0x00,
0x00,0x00,0x00,0x14,0x00,0x07,0xc0,0x00,0x00,0x00,0x0b,0x80,0x00,0x7c,0x00,0x0b,0x80,0x00,0xb8,0x00,
0x07,0xc0,0x00,0xb8,0x00,0x0b,0x80,0x00,0x7c,0x00,0x0b,0x80,0x00,0xb8,0x00,0x07,0xc0,0x00,0xb8,0x00,
0x0b,0x80,0x00,0x7c,0x00,0x0b,0x80,0x00,0xb8,0x00,0x07,0xc0,0x00,0xb8,0x00,0x0b,0x80,0x00,0x7c,0x00,
0x0b,0x80,0x00,0xb8,0x00,0x07,0xc0,0x00,0xb8,0x00,0x0b,0x80,0x00,0x7c,0x00,0x0b,0x80,0x00,0xb8,0x00,
0x07,0xc0,0x00,0xb8,0x00,0x0b,0x80,0x00,0x7c,0x00,0x0b,0x80,0x00,0xb8,0x00,0x07,0xc0,0x00,0xb8,0x00,
0x0b,0x80,0x00,0x7c,0x00,0x0b,0x80,0x00,0xb8,0x00,0x07,0xc0,0x00,0xb8,0x00,0x0b,0x80,0x00,0xb8,0x00,
0x0b,0x80,0x00,0xb8,0x00,0x0b,0x80,0x00,0xb8,0x00,0x0b,0x80,0x00,0xf4,0x00,0x0b,0x80,0x00,0xb8,0x00,
0x0f,0x40,0x00,0xb8,0x00,0x0b,0x80,0x01,0xf0,0x00,0x0b,0x80,0x00,0xb8,0x00,0x2e,0x00,0x00,0xb8,0x00,
0x0b,0x80,0x07,0xd0,0x00,0x0b,0x80,0x00,0xb8,0x00,0xbc,0x00,0x00,0xb8,0x00,0x0b,0x80,0x1f,0x40,0x00,
0x00,0x00,0x00,0xb8,0x03,0xe0,0x00,0x00,0x00,0x00,0x0b,0x80,0x08,0x00,0x00,0x00,0x00,0x00,0x68,0x00,
0x00,0x00,0x00,0x00,0x00,0x00,0x00,0x00,0x00,0x3d,0x00,0x05,0x00,0x07,0xc0,0x00,0x03,0xd0,0x01,0xf0,
0x00,0x7c,0x00,0x00,0x3d,0x00,0x1f,0x00,0x07,0xc0,0x00,0x03,0xd0,0x01,0xf0,0x00,0x7c,0x00,0x00,0x3d,
0x00,0x1f,0x00,0x07,0xc0,0x00,0x03,0xd0,0x01,0xf0,0x00,0x7c,0x00,0x00,0x3d,0x00,0x1f,0x00,0x07,0xc0,
0x01,0xd3,0xd1,0x01,0xf2,0x40,0x7c,0x00,0x2d,0x3d,0xb4,0x1f,0x7c,0x07,0xc0,0x03,0xc3,0xd7,0x81,0xf2,
0xe0,0x7c,0x00,0x78,0x3d,0x3c,0x1f,0x1f,0x07,0xc0,0x0b,0x83,0xd2,0xd1,0xf0,0xb8,0x7c,0x00,0xf4,0x3d,
0x1e,0x1f,0x07,0xc7,0xc0,0x1f,0x03,0xc0,0xf1,0xf0,0x3d,0x7c,0x03,0xd0,0x7c,0x0f,0x5f,0x02,0xd7,0xc0,
0x04,0x07,0xc0,0x51,0xf0,0x00,0x7c,0x00,0x00,0xb8,0x00,0x1f,0x00,0x07,0xc0,0x00,0x0b,0x80,0x01,0xf0,
0x00,0x7c,0x00,0x00,0xf4,0x00,0x1f,0x00,0x07,0xc0,0x00,0x1f,0x00,0x01,0xf0,0x00,0x7c,0x00,0x03,0xe0,
0x00,0x1f,0x00,0x07,0xc0,0x00,0x7d,0x00,0x01,0xf0,0x00,0x7c,0x00,0x0f,0x80,0x00,0x1f,0x00,0x07,0xc0,
0x02,0xf4,0x00,0x01,0xf0,0x00,0x7c,0x00,0xbe,0x00,0x00,0x1f,0x00,0x07,0xc0,0x0f,0x80,0x00,0x00,0x00,
0x00,0x7c,0x00,0x60,0x00,0x00,0x00,0x00,0x06,0x80,0x01,0x55,0x55,0x55,0x55,0x55,0x40,0x00,0x7f,0xff,
0xff,0xff,0xff,0xf8,0x00,0x07,0xff,0xff,0xff,0xff,0xff,0x80,0x00,0x00,0x00,0x00,0x00,0x00,0xb8,0x00,
0x00,0x00,0x00,0x00,0x00,0x0b,0x80,0x00,0x00,0x00,0x00,0x00,0x00,0xb8,0x00,0x00,0xb8,0x00,0x00,0x00,
0x0b,0x80,0x00,0x0b,0x80,0x00,0x00,0x00,0xb8,0x00,0x00,0xb8,0x00,0x00,0x00,0x0b,0x80,0x00,0x0b,0x80,
0x00,0x00,0x00,0xb8,0x00,0x00,0xb8,0x00,0x00,0x00,0x0b,0x80,0x00,0x0b,0xff,0xff,0xff,0xff,0xf8,0x00,
0x00,0xbf,0xff,0xff,0xff,0xff,0x80,0x00,0x0b,0x95,0x55,0x55,0x55,0xb8,0x00,0x00,0xb8,0x00,0x00,0x00,
0x06,0x80,0x00,0x0b,0x80,0x00,0x00,0x00,0x00,0x00,0x00,0xb8,0x00,0x00,0x00,0x00,0x00,0x00,0x0b,0x80,
0x00,0x00,0x00,0x00,0x00,0x00,0xb8,0x00,0x00,0x00,0x00,0x0a,0x00,0x0b,0x80,0x00,0x00,0x00,0x00,0xf4,
0x00,0xb8,0x00,0x00,0x00,0x00,0x0f,0x40,0x0b,0x80,0x00,0x00,0x00,0x01,0xf4,0x00,0xb8,0x00,0x00,0x00,
0x00,0x2f,0x00,0x07,0xe0,0x00,0x00,0x00,0x1b,0xe0,0x00,0x2f,0xff,0xff,0xff,0xff,0xfc,0x00,0x00,0xbf,
0xff,0xff,0xff,0xfe,0x00,0x00,0x00,0x15,0x55,0x55,0x54,0x00,0x00,0x00,0x09,0x00,0x0f,0x40,0x06,0x40,
0x00,0x02,0xf0,0x00,0xf4,0x00,0xf8,0x00,0x00,0x0f,0x80,0x0f,0x40,0x2f,0x40,0x00,0x00,0x7d,0x00,0xf4,
0x07,0xd0,0x00,0x00,0x02,0x80,0x0f,0x40,0x68,0x00,0x00,0x7f,0xff,0xff,0xff,0xff,0xff,0xe0,0x07,0xff,
0xff,0xff,0xff,0xff,0xfe,0x00,0x78,0x00,0x00,0x00,0x00,0x02,0xe0,0x07,0x80,0x00,0x00,0x00,0x00,0x2e,
0x00,0x78,0x2f,0xff,0xff,0xff,0xc2,0xe0,0x07,0x82,0xea,0xaa,0xaa,0xbc,0x2e,0x00,0x00,0x2d,0x00,0x00,
0x07,0xc0,0x00,0x00,0x02,0xd0,0x00,0x00,0x7c,0x00,0x00,0x00,0x2e,0xaa,0xaa,0xab,0xc0,0x00,0x00,0x02,
0xff,0xff,0xff,0xfc,0x00,0x00,0x00,0x00,0x00,0xb8,0x00,0x00,0x00,0x00,0x00,0x00,0x0b,0x80,0x00,0x00,
0x00,0x00,0x00,0x00,0xb8,0x00,0x00,0x00,0x00,0x7f,0xff,0xff,0xff,0xff,0xe0,0x00,0x07,0xff,0xff,0xff,
0xff,0xfe,0x00,0x00,0x78,0x00,0x0b,0x80,0x01,0xe0,0x00,0x07,0x80,0x00,0xb8,0x00,0x1e,0x00,0x00,0x78,
0x00,0x0b,0x80,0x01,0xe0,0x00,0x07,0x80,0x00,0xb8,0x00,0x1e,0x00,0x00,0x78,0x00,0x0b,0x80,0x02,0xe0,
0x00,0x07,0x80,0x00,0xb8,0x2f,0xfe,0x00,0x00,0x78,0x00,0x0b,0x81,0xfe,0x80,0x00,0x00,0x00,0x00,0xb8,
0x00,0x00,0x00,0x00,0x00,0x00,0x05,0x00,0x00,0x00,0x00,0x03,0xff,0xff,0xff,0xff,0xff,0xfc,0x00,0x3f,
0xff,0xff,0xff,0xff,0xff,0xc0,0x01,0x55,0x55,0x6f,0x55,0x55,0x54,0x00,0x00,0x00,0x01,0xf0,0x00,0x00,
0x00,0x00,0x00,0x00,0x1f,0x00,0x00,0x00,0x00,0x00,0x00,0x01,0xf0,0x00,0x00,0x00,0x00,0x00,0x00,0x1f,
0x00,0x00,0x00,0x00,0x00,0x00,0x01,0xf0,0x00,0x00,0x00,0x00,0x00,0x00,0x1f,0x00,0x00,0x00,0x00,0x00,
0x00,0x01,0xf0,0x00,0x00,0x00,0x05,0x55,0x55,0x6f,0x55,0x55,0x55,0x01,0xff,0xff,0xff,0xff,0xff,0xff,
0xf4,0x1f,0xff,0xff,0xff,0xff,0xff,0xff,0x40,0x00,0x00,0x01,0xf0,0x00,0x00,0x00,0x00,0x00,0x00,0x1f,
0x00,0x00,0x00,0x00,0x00,0x00,0x01,0xf0,0x00,0x00,0x00,0x00,0x00,0x00,0x1f,0x00,0x00,0x00,0x00,0x00,
0x00,0x01,0xf0,0x00,0x00,0x00,0x00,0x00,0x00,0x1f,0x00,0x00,0x00,0x00,0x00,0x00,0x01,0xf0,0x00,0x00,
0x00,0x00,0x00,0x00,0x1f,0x00,0x00,0x00,0x00,0x00,0x00,0x01,0xf0,0x00,0x00,0x00,0x00,0x00,0x00,0x1f,
0x00,0x00,0x00,0x00,0x00,0x00,0x01,0xf0,0x00,0x00,0x00,0x00,0x00,0x00,0x1f,0x00,0x00,0x00,0x00,0x00,
0x00,0x01,0xf0,0x00,0x00,0x00,0x00,0x00,0x00,0x05,0x00,0x00,0x00,0x00,0x00,0x00,0x00,0x00,0x00,0x00,
0x00,0x00,0x00,0x00,0x00,0xb4,0x00,0x00,0x00,0x00,0x00,0x00,0x0b,0xc0,0x00,0x00,0x00,0x00,0x00,0x00,
0x7d,0x00,0x00,0x00,0x00,0x00,0x00,0x02,0xf4,0x00,0x00,0x00,0x2f,0xff,0xff,0xff,0xff,0xff,0xf8,0x02,
0xff,0xff,0xff,0xff,0xff,0xff,0x80,0x2e,0x00,0x00,0x00,0x00,0x00,0x00,0x02,0xe0,0x00,0x00,0xb8,0x00,
0x00,0x00,0x2e,0x00,0x00,0x0b,0x80,0x00,0x00,0x02,0xe0,0x00,0x00,0xf4,0x00,0x00,0x00,0x2e,0x00,0x00,
0x0f,0x40,0x00,0x00,0x02,0xe0,0x00,0x00,0xf4,0x00,0x00,0x00,0x2e,0x2f,0xff,0xff,0xff,0xff,0xf0,0x02,
0xe2,0xff,0xff,0xff,0xff,0xff,0x00,0x2e,0x00,0x00,0x2f,0x40,0x00,0x00,0x02,0xe0,0x00,0x03,0xfc,0x00,
0x00,0x00,0x2e,0x00,0x00,0x7f,0xd0,0x00,0x00,0x02,0xd0,0x00,0x0b,0xef,0x00,0x00,0x00,0x3d,0x00,0x00,
0xf4,0xf8,0x00,0x00,0x03,0xd0,0x00,0x1f,0x07,0xd0,0x00,0x00,0x3c,0x00,0x03,0xe0,0x2f,0x00,0x00,0x07,
0xc0,0x00,0xbc,0x00,0xf8,0x00,0x00,0xb8,0x00,0x1f,0x40,0x07,0xf0,0x00,0x0b,0x40,0x07,0xe0,0x00,0x1f,
0xc0,0x01,0xf4,0x02,0xf8,0x00,0x00,0x7f,0x40,0x2f,0x01,0xfe,0x00,0x00,0x01,0xfe,0x43,0xd0,0xbf,0x40,
0x00,0x00,0x07,0xf4,0x1c,0x02,0x90,0x00,0x00,0x00,0x0a,0x00,0x00,0x00,0x00,0x00,0x00,0x00,0x00,0x00,
0x00,0x00,0x00,0x00,0x00,0x00,0x00,0x00,0x00,0x00,0xb4,0x00,0x00,0x00,0x00,0x00,0x00,0x0b,0xc0,0x00,
0x00,0x00,0x00,0x00,0x00,0x3e,0x00,0x00,0x00,0x00,0x00,0x00,0x02,0xf0,0x00,0x00,0x00,0x1f,0xff,0xff,
0xff,0xff,0xff,0xf4,0x01,0xff,0xff,0xff,0xff,0xff,0xff,0x40,0x1f,0x00,0x00,0x00,0x00,0x00,0x00,0x01,
0xf0,0x00,0x02,0xe0,0x00,0x00,0x00,0x1f,0x00,0x00,0x2e,0x00,0x00,0x00,0x01,0xf0,0x00,0x02,0xe0,0x00,
0x00,0x00,0x1f,0x00,0x00,0x2e,0x00,0x00,0x00,0x01,0xf0,0x00,0x02,0xff,0xff,0xfd,0x00,0x1f,0x00,0x00,
0x2f,0xff,0xff,0xd0,0x01,0xf0,0x00,0x02,0xe0,0x00,0x00,0x00,0x1f,0x00,0x00,0x2e,0x00,0x00,0x00,0x01,
0xf0,0x00,0x02,0xe0,0x00,0x00,0x00,0x1f,0x00,0x00,0x2e,0x00,0x00,0x00,0x02,0xe0,0x7f,0xff,0xff,0xff,
0xf0,0x00,0x2e,0x07,0xff,0xff,0xff,0xff,0x00,0x02,0xe0,0x7c,0x00,0x00,0x01,0xf0,0x00,0x3d,0x07,0xc0,
0x00,0x00,0x1f,0x00,0x03,0xd0,0x7c,0x00,0x00,0x01,0xf0,0x00,0x7c,0x07,0xc0,0x00,0x00,0x1f,0x00,0x0b,
0x80,0x7c,0x00,0x00,0x01,0xf0,0x00,0xf8,0x07,0xc0,0x00,0x00,0x1f,0x00,0x1f,0x00,0x7f,0xff,0xff,0xff,
0xf0,0x02,0xe0,0x07,0xff,0xff,0xff,0xff,0x00,0x2d,0x00,0x7c,0x00,0x00,0x01,0xf0,0x00,0x40,0x00,0x00,
0x00,0x00,0x00,0x00,0x00,0x00,0x00,0x00,0x00,0x00,0x00,0x00,0x7f,0xff,0xff,0xff,0xff,0xff,0xe0,0x07,
0xff,0xff,0xff,0xff,0xff,0xfe,0x00,0x00,0x07,0xc0,0x00,0x2e,0x00,0x00,0x00,0x00,0x7c,0x00,0x02,0xe0,
0x00,0x00,0x00,0x07,0xc0,0x00,0x2e,0x00,0x00,0x00,0x00,0x7c,0x00,0x02,0xe0,0x00,0x00,0x00,0x07,0xc0,
0x00,0x2e,0x00,0x00,0x00,0x00,0x7c,0x00,0x02,0xe0,0x00,0x00,0x00,0x07,0xc0,0x00,0x2e,0x00,0x00,0x00,
0x00,0x7c,0x00,0x02,0xe0,0x00,0x00,0x00,0x07,0xd0,0x00,0x2e,0x00,0x00,0x1f,0xff,0xff,0xff,0xff,0xff,
0xff,0x41,0xff,0xff,0xff,0xff,0xff,0xff,0xf4,0x00,0x00,0x7c,0x00,0x02,0xe0,0x00,0x00,0x00,0x0b,0x80,
0x00,0x2e,0x00,0x00,0x00,0x00,0xb8,0x00,0x02,0xe0,0x00,0x00,0x00,0x0f,0x40,0x00,0x2e,0x00,0x00,0x00,
0x01,0xf0,0x00,0x02,0xe0,0x00,0x00,0x00,0x3e,0x00,0x00,0x2e,0x00,0x00,0x00,0x07,0xd0,0x00,0x02,0xe0,
0x00,0x00,0x00,0xfc,0x00,0x00,0x2e,0x00,0x00,0x00,0x2f,0x40,0x00,0x02,0xe0,0x00,0x00,0x0b,0xe0,0x00,
0x00,0x2e,0x00,0x00,0x02,0xf8,0x00,0x00,0x02,0xe0,0x00,0x00,0xfe,0x00,0x00,0x00,0x2e,0x00,0x00,0x07,
0x80,0x00,0x00,0x02,0xe0,0x00,0x00,0x10,0x00,0x00,0x00,0x05,0x00,0x00,0x00,0x00,0x00,0x00,0x00,0x00,
0x00,0x00,0x00,0x00,0x00,0x03,0xd0,0x90,0x00,0x00,0x00,0x00,0x00,0x3d,0x1f,0x80,0x00,0x00,0x00,0x00,
0x03,0xd0,0x7e,0x00,0x00,0x00,0x00,0x00,0x3d,0x01,0xf8,0x00,0x00,0x00,0x00,0x03,0xd0,0x07,0x80,0x05,
0x55,0x55,0x55,0x7e,0x55,0x55,0x01,0xff,0xff,0xff,0xff,0xff,0xff,0xf4,0x1f,0xff,0xff,0xff,0xff,0xff,
0xff,0x40,0x00,0x00,0x00,0x02,0xe0,0x00,0x00,0x00,0x00,0x00,0x00,0x2e,0x00,0x00,0x00,0x00,0x00,0x00,
0x02,0xe0,0x00,0x00,0x00,0x00,0x00,0x00,0x1f,0x00,0x00,0x00,0x15,0x55,0x55,0x51,0xf0,0x00,0x00,0x07,
0xff,0xff,0xff,0x1f,0x00,0x00,0x00,0x7f,0xff,0xff,0xf0,0xf4,0x00,0x00,0x00,0x00,0xf4,0x00,0x0f,0x40,
0x00,0x00,0x00,0x0f,0x40,0x00,0xb8,0x00,0x00,0x00,0x00,0xf4,0x00,0x0b,0xc0,0x00,0x00,0x00,0x0f,0x40,
0x00,0x7c,0x00,0x00,0x00,0x00,0xf4,0x00,0x03,0xd0,0x00,0x00,0x00,0x0f,0x40,0x00,0x2e,0x00,0x10,0x00,
0x00,0xf4,0x00,0x02,0xf0,0x03,0x80,0x00,0x0f,0x41,0xa8,0x1f,0x40,0x3c,0x00,0x00,0xfb,0xff,0xc0,0xbc,
0x07,0x80,0x16,0xbf,0xff,0x90,0x07,0xd0,0x78,0x0f,0xff,0xe9,0x00,0x00,0x2f,0x4b,0x40,0xbe,0x50,0x00,
0x00,0x00,0xff,0xf0,0x04,0x00,0x00,0x00,0x00,0x02,0xfd,0x00,0x00,0x00,0x00,0x00,0x00,0x01,0x00,0x00,
0x00,0x00,0x00,0x00,0x00,0x00,0x00,0x00,0x3d,0x00,0x00,0x00,0x00,0x00,0x00,0x0b,0xc0,0xff,0xff,0xff,
0xf0,0x00,0x02,0xf4,0x0f,0xff,0xff,0xff,0x00,0x00,0xbd,0x00,0xf4,0x00,0x00,0xf0,0x00,0x2f,0x80,0x0f,
0x40,0x00,0x0f,0x00,0x0b,0xe0,0x00,0xf4,0x00,0x00,0xf0,0x02,0xf8,0x00,0x0f,0x40,0x00,0x0f,0x00,0x0d,
0x01,0xe0,0xff,0xff,0xff,0xf0,0x00,0x00,0x3e,0x0f,0xff,0xff,0xff,0x00,0x00,0x0b,0xc0,0xf4,0x00,0x00,
0xf0,0x00,0x01,0xf4,0x0f,0x40,0x00,0x0f,0x00,0x00,0x7e,0x00,0xf4,0x00,0x00,0xf0,0x00,0x0f,0xe0,0x0f,
0x40,0x00,0x0f,0x00,0x03,0xfe,0x00,0xff,0xff,0xff,0xf0,0x01,0xfe,0xe0,0x0f,0xff,0xff,0xff,0x00,0x3f,
0x6e,0x00,0xf4,0x2d,0x00,0x00,0x01,0xd2,0xe0,0x0f,0x41,0xe0,0x01,0x80,0x04,0x2e,0x00,0xf4,0x0f,0x00,
0xbd,0x00,0x02,0xe0,0x0f,0x40,0xb8,0x6f,0x40,0x00,0x2e,0x00,0xf4,0x07,0xef,0xd0,0x00,0x02,0xe0,0x0f,
0x40,0x2f,0xe0,0x00,0x00,0x2e,0x00,0xf4,0x00,0xf8,0x00,0x00,0x02,0xe0,0x0f,0x40,0x07,0xe0,0x00,0x00,
0x2e,0x00,0xf4,0x00,0x2f,0x80,0x00,0x02,0xe0,0x0f,0x56,0xe0,0xbe,0x40,0x00,0x2e,0x01,0xff,0xfe,0x02,
0xfe,0x00,0x02,0xe0,0x3f,0xf9,0x00,0x07,0xf8,0x00,0x2e,0x02,0xe4,0x00,0x00,0x0a,0x00,0x00,0x50,0x00,
0x00,0x00,0x00,0x00,0x00,0xff,0xff,0xff,0xff,0xff,0x80,0x00,0x0f,0xff,0xff,0xff,0xff,0xf8,0x00,0x00,
0x00,0x00,0x00,0x00,0x0b,0x80,0x00,0x00,0x00,0x00,0x00,0x00,0xb8,0x00,0x00,0x00,0x00,0x00,0x00,0x0b,
0x80,0x00,0x00,0x00,0x00,0x00,0x00,0xb8,0x00,0x00,0x3f,0xff,0xff,0xff,0xff,0x80,0x00,0x03,0xff,0xff,
0xff,0xff,0xf8,0x00,0x00,0x3d,0x00,0x00,0x00,0x00,0x00,0x00,0x03,0xd0,0x00,0x00,0x00,0x01,0x00,0x00,
0x3d,0x00,0x00,0x00,0x00,0x3d,0x00,0x03,0xd0,0x00,0x00,0x00,0x03,0xd0,0x00,0x3e,0x00,0x00,0x00,0x00,
0xbc,0x00,0x02,0xff,0xff,0xff,0xff,0xff,0x40,0x00,0x06,0xff,0xff,0xff,0xff,0x90,0x00,0x00,0x00,0x01,
0x00,0x00,0x00,0x00,0x00,0x00,0x00,0xb8,0x00,0x00,0x00,0x00,0x00,0x05,0x07,0xe0,0x00,0x68,0x00,0x00,
0xb4,0xf0,0x1f,0x80,0x07,0xd0,0x00,0x0f,0x4f,0x00,0x7d,0x00,0x2e,0x00,0x01,0xf0,0xf0,0x02,0xf0,0x01,
0xf4,0x00,0x2e,0x0f,0x00,0x0f,0x41,0x0b,0x80,0x03,0xd0,0xf0,0x00,0x50,0x3d,0x7d,0x00,0x7c,0x0f,0x00,
0x00,0x03,0xc2,0xe0,0x0f,0x40,0xf4,0x00,0x00,0xbc,0x1f,0x01,0xf0,0x0b,0xff,0xff,0xff,0x80,0xd0,0x01,
0x00,0x2f,0xff,0xff,0xe0,0x00,0x00,0x00,0x14,0x00,0x00,0x04,0x00,0x00,0x00,0x03,0xd0,0x00,0x02,0xe0,
0x00,0x00,0x00,0x3d,0x00,0x00,0x2e,0x00,0x00,0x00,0x03,0xd0,0x00,0x02,0xe0,0x00,0x00,0x00,0x3d,0x00,
0x00,0x2e,0x00,0x00,0x00,0x03,0xd0,0x00,0x02,0xe0,0x00,0x00,0x00,0x3e,0xd1,0xff,0xff,0xff,0xf4,0x00,
0xb3,0xee,0x1f,0xff,0xff,0xff,0x40,0x0b,0x3d,0xb4,0x00,0x2e,0x00,0xf4,0x00,0xf3,0xd7,0x80,0x02,0xe0,
0x0f,0x40,0x0e,0x3d,0x3c,0x00,0x2e,0x00,0xf4,0x01,0xe3,0xd2,0xc0,0x02,0xe0,0x0f,0x40,0x2d,0x3d,0x00,
0x00,0x2e,0x00,0xf4,0x02,0xc3,0xd0,0x00,0x02,0xe0,0x0f,0x40,0x3c,0x3d,0x00,0x00,0x2e,0x00,0xf4,0x00,
0x43,0xd0,0xff,0xff,0xff,0xff,0xfc,0x00,0x3d,0x0f,0xff,0xff,0xff,0xff,0xc0,0x03,0xd0,0x55,0x57,0xf9,
0x55,0x54,0x00,0x3d,0x00,0x00,0x7f,0xc0,0x00,0x00,0x03,0xd0,0x00,0x0b,0xae,0x00,0x00,0x00,0x3d,0x00,
0x00,0xf5,0xf0,0x00,0x00,0x03,0xd0,0x00,0x2e,0x0f,0x80,0x00,0x00,0x3d,0x00,0x07,0xd0,0x7d,0x00,0x00,
0x03,0xd0,0x00,0xf8,0x02,0xf4,0x00,0x00,0x3d,0x00,0x3f,0x00,0x0f,0xd0,0x00,0x03,0xd0,0x0b,0xd0,0x00,
0x7f,0x40,0x00,0x3d,0x07,0xf4,0x00,0x01,0xfe,0x40,0x03,0xd2,0xfd,0x00,0x00,0x07,0xfc,0x00,0x3d,0x1e,
0x00,0x00,0x00,0x0b,0x00,0x01,0x40,0x00,0x00,0x00,0x00,0x00,0x00,0x00,0x00,0x00,0x00,0x00,0x00,0x00,
0x03,0xc0,0x00,0x3c,0x00,0x00,0x00,0x00,0x3c,0x00,0x03,0xc0,0x00,0x00,0x00,0x03,0xc0,0x00,0x3c,0x00,
0x00,0x00,0x00,0x3c,0x00,0x07,0xc0,0x00,0x00,0x00,0x03,0xc0,0x00,0x78,0x00,0x00,0x00,0x00,0x3d,0x8b,
0xff,0xff,0xff,0xff,0x40,0x67,0xed,0xbf,0xff,0xff,0xff,0xf4,0x0b,0x7d,0xe0,0x0b,0x40,0x00,0x00,0x00,
0xb3,0xcb,0x40,0xf0,0x02,0x80,0x00,0x0b,0x3c,0x74,0x0f,0x00,0x3c,0x00,0x00,0xf3,0xc3,0x81,0xe0,0x03,
0xc0,0x00,0x0e,0x3c,0x20,0x2e,0x18,0x38,0x0e,0x01,0xe3,0xc0,0x03,0xd2,0xc7,0x81,0xe0,0x2d,0x3c,0x00,
0x3c,0x3c,0x78,0x2d,0x00,0x43,0xc0,0x07,0x83,0x87,0x83,0xc0,0x00,0x3c,0x00,0xb4,0x74,0xb4,0x78,0x00,
0x03,0xc0,0x1f,0x0b,0x0b,0x4b,0x40,0x00,0x3c,0x02,0xe1,0xe0,0xf4,0xf0,0x00,0x03,0xc0,0x3d,0x09,0x1f,
0x89,0x00,0x00,0x3c,0x0b,0x80,0x02,0xfc,0x00,0x00,0x03,0xc1,0xf4,0x00,0x3f,0xd0,0x00,0x00,0x3c,0x3e,
0x00,0x07,0xdf,0x00,0x00,0x03,0xc7,0xc0,0x00,0xf4,0xb4,0x00,0x00,0x3c,0x14,0x00,0x2e,0x07,0xd0,0x00,
0x03,0xc0,0x00,0x0b,0xc0,0x2f,0x00,0x00,0x3c,0x00,0x07,0xf4,0x00,0xbd,0x00,0x03,0xc0,0x03,0xfd,0x00,
0x02,0xf4,0x00,0x3c,0x00,0x2e,0x00,0x00,0x0a,0x00,0x01,0x40,0x00,0x00,0x00,0x00,0x00,0x00,0x14,0x00,
0x01,0x40,0x00,0x00,0x00,0x07,0xc0,0x00,0x7c,0x00,0x00,0x00,0x00,0x7c,0x00,0x0b,0x80,0x00,0x00,0x00,
0x07,0xc0,0x01,0xf0,0x00,0x00,0x00,0x00,0x7c,0x00,0x2f,0xff,0xff,0xff,0x40,0x07,0xc4,0x07,0xff,0xff,
0xff,0xf4,0x05,0x7e,0xc0,0xb8,0x00,0x00,0x00,0x00,0xf7,0xde,0x2f,0x00,0x00,0x00,0x00,0x0f,0x7c,0xf7,
0xd0,0x00,0x00,0x00,0x00,0xe7,0xcb,0x6a,0xff,0xff,0xff,0x80,0x1e,0x7c,0x78,0x3f,0xff,0xff,0xf8,0x01,
0xe7,0xc3,0x43,0xc1,0x80,0x07,0x80,0x2d,0x7c,0x00,0x7c,0x2e,0x00,0x78,0x02,0xd7,0xc0,0x07,0x80,0xb8,
0x0b,0x80,0x2c,0x7c,0x00,0x78,0x02,0xe0,0xb8,0x00,0x47,0xc0,0x0b,0x80,0x08,0x0b,0x80,0x00,0x7c,0x2f,
0xff,0xff,0xff,0xff,0x80,0x07,0xc2,0xff,0xff,0xff,0xff,0xf8,0x00,0x7c,0x00,0xf0,0x24,0x00,0xb4,0x00,
0x07,0xc0,0x0f,0x07,0xd0,0x0f,0x40,0x00,0x7c,0x01,0xf0,0x0b,0x80,0xf0,0x00,0x07,0xc0,0x1e,0x00,0x2d,
0x0f,0x00,0x00,0x7c,0x02,0xe0,0x00,0x40,0xf0,0x00,0x07,0xc0,0x2f,0xff,0xff,0xff,0xf4,0x00,0x7c,0x02,
0xff,0xff,0xff,0xff,0x40,0x07,0xc0,0x00,0x00,0x00,0x2e,0x00,0x00,0x7c,0x00,0x00,0x00,0x03,0xd0,0x00,
0x07,0xc0,0x00,0x00,0x3f,0xfc,0x00,0x00,0x7c,0x00,0x00,0x02,0xfe,0x00,0x00,0x01,0x00,0x00,0x00,0x00,
0x00,0x00,0x00,0x01,0x40,0x00,0x00,0x00,0x00,0x00,0x00,0x3d,0x00,0x00,0x00,0x00,0x00,0x00,0x03,0xd0,
0x02,0xff,0xff,0xfc,0x00,0x00,0x3d,0x00,0x2f,0xff,0xff,0xc0,0x00,0x03,0xd0,0x02,0xd0,0x00,0x3c,0x01,
0xff,0xff,0xff,0x2d,0x00,0x03,0xc0,0x1f,0xff,0xff,0xf2,0xd0,0x00,0x3c,0x00,0x00,0xbd,0x00,0x2f,0xaa,
0xab,0xc0,0x00,0x0f,0xd0,0x02,0xff,0xff,0xfc,0x00,0x01,0xff,0x40,0x2d,0x00,0x03,0xc0,0x00,0x3f,0xfe,
0x02,0xd0,0x00,0x3c,0x00,0x0b,0x7e,0xf8,0x2d,0x00,0x03,0xc0,0x01,0xe3,0xd3,0xf2,0xff,0xff,0xfc,0x00,
0x7d,0x3d,0x0e,0x2f,0xaa,0xab,0xc0,0x1f,0x83,0xd0,0x02,0xd0,0x00,0x3c,0x02,0xe0,0x3d,0x00,0x2d,0x00,
0x03,0xc0,0x08,0x03,0xd0,0x02,0xd0,0x00,0x3c,0x00,0x00,0x3d,0x00,0x2f,0xff,0xff,0xc0,0x00,0x02,0x90,
0x02,0xff,0xff,0xfc,0x00,0x00,0x00,0x07,0x80,0x00,0x00,0x00,0x00,0x40,0x00,0x3e,0x00,0x01,0x90,0x00,
0x0f,0x0b,0x80,0xf8,0x00,0x2f,0x00,0x01,0xe0,0xb8,0x07,0xe0,0x00,0xf4,0x00,0x2d,0x0b,0x80,0x1e,0x05,
0x0b,0xc0,0x07,0xc0,0xb8,0x00,0x40,0xb8,0x3e,0x00,0xb8,0x0b,0x80,0x00,0x0b,0x41,0xf0,0x1f,0x40,0x7c,
0x00,0x01,0xf4,0x0f,0x40,0xa0,0x07,0xff,0xff,0xff,0x00,0x40,0x00,0x00,0x1b,0xff,0xff,0x90,0x00,0x00,
0x00,0x00,0x00,0x05,0x00,0x00,0x00,0x00,0x00,0x00,0x01,0xf0,0x00,0x00,0x00,0x00,0x00,0x00,0x0f,0x80,
0x00,0x00,0x00,0x1f,0xff,0xff,0xff,0xff,0xff,0x40,0x01,0xff,0xff,0xff,0xff,0xff,0xf4,0x00,0x00,0x0b,
0x40,0x00,0x1f,0x00,0x00,0x00,0x00,0x7c,0x00,0x03,0xe0,0x00,0x00,0x00,0x03,0xd0,0x00,0x7c,0x00,0x00,
0x0b,0xff,0xff,0xff,0xff,0xff,0xff,0x00,0xbf,0xff,0xff,0xff,0xff,0xff,0xe0,0x00,0x00,0x00,0x00,0x00,
0x00,0x00,0x00,0x01,0xaa,0xaa,0xaa,0xaa,0xa4,0x00,0x00,0x1f,0xff,0xff,0xff,0xff,0x40,0x00,0x01,0xe0,
0x00,0x00,0x00,0xb4,0x00,0x00,0x1e,0x00,0x00,0x00,0x0b,0x40,0x00,0x01,0xff,0xff,0xff,0xff,0xf4,0x00,
0x00,0x1f,0x55,0x55,0x55,0x5f,0x40,0x00,0x01,0xe0,0x00,0x00,0x00,0xb4,0x00,0x00,0x1e,0x00,0x00,0x00,
0x0b,0x40,0x00,0x01,0xff,0xff,0xff,0xff,0xf4,0x00,0x00,0x1a,0xaa,0xba,0xaa,0xaa,0x40,0x00,0x00,0x00,
0x07,0xe0,0x00,0x10,0x00,0x00,0x38,0x2c,0x1f,0x80,0x07,0x80,0x00,0x07,0xc3,0xc0,0x2f,0x00,0x3e,0x00,
0x00,0xf4,0x3c,0x00,0x91,0xd1,0xf4,0x00,0x2f,0x03,0xc0,0x00,0x1e,0x07,0xc0,0x07,0xd0,0x3d,0x00,0x02,
0xe0,0x2e,0x00,0xb8,0x03,0xff,0xff,0xfd,0x01,0x90,0x01,0x00,0x1b,0xff,0xff,0x40,0x00,0x00,0x00,0x00,
0x00,0x00,0x00,0x00,0x00,0x00,0x00,0x00,0x00,0x02,0xd2,0xe0,0x00,0x00,0x00,0x00,0x00,0x2d,0x1b,0xd0,
0x00,0x00,0x00,0x00,0x02,0xd0,0x1e,0x00,0x01,0xff,0xff,0xff,0xff,0xff,0xff,0x40,0x1f,0xff,0xff,0xff,
0xff,0xff,0xf4,0x01,0xf0,0x00,0x00,0x1e,0x00,0x00,0x00,0x1f,0x00,0x00,0x00,0xf0,0x05,0x40,0x01,0xf3,
0xff,0xff,0x8f,0x40,0xf4,0x00,0x1f,0x2a,0xaa,0xa4,0xb4,0x1f,0x00,0x01,0xe0,0x00,0x00,0x0b,0x82,0xd0,
0x00,0x1e,0x1a,0xaa,0xa0,0x7c,0x7c,0x00,0x01,0xe2,0xff,0xff,0x03,0xdf,0x40,0x00,0x2e,0x2d,0x00,0xb0,
0x2f,0xe0,0x00,0x02,0xd2,0xd0,0x0b,0x01,0xfc,0x02,0x00,0x3c,0x2d,0x00,0xb0,0x2f,0x80,0x78,0x07,0x82,
0xea,0xaf,0x0b,0xfd,0x07,0x40,0xb8,0x2f,0xff,0xf2,0xf6,0xf4,0xb4,0x1f,0x00,0x00,0x00,0xbd,0x0b,0xff,
0x01,0xe0,0x00,0x00,0x02,0x00,0x1f,0xd0,0x04,0x00,0x00,0x7c,0x00,0x00,0x00,0x00,0x00,0x0f,0x02,0xf0,
0x00,0x18,0x00,0x00,0xa0,0xf0,0x0b,0x80,0x02,0xe0,0x00,0x1f,0x0f,0x00,0x3e,0x01,0x1f,0x40,0x02,0xe0,
0xf0,0x01,0xe0,0x3c,0xbc,0x00,0x7c,0x0f,0x00,0x04,0x03,0xc3,0xd0,0x0f,0x40,0xf4,0x00,0x00,0xb8,0x2f,
0x01,0xf0,0x0f,0xfa,0xaa,0xbf,0x40,0x90,0x00,0x00,0x6f,0xff,0xff,0xd0,0x00,0x00,0x00,0x14,0x00,0x00,
0x01,0x40,0x00,0x00,0x02,0xd0,0x00,0x00,0x78,0x00,0x00,0x00,0x2d,0x00,0x00,0x07,0x80,0x00,0x00,0x02,
0xd0,0x00,0x00,0x78,0x00,0x00,0x00,0x2d,0x00,0x00,0x07,0x80,0x00,0x00,0x02,0xd0,0x1f,0xff,0xff,0xff,
0xf4,0x00,0x2d,0x01,0xff,0xff,0xff,0xff,0x42,0xff,0xff,0x5f,0x00,0x78,0x01,0xf0,0x2f,0xff,0xf5,0xf0,
0x07,0x80,0x2e,0x00,0x02,0xd0,0x1f,0x00,0x78,0x03,0xd0,0x00,0x2d,0x01,0xf0,0x07,0x80,0x3c,0x00,0x02,
0xd0,0x1f,0x00,0x78,0x06,0x80,0x00,0x2d,0x01,0xf0,0x07,0x80,0x00,0x00,0x02,0xd0,0x1f,0xff,0xff,0xff,
0x80,0x00,0x2d,0x11,0xff,0xff,0xff,0xf8,0x00,0x02,0xff,0x5e,0xb8,0x00,0x0b,0x40,0x06,0xbf,0xe5,0xe7,
0xc0,0x01,0xf0,0x03,0xff,0xe0,0x1e,0x2d,0x00,0x2e,0x00,0x2f,0xbd,0x02,0xe1,0xf0,0x07,0xd0,0x01,0x42,
0xd0,0x2d,0x0f,0x80,0xb8,0x00,0x00,0x2d,0x03,0xd0,0x7d,0x2f,0x00,0x00,0x02,0xd0,0x3c,0x02,0xf7,0xd0,
0x00,0x00,0x2d,0x07,0xc0,0x0b,0xf8,0x00,0x00,0x02,0xd0,0xb8,0x00,0x7f,0x40,0x00,0x00,0x2d,0x0f,0x40,
0x2f,0xfe,0x00,0x00,0x02,0xd2,0xf0,0x1f,0xe6,0xf9,0x00,0x00,0x3d,0x3d,0x1b,0xf4,0x0b,0xfd,0x00,0xff,
0xc7,0xcb,0xf8,0x00,0x1b,0xf8,0x0b,0xe4,0x14,0x78,0x00,0x00,0x1b,0x00,0x00,0x00,0x00,0x00,0x00,0x00,
0x00,0x00,0x04,0x00,0x00,0x01,0x40,0x00,0x00,0x02,0xe0,0x00,0x00,0x3c,0x00,0x00,0x00,0x2e,0x00,0x00,
0x03,0xc0,0x00,0x00,0x02,0xe0,0x00,0x00,0x3c,0x00,0x00,0x00,0x2e,0x00,0x00,0x03,0xc0,0x00,0x00,0x02,
0xe0,0x00,0x00,0x3c,0x00,0x00,0x00,0x2e,0x00,0x00,0x03,0xc0,0x00,0x02,0xff,0xff,0xc0,0x00,0x7d,0x00,
0x00,0x2f,0xff,0xfc,0xff,0xff,0xff,0xff,0x40,0x02,0xe0,0x0f,0xff,0xff,0xff,0xf4,0x00,0x2e,0x00,0xf0,
0x03,0xc0,0x0f,0x40,0x02,0xe0,0x0f,0x00,0x3c,0x00,0xf4,0x00,0x2e,0x00,0xf0,0x03,0xc0,0x0f,0x40,0x02,
0xe0,0x0f,0x00,0x3c,0x00,0xf4,0x00,0x2e,0x18,0xf0,0x03,0xc0,0x0f,0x40,0x02,0xff,0xdf,0x00,0x3c,0x00,
0xf4,0x06,0xff,0xe8,0xff,0xff,0xff,0xff,0x43,0xff,0xe0,0x0f,0xff,0xff,0xff,0xf4,0x2e,0x6e,0x00,0xf4,
0x07,0xc0,0x0f,0x41,0x02,0xe0,0x0f,0x00,0x3c,0x00,0xf4,0x00,0x2e,0x00,0xf0,0x03,0xc0,0x0f,0x40,0x02,
0xe0,0x0f,0x00,0x3c,0x00,0xf4,0x00,0x2e,0x00,0xf0,0x03,0xc0,0x0f,0x40,0x02,0xe0,0x0f,0x00,0x3c,0x00,
0xf4,0x00,0x2e,0x00,0xf5,0x57,0xd5,0x5f,0x40,0x02,0xe0,0x0f,0xff,0xff,0xff,0xf4,0x00,0x2e,0x00,0xff,
0xff,0xff,0xff,0x40,0xff,0xd0,0x0f,0x00,0x00,0x00,0xf4,0x0b,0xf8,0x00,0xf0,0x00,0x00,0x0f,0x40,0x00,
0x00,0x05,0x00,0x00,0x00,0x00,0x00,0x14,0x00,0x00,0x05,0x00,0x00,0x00,0x02,0xe0,0x00,0x01,0xf0,0x00,
0x00,0x00,0x2e,0x00,0x00,0x0f,0x40,0x00,0x00,0x02,0xe0,0x00,0x00,0xb8,0x00,0x00,0x00,0x2e,0x00,0x00,
0x07,0xc0,0x00,0x00,0x02,0xe0,0x00,0x00,0x24,0x00,0x00,0x00,0x2e,0x00,0xff,0xff,0xff,0xff,0x01,0xff,
0xff,0x8f,0xff,0xff,0xff,0xf0,0x1f,0xff,0xf8,0x00,0x00,0x00,0x00,0x00,0x02,0xe0,0x00,0x00,0x00,0x00,
0x00,0x00,0x2e,0x00,0x06,0x00,0x01,0xe0,0x00,0x02,0xe0,0x00,0xb4,0x00,0x2e,0x00,0x00,0x2e,0x00,0x0b,
0x40,0x02,0xe0,0x00,0x02,0xe0,0x00,0x78,0x00,0x3d,0x00,0x00,0x2e,0x14,0x07,0xc0,0x03,0xd0,0x00,0x02,
0xff,0xc0,0x3c,0x00,0x3c,0x00,0x06,0xbf,0xf8,0x03,0xd0,0x07,0xc0,0x02,0xff,0xe4,0x00,0x2d,0x00,0x78,
0x00,0x1f,0xae,0x00,0x02,0xe0,0x0b,0x80,0x00,0x02,0xe0,0x00,0x1e,0x00,0xf4,0x00,0x00,0x2e,0x00,0x01,
0xf0,0x0f,0x00,0x00,0x02,0xe0,0x00,0x1f,0x01,0xf0,0x00,0x00,0x2e,0x00,0x00,0xf0,0x1e,0x00,0x00,0x02,
0xe0,0x00,0x0f,0x42,0xd0,0x00,0x00,0x2e,0x00,0x00,0x40,0x3d,0x00,0x00,0x02,0xe0,0x00,0x00,0x07,0xc0,
0x00,0x00,0x2e,0x07,0xff,0xff,0xff,0xff,0xc0,0xbf,0xd0,0x7f,0xff,0xff,0xff,0xfc,0x07,0xf8,0x00,0x00,
0x00,0x00,0x00,0x00,0x00,0x00,0x00,0x00,0x00,0x00,0x00,0x00,0x04,0x00,0x00,0x01,0x40,0x00,0x00,0x02,
0xe0,0x00,0x00,0x78,0x00,0x00,0x00,0x2e,0x00,0x10,0x07,0x80,0x29,0x00,0x02,0xe0,0x0f,0x00,0x78,0x03,
0xd0,0x00,0x2e,0x00,0xb8,0x07,0x80,0x7c,0x00,0x02,0xe0,0x07,0xc0,0x78,0x0b,0x80,0x00,0x2e,0x00,0x2d,
0x07,0x80,0xf0,0x02,0xff,0xff,0xc1,0xf0,0x78,0x2e,0x00,0x2f,0xff,0xfc,0x0f,0x07,0x83,0xd0,0x00,0x02,
0xe0,0x00,0x40,0x78,0x14,0x00,0x00,0x2e,0x00,0x00,0x07,0x80,0x00,0x00,0x02,0xe0,0x0f,0xff,0xff,0xff,
0xe0,0x00,0x2e,0x00,0xff,0xff,0xff,0xfe,0x00,0x02,0xe0,0x00,0x00,0x78,0x00,0x00,0x00,0x2e,0x18,0x00,
0x07,0x80,0x00,0x00,0x02,0xff,0xc0,0x00,0x78,0x00,0x00,0x05,0xbf,0xf8,0x00,0x07,0x80,0x00,0x03,0xff,
0xe4,0x00,0x00,0x78,0x00,0x00,0x2f,0xae,0x07,0xff,0xff,0xff,0xff,0xc1,0x02,0xe0,0x7f,0xff,0xff,0xff,
0xfc,0x00,0x2e,0x00,0x00,0x0b,0xc0,0x00,0x00,0x02,0xe0,0x00,0x00,0x78,0x00,0x00,0x00,0x2e,0x00,0x00,
0x07,0x80,0x00,0x00,0x02,0xe0,0x00,0x00,0x78,0x00,0x00,0x00,0x2e,0x00,0x00,0x07,0x80,0x00,0x00,0x02,
0xe0,0x00,0x00,0x78,0x00,0x00,0x00,0x2e,0x00,0x00,0x07,0x80,0x00,0x00,0xff,0xd0,0x00,0x00,0x78,0x00,
0x00,0x0b,0xf8,0x00,0x00,0x07,0x80,0x00,0x00,0x00,0x00,0x00,0x00,0x00,0x00,0x00,0x00,0x15,0x00,0x00,
0x00,0x00,0x00,0x00,0x02,0xd0,0x00,0x00,0x00,0x00,0x00,0x00,0x2d,0x00,0xff,0xff,0xff,0xf8,0x00,0x02,
0xd0,0x0f,0xff,0xff,0xff,0x80,0x00,0x2d,0x00,0x0f,0x40,0x01,0xf4,0x00,0x02,0xd0,0x00,0x7c,0x00,0x3e,
0x00,0x00,0x2d,0x00,0x02,0xe0,0x0b,0xc0,0x02,0xff,0xff,0xc0,0x0f,0x82,0xf0,0x00,0x2f,0xff,0xfc,0x00,
0x7e,0xbc,0x00,0x00,0x02,0xe0,0x00,0x01,0xff,0x00,0x00,0x00,0x2d,0x00,0x00,0x6f,0xf8,0x00,0x00,0x02,
0xd0,0x00,0x6f,0xeb,0xf4,0x00,0x00,0x2d,0x00,0x6f,0xe0,0x1f,0xf9,0x00,0x02,0xd0,0x3f,0xe4,0x00,0x2f,
0xfc,0x00,0x2d,0x1a,0xd0,0x07,0x80,0x1b,0x40,0x02,0xff,0xc0,0x00,0x7c,0x00,0x00,0x05,0xbf,0xf4,0x00,
0x07,0xc0,0x00,0x02,0xff,0xe4,0x07,0xff,0xff,0xff,0x80,0x2f,0xad,0x00,0x7f,0xff,0xff,0xf8,0x00,0x02,
0xd0,0x00,0x00,0x7c,0x00,0x00,0x00,0x2d,0x00,0x00,0x07,0xc0,0x00,0x00,0x02,0xd0,0x00,0x00,0x7c,0x00,
0x00,0x00,0x2d,0x03,0xff,0xff,0xff,0xff,0x80,0x02,0xd0,0x3f,0xff,0xff,0xff,0xf8,0x00,0x2d,0x00,0x00,
0x07,0xc0,0x00,0x00,0x02,0xd0,0x00,0x00,0x7c,0x00,0x00,0x00,0x2d,0x00,0x00,0x07,0xc0,0x00,0x00,0xff,
0xd0,0x00,0x00,0x7c,0x00,0x00,0x0b,0xf8,0x00,0x00,0x07,0xc0,0x00,0x00,0x00,0x00,0x00,0x00,0x14,0x00,
0x00,0x00,0x14,0x00,0x00,0x00,0x00,0x00,0x00,0x03,0xc0,0x00,0xa0,0x00,0x0e,0x40,0x00,0x3c,0x00,0x0f,
0x40,0x01,0xf0,0x00,0x03,0xc0,0x00,0x7c,0x00,0x2e,0x00,0x00,0x3c,0x00,0x03,0xe0,0x07,0xc0,0x00,0x03,
0xc0,0x00,0x1f,0x00,0xb8,0x00,0x00,0x3c,0x00,0x00,0x90,0x1f,0x00,0x02,0xff,0xff,0x1f,0xff,0xff,0xff,
0xe0,0x2f,0xff,0xf1,0xff,0xff,0xff,0xfe,0x00,0x07,0xd0,0x00,0x2e,0x01,0xf4,0x00,0x00,0x3c,0x00,0x02,
0xe0,0x0f,0x00,0x00,0x03,0xc0,0x00,0x2e,0x00,0xf0,0x00,0x00,0x3c,0x00,0x02,0xe0,0x0f,0x00,0x00,0x03,
0xc0,0x00,0x2e,0x00,0xf0,0x00,0x00,0x3c,0x10,0x02,0xe0,0x0f,0x00,0x00,0x03,0xef,0x00,0x2e,0x01,0xf4,
0x00,0x01,0xbf,0xf7,0xff,0xff,0xff,0xff,0x82,0xff,0xe4,0x7f,0xff,0xff,0xff,0xf8,0x3f,0xbc,0x00,0x02,
0xd0,0x0f,0x00,0x01,0x43,0xc0,0x00,0x3d,0x00,0xf0,0x00,0x00,0x3c,0x00,0x03,0xc0,0x0f,0x00,0x00,0x03,
0xc0,0x00,0x7c,0x00,0xf0,0x00,0x00,0x3c,0x00,0x0b,0x80,0x0f,0x00,0x00,0x03,0xc0,0x00,0xf4,0x00,0xf0,
0x00,0x00,0x3c,0x00,0x2e,0x00,0x0f,0x00,0x00,0x03,0xc0,0x07,0xd0,0x00,0xf0,0x00,0x00,0x3c,0x01,0xf8,
0x00,0x0f,0x00,0x01,0xff,0xc0,0x7e,0x00,0x00,0xf0,0x00,0x0f,0xf4,0x07,0x80,0x00,0x0f,0x00,0x00,0x00,
0x00,0x10,0x00,0x00,0x50,0x00,0x00,0x04,0x00,0x00,0x01,0x00,0x00,0x00,0x02,0xd0,0x00,0x00,0xf4,0x00,
0x00,0x00,0x2d,0x00,0x00,0x0b,0x80,0x00,0x00,0x02,0xd0,0x00,0x00,0xbc,0x00,0x00,0x00,0x2d,0x00,0x00,
0x07,0xd0,0x00,0x00,0x02,0xd0,0x2f,0xff,0xff,0xff,0xf4,0x00,0x2d,0x02,0xff,0xff,0xff,0xff,0x42,0xff,
0xff,0xae,0x00,0x00,0x00,0xb4,0x2f,0xff,0xfa,0xe0,0x19,0x00,0x0b,0x40,0x02,0xe0,0x2e,0x03,0xe0,0x00,
0xb4,0x00,0x2d,0x01,0xe0,0x7d,0x00,0x0a,0x40,0x02,0xd0,0x00,0x0b,0xc0,0x00,0x00,0x00,0x2d,0x00,0x00,
0xf8,0x00,0x00,0x00,0x02,0xd0,0x7f,0xff,0xff,0xff,0xf8,0x00,0x2d,0x07,0xff,0xff,0xff,0xff,0x80,0x02,
0xd1,0x80,0x7d,0x00,0x3d,0x00,0x00,0x2f,0xfd,0x0b,0xc0,0x07,0xd0,0x00,0x6f,0xfe,0x40,0xf4,0x00,0xbc,
0x00,0x3f,0xfe,0x00,0x2f,0x00,0x0f,0x80,0x02,0xe6,0xd0,0x03,0xe0,0x01,0xf4,0x00,0x10,0x2d,0x00,0x2f,
0xd0,0x3e,0x00,0x00,0x02,0xd0,0x00,0x7f,0xd7,0xc0,0x00,0x00,0x2d,0x00,0x00,0x7f,0xf8,0x00,0x00,0x02,
0xd0,0x00,0x00,0xbf,0x80,0x00,0x00,0x2d,0x00,0x00,0x2f,0xff,0x40,0x00,0x02,0xd0,0x00,0x1f,0xe1,0xfe,
0x00,0x00,0x2d,0x00,0x6f,0xf4,0x02,0xfd,0x00,0xff,0xd0,0x3f,0xf4,0x00,0x07,0xf4,0x0b,0xf8,0x01,0xe4,
0x00,0x00,0x0a,0x00,0x00,0x00,0x00,0x00,0x00,0x00,0x00,0x00,0x14,0x00,0x00,0x50,0x00,0x00,0x00,0x03,
0xc0,0x00,0x1f,0x00,0x00,0x00,0x00,0x3c,0x00,0x03,0xe0,0x00,0x00,0x00,0x03,0xc0,0x00,0x7f,0xff,0xf8,
0x00,0x00,0x3c,0x00,0x0f,0xff,0xff,0xd0,0x00,0x03,0xc0,0x02,0xe0,0x00,0xf8,0x00,0x00,0x3c,0x00,0x7d,
0x00,0x2f,0x00,0x02,0xff,0xff,0x1f,0x80,0x07,0xd0,0x00,0x2f,0xff,0xf3,0xf0,0x00,0xb8,0x00,0x00,0x07,
0xd0,0xbf,0xff,0xff,0xff,0x40,0x00,0x3c,0x02,0xfe,0xaf,0xea,0xf4,0x00,0x03,0xc0,0x0b,0x40,0xb8,0x0f,
0x40,0x00,0x3c,0x00,0xb4,0x0b,0x80,0xf4,0x00,0x03,0xc0,0x0b,0x40,0xb8,0x0f,0x40,0x00,0x3c,0x10,0xb4,
0x0b,0x40,0xf4,0x00,0x03,0xef,0x0b,0x40,0xb4,0x0f,0x40,0x01,0xbf,0xf4,0xb4,0x0f,0x40,0xf4,0x02,0xff,
0xe4,0x0b,0x40,0xf4,0x0f,0x40,0x2f,0xbc,0x0f,0xff,0xff,0xff,0xff,0x41,0x43,0xc0,0xff,0xff,0xff,0xff,
0xf4,0x00,0x3c,0x00,0x00,0x3f,0xc0,0x00,0x00,0x03,0xc0,0x00,0x0b,0xae,0x00,0x00,0x00,0x3c,0x00,0x01,
0xf4,0xf4,0x00,0x00,0x03,0xc0,0x00,0x7e,0x07,0xd0,0x00,0x00,0x3c,0x00,0x1f,0x80,0x2f,0x40,0x00,0x03,
0xc0,0x0b,0xe0,0x00,0xbe,0x00,0x00,0x3c,0x07,0xf4,0x00,0x02,0xf9,0x00,0xff,0xc7,0xfd,0x00,0x00,0x07,
0xf8,0x0b,0xf4,0x2d,0x00,0x00,0x00,0x0b,0x00,0x10,0x00,0x00,0x00,0x00,0x00,0x00,0x00,0x04,0x00,0x00,
0x00,0x00,0x00,0x00,0x02,0xe0,0x00,0x0b,0x82,0xe0,0x00,0x00,0x2e,0x00,0x00,0xb8,0x2e,0x00,0x00,0x02,
0xe0,0x00,0x0b,0x82,0xe0,0x00,0x00,0x2e,0x00,0x00,0xb8,0x2e,0x00,0x00,0x02,0xe0,0x00,0x0b,0x82,0xe0,
0x00,0x00,0x2e,0x00,0xff,0xf8,0x2f,0xff,0x41,0xff,0xff,0xcf,0xff,0x82,0xff,0xf4,0x1f,0xff,0xfc,0x00,
0xb8,0x2e,0x00,0x00,0x02,0xe0,0x00,0x0b,0x82,0xe0,0x00,0x00,0x2e,0x00,0x00,0xb8,0x2e,0x00,0x00,0x02,
0xe0,0x00,0x0b,0x82,0xe0,0x00,0x00,0x2e,0x00,0x00,0xb8,0x2e,0x00,0x00,0x02,0xe0,0x0f,0xff,0x82,0xff,
0xf4,0x00,0x2e,0x00,0xff,0xf8,0x2f,0xff,0x40,0x02,0xe6,0xc0,0x0b,0x82,0xe0,0x00,0x01,0x7f,0xfc,0x00,
0xb8,0x2e,0x00,0x02,0xff,0xf9,0x00,0x0b,0x82,0xe0,0x00,0x1f,0xae,0x00,0x00,0xb8,0x2e,0x00,0x00,0x42,
0xe0,0x2f,0xff,0x82,0xff,0xfc,0x00,0x2e,0x02,0xff,0xf8,0x2f,0xff,0xc0,0x02,0xe0,0x00,0x0b,0x82,0xe0,
0x00,0x00,0x2e,0x00,0x00,0xb8,0x2e,0x00,0x00,0x02,0xe0,0x00,0x0b,0x82,0xe0,0x00,0x00,0x2e,0x00,0x00,
0xb8,0x2e,0x00,0x00,0x02,0xe0,0x00,0x0b,0x82,0xe0,0x00,0x00,0x2e,0x00,0x00,0xb8,0x2e,0x00,0x00,0xbf,
0xd0,0x00,0x0b,0x82,0xe0,0x00,0x07,0xf8,0x00,0x00,0xb8,0x2e,0x00,0x00,0x00,0x00,0x00,0x01,0x00,0x40,
0x00,0x00,0x04,0x00,0x00,0x00,0x00,0x00,0x00,0x02,0xd0,0x00,0x00,0x00,0x00,0x00,0x00,0x2d,0x00,0x7f,
0xff,0xff,0xfc,0x00,0x02,0xd0,0x07,0xea,0xaa,0xab,0xc0,0x00,0x2d,0x00,0x78,0x00,0x00,0x7c,0x00,0x02,
0xd0,0x07,0x80,0x00,0x07,0xc0,0x00,0x2d,0x00,0x7e,0xaa,0xaa,0xbc,0x01,0xff,0xff,0x87,0xff,0xff,0xff,
0xc0,0x1f,0xff,0xf8,0x78,0x00,0x00,0x7c,0x00,0x02,0xd0,0x07,0x80,0x00,0x07,0xc0,0x00,0x2d,0x00,0x7e,
0xaa,0xaa,0xbc,0x00,0x02,0xd0,0x07,0xff,0xff,0xff,0xc0,0x00,0x2d,0x00,0x0e,0x00,0x00,0x00,0x00,0x02,
0xd0,0x01,0xe0,0x00,0x00,0x00,0x00,0x2d,0x14,0x3d,0x00,0x00,0x00,0x00,0x02,0xff,0x87,0xff,0xff,0xff,
0xf4,0x01,0xbf,0xe4,0xfe,0xab,0xea,0xaf,0x42,0xff,0xe0,0x2e,0x00,0x2c,0x00,0xf4,0x1f,0xad,0x0b,0xc0,
0x03,0x80,0x0f,0x40,0x42,0xd0,0xba,0x40,0xbd,0x00,0xf4,0x00,0x2d,0x01,0xb4,0x2e,0xf4,0x0f,0x00,0x02,
0xd0,0x0b,0x4b,0x82,0xe0,0xf0,0x00,0x2d,0x00,0xb5,0xe0,0x0a,0x0f,0x00,0x02,0xd0,0x0b,0x44,0x00,0x01,
0xf0,0x00,0x2d,0x00,0xbf,0xff,0xff,0x5e,0x00,0x02,0xd0,0x06,0xaa,0xaa,0xa5,0xe0,0x00,0x2d,0x00,0x00,
0x00,0x00,0x2e,0x00,0xbf,0xd0,0x00,0x00,0x00,0xab,0xd0,0x07,0xf4,0x00,0x00,0x00,0x0b,0xf4,0x00,0x00,
0x00,0x00,0x00,0x00,0x00,0x00,0x00,0x00,0x00,0x00,0x00,0x00,0x00,0x00,0x00,0xb4,0x00,0x00,0xb4,0x00,
0x00,0x00,0x07,0xc0,0x00,0x0f,0x40,0x00,0x00,0x00,0x3d,0x00,0x01,0xf0,0x00,0x00,0x00,0x02,0xe0,0x00,
0x1f,0x00,0x00,0x00,0x00,0x14,0x00,0x02,0xe0,0x00,0x00,0x2f,0xff,0xff,0xf8,0x3e,0x00,0x00,0x02,0xff,
0xff,0xff,0x87,0xff,0xff,0xfc,0x00,0x3c,0x00,0x00,0xbf,0xff,0xff,0xc0,0x03,0xc0,0x00,0x0f,0x80,0x0b,
0x80,0x00,0x3c,0x00,0x01,0xfc,0x00,0xf4,0x00,0x03,0xc0,0x00,0x3f,0xd0,0x1f,0x00,0x00,0x3f,0xff,0xd7,
0xfd,0x01,0xe0,0x00,0x03,0xff,0xfd,0xf9,0xe0,0x2e,0x00,0x00,0x3c,0x03,0xef,0x0f,0x03,0xd0,0x00,0x07,
0xc0,0x3d,0x90,0xf4,0x7c,0x00,0x00,0x7c,0x03,0xd0,0x0b,0x8b,0x80,0x00,0x07,0xc0,0x3c,0x00,0x7c,0xf4,
0x00,0x00,0x78,0x03,0xc0,0x03,0xef,0x00,0x00,0x0b,0x80,0x3c,0x00,0x1f,0xe0,0x00,0x00,0xb4,0x03,0xc0,
0x00,0xfc,0x00,0x00,0x0f,0x40,0x3c,0x00,0x1f,0xc0,0x00,0x01,0xf0,0x07,0xc0,0x03,0xfe,0x00,0x00,0x2e,
0x00,0x7c,0x00,0xbe,0xf8,0x00,0x03,0xd0,0x07,0xc0,0x2f,0x4b,0xd0,0x00,0xbc,0x00,0x78,0x0b,0xd0,0x3f,
0x40,0x1f,0x40,0x0b,0x87,0xf4,0x00,0xfe,0x03,0xe0,0x7f,0xf6,0xfd,0x00,0x03,0xf8,0x1c,0x03,0xfe,0x1e,
0x00,0x00,0x0b,0x00,0x00,0x00,0x00,0x00,0x00,0x00,0x00,0x00,0x00,0x00,0x00,0x01,0x00,0x00,0x00,0x00,
0x1e,0x00,0x00,0x3c,0x00,0x00,0x00,0x01,0xe0,0x00,0x0b,0x80,0x00,0x01,0xff,0xff,0xff,0xd0,0xf4,0x00,
0x00,0x1a,0xaa,0xfa,0xa9,0x1f,0xff,0xff,0x40,0x00,0x1e,0x00,0x02,0xff,0xff,0xf8,0x07,0xff,0xff,0xf8,
0x7d,0x00,0xb4,0x00,0x79,0x6e,0x5b,0x9f,0xf0,0x0f,0x00,0x07,0x41,0xe0,0x7b,0xeb,0x42,0xe0,0x00,0x74,
0x1e,0x07,0x98,0x3d,0x7d,0x00,0x07,0xff,0xff,0xf8,0x01,0xfb,0x80,0x00,0x55,0xbe,0xa5,0x40,0x0b,0xf0,
0x00,0x00,0x0f,0xef,0x40,0x00,0xbe,0x00,0x00,0x07,0xee,0x7e,0x00,0x7f,0xfd,0x00,0x02,0xf5,0xe0,0xb4,
0x6f,0x82,0xf9,0x01,0xfd,0x1e,0x01,0x2f,0xd0,0x0b,0xf8,0x09,0x01,0xe0,0x01,0xd0,0x00,0x0b,0x00,0x00,
0x00,0x00,0x00,0x00,0x00,0x00,0x02,0xff,0xff,0xff,0xff,0xff,0xf8,0x00,0x2f,0xff,0xff,0xff,0xff,0xff,
0x80,0x00,0x00,0x00,0x0f,0x00,0x00,0x00,0x00,0x00,0xb4,0x00,0xf0,0x00,0x00,0x00,0x00,0x0b,0x80,0x0f,
0xff,0xff,0x80,0x00,0x00,0xb8,0x00,0xfa,0xaa,0xa8,0x00,0x00,0x0b,0x80,0x0f,0x00,0x00,0x00,0x00,0x00,
0xb8,0x00,0xf0,0x00,0x00,0x00,0x2f,0xff,0xff,0xff,0xff,0xff,0xff,0x82,0xff,0xff,0xff,0xff,0xff,0xff,
0xf8,0x00,0x01,0x00,0x00,0x00,0x01,0x40,0x00,0x00,0xb4,0x00,0x00,0x00,0x3c,0x00,0x00,0x0b,0x41,0x00,
0x00,0x03,0xc0,0x01,0xe0,0xb4,0x3c,0x09,0x00,0x3c,0x00,0x0f,0x0b,0x47,0x81,0xf8,0x03,0xc0,0x00,0xb4,
0xb4,0x74,0x07,0xf4,0x3c,0x00,0x07,0x4b,0x4b,0x00,0x0b,0xd3,0xc0,0x00,0x38,0xb4,0xe0,0x00,0x28,0x3c,
0x00,0x03,0xcb,0x5d,0x00,0x00,0x03,0xc0,0x00,0x28,0xb5,0xc0,0x00,0x00,0x3c,0x00,0x00,0x0b,0x40,0x00,
0x00,0x03,0xc0,0x02,0xff,0xff,0xfd,0xb8,0x00,0x3c,0x00,0x2f,0xff,0xff,0xdb,0xf4,0x03,0xc0,0x00,0x02,
0xf4,0x00,0x1f,0xd0,0x3c,0x00,0x00,0x3f,0xc0,0x00,0x2e,0x03,0xc0,0x00,0x07,0xfe,0x00,0x00,0x90,0x3c,
0x00,0x00,0xbf,0xf8,0x00,0x00,0x03,0xc0,0x00,0x0e,0xb7,0xd0,0x00,0x00,0x3c,0x14,0x01,0xdb,0x5f,0x00,
0x00,0x17,0xff,0x80,0x3c,0xb4,0xb8,0x05,0xaf,0xff,0xf8,0x0b,0x8b,0x47,0x6f,0xff,0xff,0xd0,0x00,0xf0,
0xb4,0x12,0xfe,0x94,0x3c,0x00,0x2e,0x0b,0x40,0x14,0x00,0x03,0xc0,0x02,0xc0,0xb4,0x00,0x00,0x00,0x3c,
0x00,0x18,0x0b,0x40,0x00,0x00,0x03,0xc0,0x00,0x00,0xb4,0x00,0x00,0x00,0x3c,0x00,0x00,0x0b,0x40,0x00,
0x00,0x03,0xc0,0x00,0x00,0xb4,0x00,0x00,0x00,0x3c,0x00,0x00,0x0b,0x40,0x00,0x00,0x03,0xc0,0x00,0x00,
0x10,0x00,0x00,0x00,0x14,0x00,0x00,0x2f,0xff,0xff,0xff,0xff,0xc0,0x00,0x02,0xff,0xff,0xff,0xff,0xfc,
0x00,0x00,0x2e,0x55,0x55,0x55,0x5b,0xc0,0x00,0x02,0xe0,0x00,0x00,0x00,0x7c,0x00,0x00,0x2e,0x00,0x00,
0x00,0x07,0xc0,0x00,0x02,0xe0,0x00,0x00,0x00,0x7c,0x00,0x00,0x2e,0x00,0x00,0x00,0x07,0xc0,0x00,0x02,
0xe0,0x00,0x00,0x00,0x7c,0x00,0x00,0x2e,0x00,0x00,0x00,0x07,0xc0,0x00,0x02,0xe0,0x00,0x00,0x00,0x7c,
0x00,0x00,0x2e,0x55,0x55,0x55,0x5b,0xc0,0x00,0x02,0xff,0xff,0xff,0xff,0xfc,0x00,0x00,0x2f,0xff,0xff,
0xff,0xff,0xc0,0x00,0x02,0xe0,0x00,0x00,0x00,0x7c,0x00,0x00,0x2e,0x00,0x00,0x00,0x07,0xc0,0x00,0x02,
0xe0,0x00,0x00,0x00,0x7c,0x00,0x00,0x2e,0x00,0x00,0x00,0x07,0xc0,0x00,0x02,0xe0,0x00,0x00,0x00,0x7c,
0x00,0x00,0x2e,0x00,0x00,0x00,0x07,0xc0,0x00,0x02,0xe0,0x00,0x00,0x00,0x7c,0x00,0x00,0x2e,0x00,0x00,
0x00,0x07,0xc0,0x00,0x02,0xe5,0x55,0x55,0x55,0xbc,0x00,0x00,0x2f,0xff,0xff,0xff,0xff,0xc0,0x00,0x02,
0xff,0xff,0xff,0xff,0xfc,0x00,0x00,0x2e,0x00,0x00,0x00,0x07,0xc0,0x00,0x02,0xe0,0x00,0x00,0x00,0x68,
0x00,0x00,0x00,0x00,0x03,0xff,0xff,0xfe,0x00,0xbf,0xff,0xf4,0x3f,0xff,0xff,0xe0,0x0b,0xff,0xff,0x43,
0xd0,0x00,0x1e,0x00,0xb8,0x00,0xf4,0x3d,0x00,0x01,0xe0,0x0b,0x80,0x0f,0x43,0xd0,0x00,0x1e,0x00,0xb8,
0x00,0xf4,0x3d,0x00,0x01,0xe0,0x0b,0x80,0x0f,0x43,0xd0,0x00,0x1e,0x00,0xb8,0x00,0xf4,0x3d,0x00,0x01,
0xe0,0x0b,0x80,0x0f,0x43,0xff,0xff,0xfe,0x00,0xbf,0xff,0xf4,0x3f,0xff,0xff,0xe0,0x0b,0xff,0xff,0x43,
0xd0,0x00,0x1e,0x00,0xb8,0x00,0xf4,0x3d,0x00,0x01,0xe0,0x0b,0x80,0x0f,0x43,0xc0,0x00,0x1e,0x00,0xb8,
0x00,0xf4,0x3c,0x00,0x01,0xe0,0x0b,0x80,0x0f,0x43,0xc0,0x00,0x1e,0x00,0xb8,0x00,0xf4,0x7f,0xff,0xff,
0xe0,0x0b,0x80,0x0f,0x47,0xff,0xff,0xfe,0x00,0xbf,0xff,0xf4,0xb8,0x00,0x01,0xe0,0x0b,0xff,0xff,0x4f,
0x40,0x00,0x1e,0x00,0xb8,0x00,0x00,0xf0,0x00,0x01,0xe0,0x0b,0x80,0x00,0x2e,0x00,0x00,0x1e,0x00,0xb8,
0x00,0x03,0xd0,0x00,0x01,0xe0,0x00,0x00,0x00,0xbc,0x00,0x00,0x1e,0x00,0x00,0x00,0x1f,0x40,0x00,0x01,
0xe0,0x00,0x00,0x07,0xe0,0x00,0x00,0x2e,0x00,0x00,0x01,0xfc,0x00,0x07,0xff,0xe0,0x00,0x00,0x0b,0x00,
0x00,0x3f,0xf8,0x00,0x00,0x00,0x00,0x00,0x00,0x50,0x00,0x00,0x00,0x00,0x00,0x00,0x00,0x00,0x00,0x00,
0x00,0x00,0x1e,0x00,0x00,0x00,0x00,0x00,0x00,0x01,0xe0,0x00,0x00,0x00,0xbf,0xff,0x00,0x0f,0x00,0x00,
0x00,0x0b,0xff,0xf0,0x00,0xf5,0xab,0xfd,0x00,0xb0,0x0b,0x1b,0xff,0xff,0xff,0x90,0x0b,0x00,0xb2,0xff,
0xfe,0x54,0x00,0x00,0xb0,0x0b,0x04,0x07,0xc0,0x0b,0x80,0x0b,0x00,0xb0,0x00,0x2d,0x02,0xf0,0x00,0xb0,
0x0b,0x00,0x01,0xf1,0xfc,0x00,0x0b,0x00,0xb0,0x00,0x0f,0xbe,0x00,0x00,0xb0,0x0b,0x00,0x01,0xff,0x40,
0x60,0x0b,0xff,0xf0,0x06,0xff,0xf4,0x0b,0x00,0xbf,0xff,0x1b,0xfe,0x4b,0xe0,0xf0,0x0b,0x00,0xb1,0xf9,
0x00,0x2f,0xfe,0x00,0xb0,0x0b,0x04,0x00,0x00,0x6f,0x80,0x0b,0x00,0xb0,0x00,0x00,0x00,0x00,0x00,0xb0,
0x0b,0x3f,0xff,0xff,0xff,0xf4,0x0b,0x00,0xb3,0xff,0xff,0xff,0xff,0x40,0xb0,0x0b,0x00,0x1f,0x03,0xc0,
0x00,0x0b,0x00,0xb0,0x01,0xe0,0x3c,0x00,0x00,0xbf,0xff,0x00,0x2e,0x03,0xc0,0x00,0x0b,0xff,0xf0,0x03,
0xd0,0x3c,0x00,0x00,0xb0,0x00,0x00,0x7c,0x03,0xc0,0x00,0x0b,0x00,0x00,0x0b,0x80,0x3c,0x03,0x80,0xa0,
0x00,0x02,0xf4,0x03,0xc0,0x38,0x00,0x00,0x01,0xbe,0x00,0x3d,0x07,0x80,0x00,0x00,0xbf,0x80,0x03,0xff,
0xf4,0x00,0x00,0x07,0x90,0x00,0x1a,0xfa,0x00,0x00,0x00,0x00,0x00,0x00,0x00,0x00,0x00,0x00,0x00,0x00,
0x40,0x00,0x00,0x00,0x00,0x00,0x00,0x0f,0x40,0x00,0x00,0x00,0x00,0x00,0x01,0xe0,0x00,0x00,0x00,0xbf,
0xff,0x40,0x3f,0xff,0xe0,0x00,0x0b,0xff,0xf4,0x0b,0xff,0xff,0x40,0x00,0xb4,0x0b,0x40,0xf4,0x02,0xe0,
0x00,0x0b,0x40,0xb4,0x2e,0x00,0x3d,0x00,0x00,0xb4,0x0b,0x47,0xc0,0x0b,0x80,0x00,0x0b,0x40,0xb5,0xf8,
0x01,0xf0,0x00,0x00,0xb4,0x0b,0xbf,0xff,0xff,0xff,0xe0,0x0b,0x40,0xbb,0xff,0xff,0xff,0xfe,0x00,0xb4,
0x0b,0x47,0x80,0x7c,0x02,0xe0,0x0b,0xff,0xf4,0x78,0x07,0x80,0x2e,0x00,0xbf,0xff,0x47,0x80,0x78,0x02,
0xe0,0x0b,0x40,0xb4,0x78,0x0b,0x80,0x2e,0x00,0xb4,0x0b,0x47,0x80,0xb4,0x02,0xe0,0x0b,0x40,0xb4,0x7f,
0xff,0xff,0xfe,0x00,0xb4,0x0b,0x47,0xff,0xff,0xff,0xe0,0x0b,0x40,0xb4,0x00,0x1f,0xb4,0x00,0x00,0xb4,
0x0b,0x40,0x02,0xeb,0x40,0x00,0x0b,0x40,0xb4,0x00,0x3d,0xb4,0x00,0x00,0xbf,0xff,0x40,0x0b,0x8b,0x40,
0x00,0x0b,0xff,0xf4,0x01,0xf4,0xb4,0x01,0x00,0xb4,0x00,0x00,0x7e,0x0b,0x40,0x38,0x0b,0x40,0x00,0x1f,
0xc0,0xb4,0x03,0xc0,0xa4,0x00,0x07,0xf4,0x0b,0x40,0x38,0x00,0x00,0x07,0xfd,0x00,0xb8,0x07,0x80,0x00,
0x0b,0xfe,0x00,0x0b,0xff,0xf4,0x00,0x00,0xbe,0x00,0x00,0x2f,0xfe,0x00,0x00,0x01,0x00,0x00,0x00,0x00,
0x00,0x00,0x01,0x40,0x00,0x00,0x50,0x00,0x00,0x00,0x2d,0x00,0x00,0x0b,0x40,0x00,0x00,0x02,0xd0,0x00,
0x00,0xb4,0x00,0x00,0x6a,0xbf,0xa9,0x1a,0xaf,0xea,0x90,0x07,0xff,0xff,0xd1,0xff,0xff,0xfd,0x00,0x00,
0x2d,0x00,0x00,0x0b,0x40,0x00,0x00,0x02,0xd0,0x00,0x00,0xf4,0x00,0x00,0x00,0x3d,0x00,0x00,0x0f,0x40,
0x00,0x0f,0xff,0xff,0xf2,0xff,0xff,0xff,0x01,0xff,0xff,0xff,0x3f,0xff,0xff,0xf4,0x00,0x0b,0xd0,0x00,
0x03,0xfd,0x00,0x00,0x01,0xff,0x80,0x00,0xbd,0xf4,0x00,0x00,0x3e,0x7f,0x40,0x2f,0x47,0xc0,0x00,0x0b,
0xc0,0xbd,0x1b,0xd0,0x2f,0x40,0x07,0xf4,0x02,0xc7,0xf4,0x00,0xbe,0x01,0xfd,0x00,0x00,0x28,0x00,0x02,
0xf8,0x0a,0x1f,0xff,0xff,0xff,0xff,0x46,0x00,0x01,0xff,0xff,0xff,0xff,0xf4,0x00,0x00,0x1e,0x00,0x00,
0x00,0x0f,0x40,0x00,0x01,0xe0,0x00,0x00,0x00,0xf4,0x00,0x00,0x1e,0x00,0x00,0x00,0x0f,0x40,0x00,0x01,
0xfa,0xaa,0xaa,0xaa,0xf4,0x00,0x00,0x1f,0xff,0xff,0xff,0xff,0x40,0x00,0x01,0xe0,0x00,0x00,0x00,0xf4,
0x00,0x00,0x1e,0x00,0x00,0x00,0x0f,0x40,0x00,0x01,0xe0,0x00,0x00,0x00,0xf4,0x00,0x00,0x1f,0xff,0xff,
0xff,0xff,0x40,0x00,0x01,0xff,0xff,0xff,0xff,0xf4,0x00,0x00,0x1e,0x00,0x00,0x00,0x0f,0x40,0x00,0x00,
0x50,0x00,0x00,0x00,0x00,0x00,0x00,0x00,0x00,0x00,0x00,0x00,0x00,0x00,0x00,0x00,0x2e,0x00,0x00,0x00,
0x00,0x00,0x00,0x02,0xe0,0x00,0x00,0x00,0x00,0x00,0x00,0x3d,0x00,0x00,0x00,0x00,0x00,0x00,0x0b,0xc0,
0x00,0x00,0x00,0x00,0xff,0xff,0xff,0xff,0xff,0xff,0xf0,0x0f,0xff,0xff,0xff,0xff,0xff,0xff,0x00,0x00,
0x02,0xe0,0x00,0x00,0x00,0x00,0x00,0x00,0x7d,0x00,0x00,0x00,0x00,0x00,0x00,0x0b,0x80,0x00,0x00,0x00,
0x00,0x00,0x01,0xf4,0x00,0x00,0x00,0x00,0x00,0x00,0x3f,0xff,0xff,0xff,0xf8,0x00,0x00,0x0b,0xff,0xff,
0xff,0xff,0x80,0x00,0x01,0xff,0x00,0x00,0x00,0xb8,0x00,0x00,0x7f,0xf0,0x00,0x00,0x0b,0x80,0x00,0x1f,
0x9f,0x00,0x00,0x00,0xb8,0x00,0x0b,0xe1,0xff,0xff,0xff,0xff,0x80,0x02,0xf8,0x1f,0xff,0xff,0xff,0xf8,
0x00,0x0d,0x01,0xf0,0x00,0x00,0x0b,0x80,0x00,0x00,0x1f,0x00,0x00,0x00,0xb8,0x00,0x00,0x01,0xf0,0x00,
0x00,0x0b,0x80,0x00,0x00,0x1f,0xff,0xff,0xff,0xf8,0x00,0x00,0x01,0xff,0xff,0xff,0xff,0x80,0x00,0x00,
0x1f,0x00,0x00,0x00,0xb8,0x00,0x00,0x01,0xf0,0x00,0x00,0x0b,0x80,0x00,0x00,0x1f,0x00,0x00,0x00,0xb8,
0x00,0x00,0x01,0xf0,0x00,0x00,0x0b,0x80,0x00,0x00,0x1f,0x00,0x01,0xff,0xf4,0x00,0x00,0x01,0xf0,0x00,
0x0f,0xfe,0x00,0x00,0x00,0x05,0x00,0x00,0x00,0x00,0x00,0x00,0x00,0x00,0x05,0x00,0x00,0x00,0x00,0x00,
0x00,0x01,0xf0,0x00,0x00,0x00,0x00,0x00,0x00,0x1f,0x00,0x00,0x00,0x00,0x00,0x00,0x01,0xf0,0x00,0x00,
0x00,0x0b,0xff,0xff,0xff,0xff,0xff,0xfe,0x00,0xbf,0xff,0xff,0xff,0xff,0xff,0xe0,0x00,0x00,0x00,0x1f,
0x40,0x00,0x00,0x00,0x00,0x00,0x01,0xf0,0x00,0x00,0x00,0x00,0x00,0x00,0x1f,0x00,0x00,0x00,0x00,0x00,
0x00,0x01,0xf0,0x00,0x00,0x00,0x00,0xbf,0xff,0xff,0xff,0xff,0xe0,0x00,0x0b,0xff,0xff,0xff,0xff,0xfe,
0x00,0x00,0xb4,0x00,0x1f,0x00,0x02,0xe0,0x00,0x0b,0x40,0x01,0xf0,0x00,0x2e,0x00,0x00,0xb4,0x00,0x1f,
0x00,0x02,0xe0,0x00,0x0b,0x40,0x01,0xf0,0x00,0x2e,0x00,0x00,0xbf,0xff,0xff,0xff,0xff,0xe0,0x00,0x0b,
0xff,0xff,0xff,0xff,0xfe,0x00,0x00,0x00,0x00,0xbf,0xe0,0x00,0x00,0x00,0x00,0x00,0x2f,0xff,0x80,0x00,
0x00,0x00,0x00,0x0b,0xdf,0x7e,0x00,0x00,0x00,0x00,0x07,0xf5,0xf1,0xfd,0x00,0x00,0x00,0x01,0xfd,0x1f,
0x07,0xf4,0x00,0x00,0x00,0xbf,0x41,0xf0,0x1f,0xe0,0x00,0x00,0x7f,0x80,0x1f,0x00,0x2f,0xe0,0x00,0x7f,
0xd0,0x01,0xf0,0x00,0x7f,0xe0,0x1f,0xe0,0x00,0x1f,0x00,0x00,0xbf,0x80,0xa4,0x00,0x01,0xf0,0x00,0x01,
0xa0,0x00,0x00,0x00,0x1f,0x00,0x00,0x00,0x00,0x00,0x00,0x00,0x50,0x00,0x00,0x00,0x00,0x00,0x00,0x1f,
0x00,0x00,0x00,0x00,0x00,0x00,0x01,0xf0,0x00,0x00,0x00,0x00,0x00,0x00,0x1f,0x00,0x00,0x00,0x00,0x00,
0x00,0x01,0xf4,0x00,0x00,0x00,0x03,0xff,0xff,0xff,0xff,0xff,0xfc,0x00,0x3f,0xff,0xff,0xff,0xff,0xff,
0xc0,0x00,0x00,0x00,0x1f,0x00,0x00,0x00,0x00,0x01,0xf0,0x01,0xf0,0x00,0xb8,0x00,0x00,0x0f,0x80,0x1f,
0x00,0x0f,0x40,0x00,0x00,0x7c,0x01,0xf0,0x02,0xf0,0x00,0x00,0x03,0xe0,0x1f,0x00,0x3d,0x00,0x00,0x00,
0x1f,0x01,0xf0,0x0b,0x80,0x00,0x00,0x00,0xf4,0x1f,0x00,0xf4,0x00,0x00,0x00,0x05,0x01,0xf4,0x05,0x00,
0x00,0x1f,0xff,0xff,0xff,0xff,0xff,0xff,0x41,0xff,0xff,0xff,0xff,0xff,0xff,0xf4,0x00,0x00,0x01,0xff,
0xf4,0x00,0x00,0x00,0x00,0x00,0x3e,0xfb,0xc0,0x00,0x00,0x00,0x00,0x0b,0x9f,0x6e,0x00,0x00,0x00,0x00,
0x02,0xf1,0xf0,0xf8,0x00,0x00,0x00,0x00,0xfc,0x1f,0x03,0xf0,0x00,0x00,0x00,0x7f,0x01,0xf0,0x0f,0xd0,
0x00,0x00,0x2f,0xc0,0x1f,0x00,0x3f,0x80,0x00,0x1f,0xe0,0x01,0xf0,0x00,0xbe,0x40,0x1b,0xf4,0x00,0x1f,
0x00,0x02,0xfe,0x02,0xf9,0x00,0x01,0xf0,0x00,0x07,0xf8,0x09,0x00,0x00,0x1f,0x00,0x00,0x0a,0x00,0x00,
0x00,0x01,0xf0,0x00,0x00,0x00,0x00,0x00,0x00,0x05,0x00,0x00,0x00,0x00,0x00,0x01,0x40,0x00,0x00,0x50,
0x00,0x00,0x00,0x3d,0x00,0x00,0x0b,0x40,0x00,0x00,0x03,0xd0,0x00,0x00,0xb4,0x00,0x00,0x00,0x3d,0x00,
0x00,0x0b,0x40,0x00,0x00,0x03,0xd0,0x00,0x00,0xb4,0x00,0x00,0x00,0x3d,0x00,0x00,0x0b,0x40,0x00,0x00,
0x03,0xd0,0x00,0x00,0xb4,0x00,0x00,0x00,0x3d,0x00,0x00,0x0b,0x80,0x00,0x1f,0xff,0xff,0xd7,0xff,0xff,
0xff,0x41,0xff,0xff,0xfd,0x7f,0xff,0xff,0xf4,0x00,0x0b,0xd0,0x00,0x01,0xfd,0x00,0x00,0x00,0xff,0x00,
0x00,0x2f,0xe0,0x00,0x00,0x1f,0xfc,0x00,0x03,0xff,0x00,0x00,0x02,0xff,0xe0,0x00,0xbf,0xf4,0x00,0x00,
0x3f,0xdf,0x80,0x0f,0xff,0x80,0x00,0x07,0x7d,0x7d,0x01,0xeb,0xbc,0x00,0x00,0xf3,0xd2,0xf0,0x3d,0xb6,
0xd0,0x00,0x1e,0x3d,0x09,0x07,0x8b,0x5f,0x00,0x03,0xd3,0xd0,0x00,0xf4,0xb4,0xb4,0x00,0xb8,0x3d,0x00,
0x2e,0x0b,0x47,0xc0,0x1f,0x43,0xd0,0x07,0xd0,0xb4,0x3e,0x03,0xe0,0x3d,0x01,0xf8,0x0b,0x41,0xf4,0x2c,
0x03,0xd0,0x3f,0x00,0xb4,0x0b,0xc0,0x40,0x3d,0x02,0xc0,0x0b,0x40,0x20,0x00,0x03,0xd0,0x14,0x00,0xb4,
0x00,0x00,0x00,0x3d,0x00,0x00,0x0b,0x40,0x00,0x00,0x03,0xd0,0x00,0x00,0xb4,0x00,0x00,0x00,0x3d,0x00,
0x00,0x0b,0x40,0x00,0x00,0x03,0xd0,0x00,0x00,0xb4,0x00,0x00,0x00,0x14,0x00,0x00,0x05,0x00,0x00,0x00,
0x7f,0xff,0xff,0xff,0xff,0xd0,0x00,0x07,0xff,0xff,0xff,0xff,0xfd,0x00,0x00,0x7c,0x00,0x1f,0x40,0x03,
0xd0,0x00,0x07,0xc0,0x01,0xf4,0x00,0x3d,0x00,0x00,0x7c,0x00,0x1f,0x40,0x03,0xd0,0x00,0x07,0xff,0xff,
0xff,0xff,0xfd,0x00,0x00,0x7f,0xff,0xff,0xff,0xff,0xd0,0x00,0x07,0xc0,0x01,0xf4,0x00,0x3d,0x00,0x00,
0x7c,0x00,0x1f,0x40,0x03,0xd0,0x00,0x07,0xc0,0x01,0xf4,0x00,0x3d,0x00,0x00,0x7c,0x00,0x1f,0x40,0x03,
0xd0,0x00,0x07,0xff,0xff,0xff,0xff,0xfd,0x00,0x00,0x7f,0xff,0xff,0xff,0xff,0xd0,0x00,0x00,0x00,0x01,
0xf4,0x00,0x00,0x00,0x00,0x00,0x00,0x1f,0x40,0x00,0x00,0x00,0xff,0xff,0xff,0xff,0xff,0xff,0xf0,0x0f,
0xff,0xff,0xff,0xff,0xff,0xff,0x00,0x00,0x00,0x2f,0xff,0x80,0x00,0x00,0x00,0x00,0x07,0xef,0x7e,0x00,
0x00,0x00,0x00,0x02,0xf5,0xf5,0xf8,0x00,0x00,0x00,0x00,0xbd,0x1f,0x47,0xf4,0x00,0x00,0x00,0x7f,0x41,
0xf4,0x0f,0xe0,0x00,0x00,0x7f,0xd0,0x1f,0x40,0x2f,0xd0,0x00,0x6f,0xe0,0x01,0xf4,0x00,0x7f,0xe0,0x2f,
0xe4,0x00,0x1f,0x40,0x00,0xbf,0x80,0xe4,0x00,0x01,0xf4,0x00,0x00,0xa0,0x00,0x00,0x00,0x1f,0x40,0x00,
0x00,0x00,0x00,0x00,0x00,0x50,0x00,0x00,0x00,0x00,0x00,0x00,0x05,0x00,0x00,0x00,0x00,0x00,0x00,0x01,
0xf0,0x00,0x00,0x00,0x00,0x00,0x00,0x1f,0x00,0x00,0x00,0x00,0x00,0x00,0x01,0xf0,0x00,0x00,0x00,0x00,
0x00,0x00,0x1f,0x00,0x00,0x00,0x01,0xff,0xff,0xff,0xff,0xff,0xff,0xf4,0x1f,0xff,0xff,0xff,0xff,0xff,
0xff,0x40,0x00,0x00,0x7e,0xfb,0xc0,0x00,0x00,0x00,0x00,0x1f,0x9f,0x2f,0x40,0x00,0x00,0x00,0x07,0xe1,
0xf0,0xbd,0x00,0x00,0x00,0x02,0xf8,0x1f,0x02,0xf8,0x00,0x00,0x01,0xfd,0x01,0xf0,0x07,0xf4,0x00,0x01,
0xbf,0x40,0x1f,0x00,0x1b,0xf4,0x01,0xbf,0x80,0x00,0x50,0x00,0x1f,0xf4,0x1f,0x96,0xaa,0xaa,0xaa,0xa9,
0x2f,0x00,0x50,0x7f,0xff,0xff,0xff,0xd0,0x10,0x00,0x07,0xc0,0x00,0x00,0x3d,0x00,0x00,0x00,0x7c,0x00,
0x00,0x03,0xd0,0x00,0x00,0x07,0xea,0xaa,0xaa,0xbd,0x00,0x00,0x00,0x7f,0xff,0xff,0xff,0xd0,0x00,0x00,
0x07,0xc0,0x00,0x00,0x3d,0x00,0x00,0x00,0x7c,0x00,0x00,0x03,0xd0,0x00,0x00,0x07,0xea,0xaa,0xaa,0xbd,
0x00,0x00,0x00,0x7f,0xff,0xff,0xff,0xd0,0x00,0x00,0x00,0x00,0x00,0x00,0x00,0x00,0x00,0x00,0x00,0x00,
0x00,0x00,0x00,0x00,0x0b,0xff,0xff,0xff,0xff,0xff,0xff,0x00,0xbf,0xff,0xff,0xff,0xff,0xff,0xf0,0x00,
0x00,0x00,0x00,0x00,0x00,0x00,0x00,0x00,0x05,0x00,0x00,0x00,0x00,0x00,0x00,0x00,0xf4,0x00,0x00,0x00,
0x00,0x00,0x00,0x0f,0x40,0x00,0x00,0x00,0x00,0x00,0x00,0xf4,0x00,0xff,0xff,0xff,0xc0,0x00,0x0f,0x40,
0x0f,0xff,0xff,0xfc,0x00,0x00,0xf4,0x00,0x00,0x00,0x00,0x00,0x00,0x0f,0x40,0x00,0x00,0x00,0x00,0x02,
0xff,0xff,0xf4,0x00,0x00,0x00,0x00,0x2f,0xff,0xff,0x40,0x00,0x00,0x00,0x00,0x02,0xf4,0x00,0x00,0x00,
0x00,0x00,0x00,0x2f,0x40,0x00,0x00,0x00,0x00,0x00,0x03,0xfc,0x07,0xff,0xff,0xff,0xf8,0x00,0x7f,0xe0,
0x7f,0xff,0xff,0xff,0x80,0x0b,0xff,0x80,0x00,0x3d,0x00,0x00,0x00,0xef,0x7d,0x00,0x03,0xd0,0x00,0x00,
0x2d,0xf5,0xf0,0x00,0x3d,0x00,0x00,0x03,0xcf,0x4a,0x05,0x43,0xd0,0x50,0x00,0xb8,0xf4,0x00,0xb8,0x3d,
0x1e,0x00,0x0f,0x4f,0x40,0x0f,0x43,0xd0,0xf4,0x02,0xe0,0xf4,0x01,0xf0,0x3d,0x0b,0x80,0x3d,0x0f,0x40,
0x2e,0x03,0xd0,0x7c,0x01,0x80,0xf4,0x03,0xd0,0x3d,0x02,0xd0,0x00,0x0f,0x40,0xb8,0x03,0xd0,0x1e,0x00,
0x00,0xf4,0x0f,0x40,0x3d,0x00,0xf0,0x00,0x0f,0x42,0xe0,0x03,0xd0,0x0b,0x40,0x00,0xf4,0x1d,0x00,0x3d,
0x00,0xb4,0x00,0x0f,0x40,0x01,0x57,0xd0,0x00,0x00,0x00,0xf4,0x00,0x2f,0xfc,0x00,0x00,0x00,0x0f,0x40,
0x01,0xfe,0x40,0x00,0x00,0x00,0x00,0x00,0x00,0x00,0x00,0x00,0x00,0x04,0x00,0x00,0x00,0x00,0x00,0x00,
0x01,0xe0,0x00,0x00,0x7c,0x00,0x00,0x00,0x1e,0x00,0x00,0x07,0xc0,0x00,0x00,0x01,0xe0,0x00,0x00,0x7c,
0x00,0x00,0x00,0x1e,0x00,0x00,0x07,0xc0,0x00,0x00,0x01,0xe0,0x0b,0xff,0xff,0xff,0xc0,0x00,0x1e,0x00,
0xbf,0xff,0xff,0xfc,0x01,0xff,0xff,0xd0,0x00,0x7c,0x00,0x00,0x1f,0xff,0xfd,0x00,0x07,0xc0,0x00,0x00,
0x02,0xe0,0x00,0x00,0x7c,0x00,0x00,0x00,0x3f,0x00,0x00,0x07,0xc0,0x00,0x00,0x07,0xf4,0x00,0x00,0x7c,
0x00,0x00,0x00,0x7f,0xc2,0xff,0xff,0xff,0xff,0x40,0x0f,0xfe,0x2f,0xff,0xff,0xff,0xf4,0x01,0xfe,0xb4,
0x00,0x00,0x00,0x00,0x00,0x2e,0xe3,0xc0,0x00,0x7c,0x00,0x00,0x03,0xde,0x28,0x00,0x07,0xc0,0x00,0x00,
0x75,0xe1,0x00,0x00,0x7c,0x00,0x00,0x0f,0x1e,0x00,0x00,0x07,0xc0,0x00,0x01,0xe1,0xe0,0x0f,0xff,0xff,
0xff,0xd0,0x3d,0x1e,0x00,0xff,0xff,0xff,0xfd,0x03,0x81,0xe0,0x00,0x00,0x7c,0x00,0x00,0x14,0x1e,0x00,
0x00,0x07,0xc0,0x00,0x00,0x01,0xe0,0x00,0x00,0x7c,0x00,0x00,0x00,0x1e,0x00,0x00,0x07,0xc0,0x00,0x00,
0x01,0xe0,0x00,0x00,0x7c,0x00,0x00,0x00,0x1e,0x0f,0xff,0xff,0xff,0xff,0x80,0x01,0xe0,0xff,0xff,0xff,
0xff,0xf8,0x00,0x1e,0x00,0x00,0x00,0x00,0x00,0x00,0x00,0x40,0x00,0x00,0x00,0x00,0x00,0x00,0x00,0x00,
0x04,0x00,0x00,0x00,0x00,0x00,0x00,0x02,0xd0,0x00,0x00,0x00,0x00,0x00,0x00,0x1f,0x00,0x00,0x00,0x00,
0xbf,0xff,0xff,0xff,0xff,0xff,0xe0,0x0b,0xff,0xff,0xff,0xff,0xff,0xfe,0x00,0xb8,0x00,0x05,0x00,0x00,
0x01,0xe0,0x0b,0x80,0x01,0xf4,0x00,0x00,0x1e,0x00,0x54,0x00,0x3d,0x00,0x00,0x01,0x50,0x0a,0xaa,0xaf,
0xfa,0xaa,0xaa,0xaa,0x00,0xff,0xff,0xff,0xff,0xff,0xff,0xf4,0x00,0x00,0xb8,0x00,0x02,0xf0,0x00,0x00,
0x00,0x1f,0x00,0x00,0x7d,0x00,0x00,0x00,0x07,0xe5,0x00,0x2f,0x40,0x00,0x00,0x00,0x6b,0xff,0x9f,0xd0,
0x00,0x00,0x00,0x00,0x06,0xff,0xfe,0x50,0x00,0x00,0x05,0x5a,0xff,0xea,0xff,0xe4,0x00,0x0f,0xff,0xfe,
0x90,0x01,0xaf,0xf8,0x00,0xbe,0xa5,0x00,0xa0,0x00,0x1b,0x40,0x00,0x00,0x00,0x1f,0x00,0x00,0x00,0x00,
0x00,0x00,0x01,0xf0,0x00,0x00,0x00,0x1f,0xff,0xff,0xff,0xff,0xff,0xff,0x41,0xff,0xff,0xff,0xff,0xff,
0xff,0xf4,0x00,0x00,0x02,0xff,0xf8,0x00,0x00,0x00,0x00,0x01,0xf9,0xf2,0xf4,0x00,0x00,0x00,0x01,0xbe,
0x1f,0x0b,0xe4,0x00,0x00,0x01,0xbf,0x41,0xf0,0x1b,0xe4,0x00,0x06,0xff,0x40,0x1f,0x00,0x1f,0xf9,0x02,
0xff,0x40,0x01,0xf0,0x00,0x1f,0xf8,0x0a,0x40,0x00,0x1f,0x00,0x00,0x1a,0x00,0x00,0x00,0x00,0x50,0x00,
0x00,0x00,0x00,0x05,0x00,0x00,0x00,0x00,0x00,0x00,0x01,0xe0,0x00,0x00,0x00,0x16,0x00,0x00,0x1e,0x00,
0x00,0x56,0xbf,0xf8,0x00,0x01,0xe0,0x03,0xff,0xff,0xfa,0x40,0x00,0x1e,0x00,0x2e,0xaf,0x90,0x00,0x00,
0x01,0xe0,0x00,0x00,0xf4,0x00,0x00,0x00,0x1f,0x00,0x00,0x0f,0x00,0x00,0x02,0xff,0xff,0xd0,0x01,0xf0,
0x00,0x00,0x2f,0xff,0xfd,0x00,0x2e,0x00,0x00,0x00,0x02,0xe0,0x0f,0xff,0xff,0xff,0xf8,0x00,0x2f,0x00,
0xff,0xff,0xff,0xff,0x80,0x03,0xf8,0x00,0x0f,0x80,0xf4,0x00,0x00,0x7f,0xd0,0x02,0xf0,0x07,0xc0,0x00,
0x0b,0xff,0x00,0x7d,0x00,0x2e,0x00,0x00,0xfe,0x78,0x1f,0x80,0x00,0xf8,0x00,0x1e,0xe3,0xc7,0xf0,0x00,
0x07,0xe0,0x03,0xde,0x16,0xfd,0x90,0x01,0x5f,0x80,0x79,0xe0,0x1e,0x1e,0x00,0x7c,0x74,0x0b,0x5e,0x00,
0x41,0xe0,0x07,0xc1,0x01,0xf1,0xe0,0x00,0x1e,0x00,0x7c,0x00,0x3d,0x1e,0x00,0x02,0xe0,0x07,0xc0,0x02,
0xc1,0xe0,0x00,0x2e,0x00,0x7c,0x00,0x04,0x1e,0x00,0x03,0xd0,0x07,0xc0,0x00,0x01,0xe0,0x00,0x7c,0x00,
0x7c,0x00,0x00,0x1e,0x00,0x0f,0x80,0x07,0xc0,0x00,0x01,0xe0,0x02,0xf0,0x00,0x7c,0x00,0x00,0x1e,0x00,
0x7d,0x00,0x07,0xc0,0x00,0x01,0xe0,0x2f,0x80,0x00,0x7c,0x00,0x00,0x1e,0x01,0xe0,0x00,0x07,0xc0,0x00,
0x00,0x50,0x04,0x00,0x00,0x00,0x00,0x00,0x04,0x00,0x00,0x00,0x00,0x00,0x00,0x02,0xd0,0x00,0x00,0xb4,
0x00,0x00,0x00,0x2d,0x00,0x00,0x1f,0x40,0x00,0x00,0x02,0xd0,0x00,0x03,0xf8,0x00,0x00,0x00,0x2d,0x00,
0x00,0xbf,0xe0,0x00,0x00,0x02,0xd0,0x00,0x1f,0x5f,0x80,0x00,0x00,0x2d,0x00,0x07,0xe0,0x7e,0x00,0x02,
0xff,0xff,0x81,0xf8,0x01,0xf8,0x00,0x2f,0xff,0xf8,0x7e,0x00,0x07,0xe0,0x00,0x03,0xd0,0x1f,0x80,0x00,
0x1f,0xd0,0x00,0x7e,0x1b,0xef,0xff,0xff,0x6f,0x80,0x0b,0xf5,0xf4,0xff,0xff,0xf4,0xb4,0x00,0xbf,0xc5,
0x00,0x00,0x00,0x01,0x00,0x0f,0xee,0x00,0x00,0x00,0x00,0x00,0x01,0xfd,0xb4,0x00,0x05,0x00,0x14,0x00,
0x2e,0xd7,0x8a,0x00,0xe0,0x03,0xc0,0x07,0xad,0x20,0xb0,0x0f,0x00,0x78,0x00,0xb6,0xd0,0x0b,0x40,0xb0,
0x0b,0x40,0x0f,0x2d,0x00,0x78,0x0b,0x40,0xf0,0x02,0xe2,0xd0,0x03,0xc0,0x74,0x2d,0x00,0x3d,0x2d,0x00,
0x2d,0x07,0x83,0xc0,0x01,0x82,0xd0,0x02,0xd0,0x78,0x78,0x00,0x00,0x2d,0x00,0x1e,0x01,0x4b,0x40,0x00,
0x02,0xd0,0x00,0x40,0x00,0xe0,0x00,0x00,0x2d,0x00,0x00,0x00,0x2d,0x00,0x00,0x02,0xd0,0x00,0x00,0x03,
0xc0,0x00,0x00,0x2d,0x0b,0xff,0xff,0xff,0xff,0x00,0x02,0xd0,0xbf,0xff,0xff,0xff,0xf0,0x00,0x2d,0x00,
0x00,0x00,0x00,0x00,0x00,0x01,0x40,0x00,0x00,0x00,0x00,0x00,0x00,0x10,0x00,0x00,0x00,0x00,0x00,0x00,
0x07,0x80,0x01,0x90,0x00,0x00,0x00,0x00,0x78,0x00,0x2d,0x00,0x00,0x00,0x00,0x07,0x80,0x02,0xd0,0x7f,
0xff,0xf4,0x00,0x78,0x00,0x2d,0x07,0xff,0xff,0x40,0x07,0x80,0x02,0xd0,0x1e,0x00,0xb0,0x00,0x78,0x00,
0x2f,0xfd,0xe0,0x0f,0x02,0xff,0xfe,0x02,0xff,0xcf,0x00,0xf0,0x2f,0xff,0xe0,0x2d,0x00,0xf0,0x1e,0x00,
0x0b,0x80,0x02,0xd0,0x0b,0x01,0xe0,0x00,0xb8,0x00,0x2d,0x00,0xb4,0x2d,0x00,0x0f,0xc0,0x02,0xd0,0x07,
0x42,0xd0,0x01,0xfe,0x3f,0xff,0xff,0x78,0x3c,0x00,0x1f,0xf7,0xff,0xff,0xf3,0x83,0xc0,0x02,0xfb,0xc0,
0x2d,0x00,0x3c,0x78,0x00,0x3b,0x9d,0x02,0xd0,0x02,0xdb,0x40,0x07,0x78,0xe0,0x2d,0x00,0x2d,0xf0,0x00,
0xb7,0x84,0x76,0xd7,0x41,0xfe,0x00,0x1e,0x78,0x0b,0x2d,0x78,0x0f,0xd0,0x02,0xd7,0x80,0xf2,0xd2,0xd0,
0xbc,0x00,0x3c,0x78,0x1e,0x2d,0x1e,0x0b,0x80,0x02,0x47,0x82,0xd2,0xd0,0xf0,0xfc,0x00,0x00,0x78,0x3c,
0x2d,0x0b,0x2f,0xd0,0x00,0x07,0x87,0x82,0xd0,0x07,0xee,0x00,0x00,0x78,0x20,0x2d,0x00,0xf8,0xf4,0x00,
0x07,0x80,0x02,0xd0,0x3e,0x07,0xc0,0x00,0x78,0x00,0x2d,0x0b,0xc0,0x3e,0x00,0x07,0x80,0x7f,0xd7,0xf4,
0x01,0xf8,0x00,0x78,0x02,0xa4,0x2d,0x00,0x07,0x80,0x01,0x40,0x00,0x00,0x00,0x00,0x10,0x00,0x14,0x00,
0x00,0x00,0x00,0x00,0x00,0x07,0xc0,0x00,0x00,0x00,0x00,0x00,0x00,0x7c,0x2f,0xff,0xfe,0x7f,0xfe,0x00,
0x07,0xc2,0xff,0xff,0xe7,0xff,0xf4,0x00,0x7c,0x03,0x80,0xb4,0x74,0x0f,0x00,0x07,0xc0,0x38,0x0b,0x47,
0x41,0xe0,0x00,0x7c,0x03,0x80,0xb4,0x74,0x2d,0x02,0xff,0xfe,0x38,0x0b,0x47,0x42,0xc0,0x2f,0xff,0xe3,
0x80,0xb4,0x74,0x38,0x00,0x07,0xc0,0x3f,0xff,0x47,0x47,0x40,0x00,0xbc,0x03,0xff,0xf4,0x74,0xb4,0x00,
0x0b,0xe0,0x38,0x0b,0x47,0x4f,0x00,0x00,0xff,0x03,0x80,0xb4,0x74,0xe0,0x00,0x1f,0xf8,0x38,0x0b,0x47,
0x4b,0x40,0x02,0xfe,0xd3,0x80,0xb4,0x74,0x3c,0x00,0x2f,0xde,0x3f,0xff,0x47,0x41,0xe0,0x03,0xbc,0xe3,
0xff,0xf4,0x74,0x0f,0x00,0xb7,0xc4,0x38,0x0b,0x47,0x40,0xb4,0x0f,0x7c,0x03,0x80,0xb4,0x74,0x07,0x41,
0xe7,0xc0,0x38,0x0b,0x47,0x40,0x74,0x3d,0x7c,0x03,0x80,0xb4,0x74,0x07,0x42,0xc7,0xc0,0x38,0x5f,0xe7,
0x40,0xb4,0x04,0x7c,0x1b,0xff,0xfe,0x75,0xbf,0x00,0x07,0xc3,0xff,0x9b,0x47,0x5f,0x90,0x00,0x7c,0x29,
0x00,0xb4,0x74,0x00,0x00,0x07,0xc0,0x00,0x0b,0x47,0x40,0x00,0x00,0x7c,0x00,0x00,0xb4,0x74,0x00,0x00,
0x07,0xc0,0x00,0x0b,0x47,0x40,0x00,0x00,0x7c,0x00,0x00,0xb4,0x74,0x00,0x00,0x01,0x40,0x00,0x00,0x01,
0x00,0x00,0x00,0x00,0x00,0x01,0x40,0x05,0x00,0x00,0x02,0xd0,0x00,0x2d,0x00,0xf0,0x00,0x00,0x2d,0x00,
0x02,0xd0,0x0f,0x00,0x00,0x02,0xd0,0x7f,0xff,0xff,0xff,0xf4,0x00,0x2d,0x07,0xff,0xff,0xff,0xff,0x40,
0x02,0xd0,0x00,0x2d,0x00,0xf0,0x00,0x00,0x2d,0x00,0x02,0xd0,0x0f,0x00,0x02,0xff,0xff,0x40,0x19,0x00,
0xa0,0x00,0x2f,0xff,0xf4,0xaa,0xaa,0xaa,0xa8,0x00,0x03,0xd0,0x0f,0xff,0xff,0xff,0x80,0x00,0x3e,0x00,
0xf0,0x00,0x00,0x78,0x00,0x07,0xf4,0x0f,0x00,0x00,0x07,0x80,0x00,0xbf,0x80,0xff,0xff,0xff,0xf8,0x00,
0x0f,0xed,0x0f,0xaa,0xaa,0xab,0x80,0x01,0xfd,0xf0,0xf0,0x00,0x00,0x78,0x00,0x2f,0xd7,0x8f,0x00,0x00,
0x07,0x80,0x03,0xad,0x38,0xff,0xff,0xff,0xf8,0x00,0xb6,0xd1,0x0a,0xaa,0xfa,0xaa,0x80,0x0f,0x2d,0x00,
0x00,0x0f,0x40,0x00,0x02,0xe2,0xd0,0x00,0x01,0xf0,0x00,0x00,0x3d,0x2d,0x0b,0xff,0xff,0xff,0xff,0x41,
0x82,0xd0,0xbf,0xff,0xff,0xff,0xf4,0x00,0x2d,0x00,0x00,0x7e,0xf0,0x00,0x00,0x02,0xd0,0x00,0x0f,0x8b,
0x80,0x00,0x00,0x2d,0x00,0x02,0xf4,0x7e,0x00,0x00,0x02,0xd0,0x01,0xfd,0x01,0xf9,0x00,0x00,0x2d,0x01,
0xbf,0x40,0x07,0xf9,0x00,0x02,0xd1,0xff,0x80,0x00,0x1b,0xf8,0x00,0x2d,0x0b,0x80,0x00,0x00,0x1b,0x00,
0x00,0x40,0x00,0x00,0x00,0x00,0x00,0x00,0x00,0x00,0x00,0x00,0x00,0x00,0x00,0x00,0x00,0x02,0xe0,0x00,
0x00,0x00,0x00,0x00,0x00,0x2e,0x00,0x00,0x00,0x00,0x64,0x00,0x03,0xd0,0x00,0x00,0x00,0x0f,0xe0,0x00,
0x7c,0x00,0x00,0x00,0x00,0x2f,0xd0,0x0b,0xc0,0x00,0x00,0x00,0x00,0x7f,0x40,0xff,0xff,0xff,0xfd,0x00,
0x00,0xf4,0x1f,0xff,0xff,0xff,0xe0,0x00,0x02,0x02,0xf5,0x55,0x55,0x7d,0x00,0x00,0x00,0x3d,0x01,0x40,
0x07,0xc0,0x00,0x00,0x0b,0xc0,0x3d,0x00,0xb8,0x00,0x00,0x00,0xf8,0x03,0xd0,0x0f,0x40,0x00,0x00,0x2f,
0x00,0x3d,0x01,0xf0,0x00,0x00,0x03,0xe0,0x03,0xd0,0x2e,0x00,0x00,0x00,0x08,0x00,0x3e,0x02,0xc0,0x00,
0x00,0x24,0x00,0x07,0xf0,0x00,0x00,0x00,0x07,0xc0,0x00,0x7f,0x00,0x00,0x00,0x00,0xf8,0x00,0x0b,0xf4,
0x00,0x00,0x00,0x2f,0x00,0x00,0xff,0x80,0x00,0x00,0x07,0xd0,0x00,0x1f,0x7d,0x00,0x00,0x00,0xfc,0x00,
0x03,0xe2,0xe0,0x00,0x00,0x2f,0x40,0x00,0xbd,0x0f,0x40,0x00,0x07,0xe0,0x00,0x1f,0x80,0xbc,0x00,0x00,
0xfc,0x00,0x07,0xf0,0x03,0xf0,0x00,0x1f,0x40,0x01,0xfd,0x00,0x1f,0x80,0x00,0x60,0x00,0x7f,0x40,0x00,
0x7f,0x40,0x00,0x00,0x6f,0xd0,0x00,0x01,0xfe,0x40,0x00,0x1f,0xe0,0x00,0x00,0x07,0xf4,0x00,0x00,0xb4,
0x00,0x00,0x00,0x0a,0x00,0x00,0x00,0x00,0x00,0x00,0x00,0x00,0x00,0x00,0x00,0x00,0x00,0x00,0x00,0x00,
0x00,0x00,0x00,0x0b,0x40,0x00,0x00,0x00,0x00,0x00,0x00,0xf4,0x00,0x00,0x00,0x00,0x00,0x00,0x1f,0x00,
0x00,0x00,0x2f,0xff,0xff,0x81,0xf0,0x00,0x00,0x02,0xff,0xff,0xf8,0x2f,0xff,0xff,0xf4,0x00,0x00,0x0b,
0x82,0xff,0xff,0xff,0x00,0x00,0x00,0xb4,0x3c,0x00,0x01,0xf0,0x05,0x00,0x0f,0x47,0x80,0x00,0x2e,0x01,
0xf4,0x01,0xf0,0xb4,0x3c,0x02,0xd0,0x0b,0x80,0x1e,0x1f,0x03,0xc0,0x3c,0x00,0x3e,0x02,0xd3,0xe0,0x3c,
0x07,0x80,0x01,0xf4,0x3d,0x2c,0x03,0xc0,0x00,0x00,0x0b,0xc7,0xc0,0x40,0x7c,0x00,0x00,0x00,0x3e,0xb8,
0x00,0x07,0xd0,0x00,0x00,0x01,0xff,0x40,0x00,0x7e,0x00,0x00,0x00,0x0b,0xe0,0x00,0x0b,0xe0,0x00,0x00,
0x00,0x7e,0x00,0x00,0xbf,0x00,0x00,0x00,0x0b,0xf0,0x00,0x0f,0xf4,0x00,0x00,0x00,0xff,0x80,0x01,0xf7,
0x80,0x00,0x00,0x2f,0x7c,0x00,0x3e,0x3d,0x00,0x00,0x07,0xd3,0xe0,0x07,0xd2,0xe0,0x00,0x01,0xf8,0x1f,
0x00,0xf8,0x1f,0x40,0x00,0x7e,0x00,0xe0,0x2f,0x00,0xbc,0x00,0x1f,0xc0,0x00,0x0b,0xd0,0x07,0xe0,0x03,
0xf4,0x00,0x02,0xf8,0x00,0x2f,0x80,0x1c,0x00,0x00,0xbe,0x00,0x00,0xbe,0x00,0x00,0x00,0x3f,0x80,0x00,
0x02,0xf8,0x00,0x00,0x01,0xd0,0x00,0x00,0x07,0x00,0x00,0x00,0x00,0x00,0x00,0x00,0x00,0x07,0xff,0xff,
0xff,0xff,0xff,0xfd,0x00,0x7f,0xff,0xff,0xff,0xff,0xff,0xd0,0x01,0x55,0x55,0x5b,0xd5,0x55,0x54,0x00,
0x00,0x00,0x00,0x7c,0x00,0x00,0x00,0x00,0x00,0x00,0x07,0xc0,0x00,0x00,0x00,0x00,0x00,0x00,0x7c,0x00,
0x00,0x00,0x00,0x00,0x00,0x07,0xc0,0x00,0x00,0x00,0x00,0x00,0x00,0x7c,0x00,0x00,0x00,0x00,0x1f,0x00,
0x07,0xc0,0x00,0x00,0x00,0x01,0xf0,0x00,0x7c,0x00,0x00,0x00,0x00,0x1f,0x00,0x07,0xd5,0x55,0x50,0x00,
0x01,0xf0,0x00,0x7f,0xff,0xff,0x40,0x00,0x1f,0x00,0x07,0xff,0xff,0xf4,0x00,0x01,0xf0,0x00,0x7c,0x00,
0x00,0x00,0x00,0x1f,0x00,0x07,0xc0,0x00,0x00,0x00,0x01,0xf0,0x00,0x7c,0x00,0x00,0x00,0x00,0x1f,0x00,
0x07,0xc0,0x00,0x00,0x00,0x01,0xf0,0x00,0x7c,0x00,0x00,0x00,0x00,0x1f,0x00,0x07,0xc0,0x00,0x00,0x00,
0x01,0xf0,0x00,0x7c,0x00,0x00,0x00,0x00,0x1f,0x00,0x07,0xc0,0x00,0x00,0x00,0x01,0xf0,0x00,0x7c,0x00,
0x00,0x00,0x05,0x5f,0x55,0x5b,0xd5,0x55,0x55,0x01,0xff,0xff,0xff,0xff,0xff,0xff,0xf4,0x1f,0xff,0xff,
0xff,0xff,0xff,0xff,0x40,0x00,0x00,0x00,0x05,0x00,0x00,0x00,0x00,0x00,0x00,0x00,0xf4,0x00,0x00,0x00,
0x00,0x00,0x00,0x0f,0x40,0x00,0x00,0x00,0x00,0x00,0x00,0xf4,0x00,0x00,0x00,0x00,0x00,0x00,0x0f,0x40,
0x00,0x00,0x00,0x00,0x00,0x00,0xf4,0x00,0x00,0x00,0x00,0x00,0x00,0x0f,0x40,0x00,0x00,0x00,0x00,0x00,
0x00,0xf4,0x00,0x1e,0x00,0x05,0x55,0x54,0x0f,0x40,0x03,0xf4,0x00,0xff,0xff,0xf0,0xf8,0x00,0xbd,0x00,
0x0f,0xff,0xff,0x0f,0xd0,0x2f,0x40,0x00,0x00,0x02,0xe0,0xfe,0x0b,0xd0,0x00,0x00,0x00,0x3d,0x0f,0xf5,
0xf8,0x00,0x00,0x00,0x07,0xc0,0xfb,0xfe,0x00,0x00,0x00,0x00,0xbc,0x0f,0x7f,0x40,0x00,0x00,0x00,0x0f,
0x40,0xf5,0xf0,0x00,0x00,0x00,0x01,0xf0,0x0f,0x4b,0x80,0x00,0x00,0x00,0x3e,0x00,0xf4,0x7e,0x00,0x00,
0x00,0x07,0xd0,0x0f,0x41,0xf4,0x00,0x00,0x00,0xf8,0x00,0xf4,0x0b,0xd0,0x00,0x00,0x2f,0x00,0x0f,0x40,
0x3f,0x40,0x00,0x0b,0xd0,0x00,0xf4,0x01,0xfd,0x00,0x01,0xf8,0x00,0x0f,0x40,0x07,0xf8,0x00,0xbf,0x00,
0x00,0xf4,0x00,0x1f,0xf4,0x2f,0xd0,0x00,0x0f,0x40,0x00,0x2f,0x80,0xb4,0x00,0x00,0xf4,0x00,0x00,0xb0,
0x00,0x00,0x00,0x1f,0x40,0x00,0x00,0x00,0x00,0x01,0xff,0xf0,0x00,0x00,0x00,0x00,0x00,0x0f,0xfe,0x00,
0x00,0x00,0x00,0x00,0x00,0x55,0x00,0x00,0x00,0x00,0x01,0x40,0x00,0x00,0x00,0x00,0x00,0x00,0x3f,0x40,
0x00,0x00,0x00,0x00,0x00,0x01,0xbf,0x47,0xff,0xff,0xff,0xfc,0x00,0x01,0xfd,0x7f,0xff,0xff,0xff,0xc0,
0x00,0x02,0xc0,0xf4,0x00,0x00,0x7c,0x00,0x00,0x00,0x0b,0x80,0x00,0x07,0x80,0x00,0x00,0x00,0x7c,0x00,
0x00,0xb4,0x00,0x00,0x00,0x03,0xd0,0x00,0x0f,0x40,0x04,0x00,0x00,0x3d,0x00,0x01,0xf0,0x01,0xf4,0x00,
0x02,0xe0,0x00,0x2e,0x00,0x1f,0xf4,0x00,0x1f,0x00,0x03,0xd0,0x00,0x1f,0xe0,0x00,0xf4,0x00,0x7c,0x00,
0x00,0x2e,0x00,0x0b,0x80,0x0b,0x80,0x00,0x00,0x40,0x00,0x3d,0x00,0xf4,0x00,0x00,0x00,0x00,0x02,0xe0,
0x2e,0x00,0x00,0x00,0x00,0x00,0x1f,0x47,0xd0,0x00,0x00,0x01,0x00,0x00,0xb8,0xb8,0x00,0x00,0x00,0x3c,
0x00,0x07,0xef,0x40,0x00,0x00,0x07,0xc0,0x00,0x2f,0xe0,0x00,0x00,0x00,0xf4,0x00,0x01,0xfc,0x00,0x00,
0x00,0x1f,0x00,0x00,0x2f,0xd0,0x00,0x00,0x03,0xd0,0x00,0x0b,0xef,0x40,0x00,0x00,0xbc,0x00,0x07,0xf4,
0xbd,0x00,0x00,0x1f,0x40,0x01,0xfd,0x02,0xf8,0x00,0x02,0xe0,0x00,0xbf,0x40,0x0b,0xe0,0x00,0x7d,0x00,
0xbf,0x80,0x00,0x2f,0xe0,0x0b,0x80,0x7f,0xd0,0x00,0x00,0x7f,0x80,0x10,0x02,0xd0,0x00,0x00,0x00,0xb0,
0x00,0x00,0x00,0x00,0x00,0x00,0x00,0x00,0x01,0x90,0x00,0x00,0x0f,0x40,0x00,0x00,0x3f,0x90,0x00,0x00,
0xf4,0x00,0x00,0x01,0xbf,0x80,0x00,0x0f,0x40,0x00,0x00,0x01,0xbe,0x00,0x00,0xf4,0x00,0x00,0x00,0x02,
0xc0,0x00,0x0f,0x40,0x00,0x00,0x00,0x00,0x00,0x00,0xf4,0x00,0x00,0x00,0x00,0x00,0x00,0x0f,0x40,0x04,
0x00,0x00,0x00,0x7c,0x00,0xf4,0x02,0xe0,0x04,0x00,0x07,0xc0,0x0f,0x40,0x2e,0x01,0xf4,0x00,0x7c,0x00,
0xf4,0x02,0xe0,0x1f,0xf4,0x07,0xc0,0x0f,0x40,0x2e,0x00,0x2f,0xe0,0x7c,0x00,0xf4,0x02,0xe0,0x00,0x2d,
0x07,0xc0,0x0f,0x40,0x2e,0x00,0x00,0x40,0x7c,0x00,0xf4,0x02,0xe0,0x00,0x00,0x07,0xc0,0x0f,0x40,0x2e,
0x00,0x00,0x00,0x7c,0x00,0xf4,0x02,0xe0,0x00,0x01,0x47,0xc0,0x0f,0x40,0x2e,0x00,0x00,0x3d,0x7c,0x00,
0xf4,0x02,0xe0,0x00,0x07,0xc7,0xc0,0x0f,0x40,0x2e,0x00,0x00,0xf4,0x7c,0x00,0xf4,0x02,0xe0,0x00,0x2f,
0x07,0xc0,0x0f,0x40,0x2e,0x00,0x03,0xd0,0x7c,0x00,0xf4,0x02,0xe0,0x00,0xbc,0x07,0xc0,0x0f,0x40,0x2e,
0x00,0x1f,0x40,0x7c,0x00,0xf4,0x02,0xe0,0x02,0xf0,0x07,0xff,0xff,0xff,0xfe,0x00,0x7d,0x00,0x7f,0xff,
0xff,0xff,0xe0,0x07,0x80,0x00,0x00,0x00,0x00,0x2e,0x00,0x14,0x00,0x00,0x00,0x00,0x02,0xe0,0x00,0x00,
0x00,0x00,0x00,0x00,0x00,0x00,0x01,0x90,0x00,0x00,0x00,0x00,0x00,0x00,0x2f,0x90,0xbf,0xff,0xff,0xf8,
0x00,0x00,0xbf,0x8b,0xff,0xff,0xff,0xd0,0x00,0x00,0xbd,0x00,0x00,0x0b,0xe0,0x00,0x00,0x02,0x80,0x00,
0x02,0xf8,0x00,0x00,0x00,0x00,0x00,0x00,0xbe,0x00,0x00,0x00,0x00,0x00,0x00,0x7f,0x40,0x00,0x00,0x00,
0x00,0x00,0x2f,0x80,0x00,0x00,0x00,0x00,0x00,0x1b,0xe0,0x00,0x00,0x00,0xe4,0x00,0x0b,0xf4,0x00,0x00,
0x00,0x1f,0xe4,0x07,0xff,0xff,0xff,0xff,0x00,0x2f,0xd0,0x3f,0xff,0xff,0xff,0xf0,0x00,0x6e,0x01,0x02,
0xe0,0x3d,0x1f,0x00,0x00,0x80,0x00,0x3d,0x07,0xc1,0xf0,0x00,0x00,0x00,0x0b,0x80,0xb8,0x1f,0x00,0x00,
0x00,0x01,0xf4,0x0f,0x41,0xe0,0x00,0x01,0x00,0x3e,0x01,0xf0,0x1e,0x00,0x00,0x74,0x0b,0xc0,0x3d,0x02,
0xe0,0x00,0x0f,0x82,0xf0,0x07,0x80,0x2e,0x00,0x01,0xf0,0xbd,0x00,0xf4,0x02,0xd0,0x00,0x2e,0x1f,0x40,
0x2e,0x00,0x3d,0x00,0x07,0xd0,0x40,0x07,0xc0,0x03,0xd0,0x00,0xb8,0x00,0x01,0xf4,0x00,0x7c,0x00,0x1f,
0x40,0x00,0x7e,0x00,0x07,0xc0,0x02,0xe0,0x00,0x1f,0x80,0x00,0xb8,0x00,0x7d,0x00,0x0b,0xe0,0x00,0x1f,
0x40,0x07,0x80,0x02,0xf8,0x00,0xff,0xf0,0x00,0x14,0x00,0x2d,0x00,0x0b,0xf9,0x00,0x00,0x00,0x00,0x00,
0x00,0x00,0x00,0x00,0x00,0x40,0x00,0x00,0x19,0x00,0x00,0x00,0x2e,0x40,0x00,0x02,0xe0,0x00,0x00,0x02,
0xfe,0x00,0x00,0x2e,0x00,0x00,0x00,0x02,0xfd,0x00,0x02,0xe0,0x00,0x00,0x00,0x07,0xd0,0x00,0x2e,0x00,
0x00,0x00,0x00,0x04,0x06,0x42,0xe0,0x2c,0x00,0x00,0x00,0x00,0xb8,0x2e,0x02,0xe0,0x00,0x00,0x00,0x0f,
0x42,0xe0,0x1f,0x40,0x00,0x00,0x01,0xf0,0x2e,0x00,0xb8,0x01,0xe4,0x00,0x2e,0x02,0xe0,0x03,0xd0,0x2f,
0xe0,0x03,0xd0,0x2e,0x00,0x2e,0x00,0x6f,0xd0,0x7c,0x02,0xe0,0x01,0xf4,0x00,0x7d,0x0b,0x80,0x2e,0x00,
0x0b,0x80,0x00,0x40,0xf4,0x02,0xe0,0x00,0x64,0x00,0x00,0x2f,0x00,0x2e,0x00,0xb4,0x00,0x00,0x02,0xd0,
0x02,0xe0,0x0f,0x40,0x00,0x01,0x04,0x00,0x2e,0x01,0xf0,0x00,0x00,0x3c,0x00,0x02,0xe0,0x3e,0x00,0x00,
0x0b,0xc0,0x00,0x19,0x0b,0xc0,0x00,0x00,0xf4,0x00,0x00,0x01,0xf4,0x00,0x00,0x2f,0x00,0x00,0x00,0x7e,
0x00,0x00,0x07,0xd0,0x00,0x00,0x2f,0x80,0x00,0x00,0xb8,0x00,0x00,0x1b,0xe0,0x00,0x00,0x1f,0x40,0x00,
0x0b,0xf8,0x00,0x00,0x03,0xe0,0x00,0x1b,0xfd,0x00,0x00,0x00,0xbc,0x01,0x6f,0xfd,0x00,0x00,0x00,0x07,
0x80,0x2f,0xf9,0x00,0x00,0x00,0x00,0x00,0x00,0xe4,0x00,0x00,0x00,0x00,0x01,0x40,0x00,0x00,0x00,0x00,
0x00,0x00,0x7e,0x40,0x02,0xff,0xff,0xe0,0x00,0x01,0xfe,0x00,0x2f,0xff,0xfe,0x00,0x00,0x02,0xfc,0x02,
0xe0,0x02,0xe0,0x00,0x00,0x07,0x80,0x2e,0x00,0x2e,0x00,0x00,0x00,0x00,0x02,0xd0,0x02,0xe0,0x00,0x00,
0x00,0x00,0x3d,0x00,0x2e,0x00,0x00,0x00,0x00,0x07,0xc0,0x02,0xe0,0x00,0x04,0x00,0x00,0xb8,0x00,0x2e,
0x00,0x01,0xe4,0x00,0x2f,0x40,0x01,0xff,0xf8,0x2f,0xe0,0x0b,0xe0,0x00,0x0b,0xff,0x80,0x6f,0xd3,0xf8,
0x00,0x00,0x05,0x50,0x00,0x7d,0x1e,0x00,0x00,0x00,0x00,0x00,0x01,0x80,0x40,0x00,0x00,0x00,0x00,0x00,
0x00,0x0b,0xff,0xff,0xff,0xf4,0x00,0x00,0x00,0xbf,0xff,0xff,0xff,0x40,0x00,0x00,0x01,0xf0,0x00,0x02,
0xe0,0x00,0x00,0x34,0x0b,0x80,0x00,0xbd,0x00,0x00,0x0b,0x80,0x3d,0x00,0x1f,0x80,0x00,0x00,0xf4,0x02,
0xf4,0x03,0xf0,0x00,0x00,0x2e,0x00,0x0b,0xd1,0xfc,0x00,0x00,0x07,0xd0,0x00,0x2f,0x7f,0x40,0x00,0x00,
0xb8,0x00,0x00,0xbf,0xd0,0x00,0x00,0x1f,0x40,0x00,0x1f,0xfd,0x00,0x00,0x03,0xe0,0x00,0x1f,0xfb,0xfd,
0x00,0x00,0x7d,0x01,0x6f,0xf8,0x0b,0xfe,0x50,0x0b,0x80,0xbf,0xf8,0x00,0x0b,0xff,0x80,0x20,0x07,0xe4,
0x00,0x00,0x06,0xf0,0x00,0x00,0x00,0x00,0x00,0x00,0x00,0x00,0x01,0x40,0x00,0x00,0x00,0x00,0x00,0x00,
0x7e,0x00,0x55,0x55,0x55,0x55,0x54,0x06,0xfe,0x2f,0xff,0xff,0xff,0xff,0xc0,0x07,0xff,0xff,0xff,0xff,
0xff,0xfc,0x00,0x0b,0x80,0x00,0x00,0x00,0xb8,0x00,0x00,0x00,0x00,0x00,0x00,0x0b,0x80,0x00,0x00,0x00,
0x00,0x00,0x00,0xb8,0x00,0x00,0x00,0x00,0x00,0x00,0x0b,0x80,0x04,0x00,0x03,0xff,0xff,0x80,0xb8,0x02,
0xf4,0x00,0x3f,0xff,0xf8,0x0b,0x80,0x1f,0xf4,0x03,0xd0,0x0b,0x80,0xb8,0x00,0x1f,0xe0,0x3c,0x00,0xb8,
0x0b,0x80,0x00,0x2c,0x03,0xc0,0x0b,0x80,0xb8,0x00,0x00,0x00,0x3c,0x00,0xb8,0x0b,0x80,0x00,0x00,0x03,
0xc0,0x0b,0x80,0xb8,0x00,0x00,0x00,0x3c,0x00,0xb8,0x0b,0x80,0x00,0x02,0x43,0xc0,0x0b,0x80,0xb8,0x00,
0x00,0x7c,0x3f,0xff,0xf8,0x0b,0x80,0x00,0x0b,0x83,0xff,0xff,0x80,0xb8,0x00,0x01,0xf0,0x3d,0x00,0x00,
0x0b,0x80,0x00,0x3e,0x03,0xc0,0x00,0x00,0xb8,0x00,0x07,0xc0,0x14,0x00,0x00,0x0b,0x80,0x00,0xf8,0x00,
0x00,0x00,0x00,0xb8,0x00,0x2f,0x00,0x00,0x00,0x00,0x0b,0x80,0x03,0xe0,0x00,0x00,0x00,0x00,0xb8,0x00,
0xbc,0x00,0x00,0x01,0x55,0x5f,0x40,0x0b,0x40,0x00,0x00,0x1f,0xff,0xf4,0x00,0x10,0x00,0x00,0x00,0xbf,
0xf9,0x00,0x00,0x00,0x00,0x00,0x05,0x00,0x00,0x00,0x19,0x00,0x00,0x00,0xf4,0x00,0x00,0x03,0xf9,0x00,
0x00,0x0f,0x40,0x00,0x00,0x0b,0xf8,0x00,0x00,0xf4,0x00,0x00,0x00,0x1b,0xe0,0x00,0x0f,0x40,0x00,0x00,
0x00,0x1c,0x00,0x00,0xf4,0x00,0x00,0x00,0x00,0x00,0x00,0x0f,0x40,0x00,0x00,0x00,0x00,0x3f,0xff,0xff,
0xff,0xe0,0x00,0x00,0x03,0xff,0xff,0xff,0xfe,0x00,0x40,0x00,0x3d,0x55,0xf5,0x56,0xe0,0x1f,0x80,0x03,
0xc0,0x0f,0x40,0x2e,0x01,0xbf,0x40,0x3c,0x00,0xf4,0x02,0xe0,0x01,0xfe,0x03,0xc0,0x0f,0x40,0x2e,0x00,
0x02,0xe0,0x3c,0x00,0xf4,0x02,0xe0,0x00,0x04,0x03,0xc0,0x0f,0x40,0x2e,0x00,0x00,0x00,0x3c,0x00,0xf4,
0x02,0xe0,0x00,0x00,0x03,0xff,0xff,0xff,0xfe,0x00,0x00,0x00,0x3f,0xff,0xff,0xff,0xe0,0x00,0x01,0x03,
0xd5,0x5f,0x55,0x6e,0x00,0x00,0x74,0x3c,0x00,0xf4,0x02,0xe0,0x00,0x0f,0x83,0xc0,0x0f,0x40,0x2e,0x00,
0x01,0xf0,0x3c,0x00,0xf4,0x02,0xe0,0x00,0x3e,0x03,0xc0,0x0f,0x40,0x2e,0x00,0x0b,0xc0,0x3c,0x00,0xf4,
0x02,0xe0,0x00,0xf8,0x03,0xc0,0x0f,0x40,0x2e,0x00,0x2f,0x00,0x3f,0xff,0xff,0xff,0xe0,0x07,0xd0,0x03,
0xff,0xff,0xff,0xfe,0x00,0x7c,0x00,0x3d,0x55,0x55,0x56,0xe0,0x01,0x40,0x03,0xc0,0x00,0x00,0x2e,0x00,
0x00,0x00,0x00,0x00,0x00,0x00,0x00,0x00,0x00,0x00,0x00,0x00,0x00,0x00,0x00,0x09,0x00,0x00,0x0b,0x80,
0x00,0x00,0x02,0xf9,0x00,0x01,0xf4,0x00,0x00,0x00,0x0b,0xf8,0x00,0x2e,0x00,0x00,0x00,0x00,0x1b,0xe0,
0x07,0xd0,0x00,0x00,0x00,0x00,0x1d,0x00,0xb8,0x07,0x80,0x00,0x00,0x00,0x00,0x1f,0x40,0x7d,0x00,0x00,
0x00,0x00,0x03,0xe0,0x01,0xf4,0x00,0x00,0x00,0x00,0xbc,0x00,0x0b,0xc0,0x00,0x00,0x00,0x1f,0x40,0x00,
0x3e,0x00,0x1e,0x40,0x03,0xe0,0x00,0x01,0xf4,0x01,0xfe,0x00,0xbe,0xaa,0xaf,0xff,0xc0,0x02,0xfd,0x2f,
0xff,0xff,0xff,0xfe,0x00,0x07,0xe1,0xff,0xaa,0x55,0x01,0xf4,0x00,0x08,0x04,0x00,0x00,0x00,0x09,0x00,
0x00,0x00,0x00,0x00,0x00,0x00,0x00,0x00,0x00,0x00,0x00,0x00,0x00,0x00,0x00,0x00,0x10,0x3f,0xff,0xff,
0xff,0x40,0x00,0x03,0x83,0xff,0xff,0xff,0xf4,0x00,0x00,0x7c,0x3d,0x00,0x00,0x0f,0x40,0x00,0x0f,0x43,
0xd0,0x00,0x00,0xf4,0x00,0x01,0xf0,0x3d,0x00,0x00,0x0f,0x40,0x00,0x3d,0x03,0xd0,0x00,0x00,0xf4,0x00,
0x0b,0xc0,0x3d,0x00,0x00,0x0f,0x40,0x01,0xf4,0x03,0xd0,0x00,0x00,0xf4,0x00,0x2f,0x00,0x3d,0x00,0x00,
0x0f,0x40,0x07,0xd0,0x03,0xff,0xff,0xff,0xf4,0x00,0xb8,0x00,0x3f,0xff,0xff,0xff,0x40,0x02,0x00,0x03,
0xd0,0x00,0x00,0xf4,0x00,0x00,0x00,0x14,0x00,0x00,0x05,0x00,0x00,0x00,0x00,0x00,0x00,0x00,0x00,0x00,
0x18,0x00,0x01,0xf0,0x00,0x00,0x00,0x03,0xf8,0x00,0x2f,0x00,0x00,0x00,0x00,0x1b,0xf4,0x03,0xe0,0x00,
0x00,0x00,0x00,0x1f,0xc0,0x7d,0x00,0x00,0x00,0x00,0x00,0x34,0x0b,0xff,0xff,0xff,0xd0,0x00,0x00,0x01,
0xff,0xff,0xff,0xfd,0x00,0x00,0x00,0x3e,0x00,0x00,0x02,0xd0,0x00,0x00,0x0b,0xc0,0x00,0x00,0x3d,0x00,
0x90,0x01,0xf4,0x00,0x00,0x03,0xd0,0x2f,0xd0,0x7f,0xff,0xff,0xe0,0x3d,0x00,0x7f,0xd7,0xef,0xff,0xfe,
0x03,0xd0,0x00,0xbd,0x05,0xe0,0x01,0xe0,0x3d,0x00,0x01,0x80,0x1e,0x00,0x1e,0x03,0xd0,0x00,0x00,0x01,
0xe0,0x01,0xe0,0x3d,0x00,0x00,0x00,0x1e,0x00,0x1e,0x03,0xc0,0x00,0x00,0x01,0xe0,0x01,0xe0,0x7c,0x00,
0x00,0x20,0x1f,0xff,0xfe,0x07,0xc0,0x00,0x0b,0x81,0xff,0xff,0xe0,0xbc,0x00,0x00,0xf4,0x1e,0x00,0x01,
0x0f,0x80,0x00,0x1f,0x01,0xe0,0x00,0x3f,0xf4,0x00,0x03,0xe0,0x1e,0x00,0x03,0xfe,0x00,0x00,0x7c,0x01,
0xe0,0x00,0x00,0x00,0x00,0x0f,0x80,0x1e,0x00,0x00,0x00,0x74,0x01,0xf4,0x01,0xe0,0x00,0x00,0x07,0x80,
0x3e,0x00,0x1e,0x00,0x00,0x00,0xb8,0x07,0xd0,0x01,0xf4,0x00,0x00,0x1f,0x40,0xb8,0x00,0x0f,0xff,0xff,
0xff,0xf0,0x02,0x00,0x00,0x6f,0xff,0xff,0xf8,0x00,0x00,0x00,0x00,0x00,0x00,0x00,0x00,0x00,0x00,0x00,
0x00,0x05,0x00,0x00,0x00,0x19,0x00,0x00,0x00,0xf0,0x00,0x00,0x03,0xf8,0x00,0x00,0x0f,0x00,0x00,0x00,
0x0b,0xf4,0x00,0x00,0xf0,0x00,0x00,0x00,0x1f,0xc0,0x00,0x0f,0x00,0x00,0x00,0x00,0x24,0x7f,0xff,0xff,
0xff,0xf4,0x00,0x00,0x07,0xff,0xff,0xff,0xff,0x40,0x00,0x00,0x78,0x01,0xf4,0x01,0xf0,0x00,0x00,0x07,
0x80,0x0f,0x00,0x2e,0x00,0x90,0x00,0x78,0x00,0xf0,0x03,0xd0,0x1f,0x80,0x07,0x80,0x0f,0x00,0x78,0x01,
0xff,0x40,0x78,0x00,0xf0,0x06,0x40,0x01,0xfd,0x07,0x80,0x0f,0x00,0x00,0x00,0x02,0xc0,0x7f,0xff,0xff,
0xff,0x40,0x00,0x04,0x07,0xff,0xff,0xff,0xf4,0x00,0x00,0x00,0x79,0xf0,0x00,0x1f,0x00,0x00,0x00,0x07,
0x8b,0x40,0x03,0xe0,0x00,0x00,0x00,0xb8,0x7c,0x00,0x7c,0x00,0x00,0x0b,0x4b,0x43,0xd0,0x0b,0x80,0x00,
0x00,0xf4,0xb4,0x1f,0x01,0xf4,0x00,0x00,0x2e,0x0f,0x40,0xb8,0x7e,0x00,0x00,0x03,0xd1,0xf0,0x03,0xef,
0xc0,0x00,0x00,0xbc,0x1e,0x00,0x1f,0xf0,0x00,0x00,0x0f,0x42,0xd0,0x00,0xfe,0x00,0x00,0x02,0xf0,0x3d,
0x00,0x7f,0xfd,0x00,0x00,0x3e,0x07,0xc0,0x2f,0xd7,0xf8,0x00,0x0b,0xc0,0xf4,0x6f,0xe0,0x0b,0xf9,0x00,
0xf8,0x2f,0x2f,0xf4,0x00,0x2f,0xf8,0x02,0x01,0xd0,0xf4,0x00,0x00,0x1b,0x00,0x00,0x00,0x00,0x00,0x00,
0x00,0x00,0x00,0x00,0x00,0x01,0x40,0x00,0x00,0x00,0x04,0x00,0x00,0x7c,0x00,0x00,0x00,0x02,0xe0,0x00,
0x03,0xc0,0x00,0x00,0x00,0x2f,0xc0,0x00,0x3d,0x00,0x01,0x40,0x00,0x7f,0x40,0x02,0xea,0xbf,0xfd,0x00,
0x00,0xf8,0xaf,0xff,0xff,0xfe,0x80,0x00,0x02,0x0f,0xfe,0xf9,0x40,0x00,0x00,0x00,0x00,0x50,0x0f,0x80,
0x1f,0x40,0x00,0x00,0x00,0x00,0x7c,0x07,0xe0,0x00,0x00,0x00,0x00,0x03,0xe2,0xf8,0x00,0x0e,0x00,0x00,
0x00,0x1f,0xfd,0x00,0x01,0xfd,0x00,0x00,0x02,0xfe,0x00,0x60,0x07,0xf8,0x00,0x06,0xff,0xe0,0x0b,0x00,
0x0b,0xd0,0x6f,0xfe,0x5f,0xd0,0xf0,0x00,0x18,0x0b,0xf9,0x00,0x7f,0xfe,0x00,0x00,0x00,0x14,0x00,0x00,
0x6f,0x80,0x00,0x00,0x00,0x00,0x00,0x00,0x00,0x00,0x00,0x01,0xff,0xff,0xff,0xff,0xf0,0x00,0x0a,0x1f,
0xff,0xff,0xff,0xff,0x00,0x01,0xf4,0x00,0x7c,0x07,0x80,0x00,0x00,0x2f,0x00,0x0b,0x80,0x78,0x00,0x00,
0x03,0xd0,0x00,0xb8,0x07,0x80,0x00,0x00,0xbc,0x00,0x0f,0x40,0x78,0x00,0x00,0x1f,0x40,0x01,0xf0,0x07,
0x80,0x00,0x02,0xf0,0x00,0x3e,0x00,0x78,0x07,0x40,0x7e,0x00,0x0b,0xd0,0x07,0x80,0x74,0x0b,0xc0,0x07,
0xf8,0x00,0x78,0x0b,0x40,0xb4,0x03,0xfd,0x00,0x07,0xff,0xf0,0x01,0x00,0x1e,0x40,0x00,0x2b,0xf9,0x00,
0x00,0x00,0x00,0x00,0x00,0x00,0x00,0x00,0x00,0x00,0x10,0x00,0x00,0x00,0x00,0x19,0x00,0x03,0xd0,0x00,
0x00,0x00,0x03,0xf9,0x00,0x7c,0x00,0x00,0x00,0x00,0x07,0xf8,0x0b,0x80,0x00,0x00,0x00,0x00,0x0b,0xc1,
0xff,0xff,0xff,0xff,0x00,0x00,0x14,0x2f,0xff,0xff,0xff,0xf0,0x00,0x00,0x07,0xd0,0x00,0x00,0x00,0x00,
0x00,0x00,0xf8,0x00,0x00,0x00,0x00,0x00,0x00,0x2f,0x00,0x00,0x00,0x00,0x00,0x00,0x07,0xeb,0xff,0xff,
0xff,0x80,0x0e,0x00,0x78,0xbf,0xff,0xff,0xf8,0x01,0xfd,0x00,0x4f,0x42,0x40,0x07,0x80,0x07,0xf8,0x00,
0xf0,0x2d,0x00,0x78,0x00,0x0b,0xd0,0x0f,0x00,0xb4,0x07,0x80,0x00,0x28,0x01,0xf0,0x03,0xc0,0xb8,0x00,
0x00,0x00,0x1e,0x00,0x18,0x0b,0x80,0x00,0x00,0x7f,0xff,0xff,0xff,0xff,0xc0,0x00,0x47,0xff,0xff,0xff,
0xff,0xfc,0x00,0x0e,0x02,0xd0,0x60,0x00,0xb4,0x00,0x01,0xe0,0x3d,0x0b,0x80,0x0b,0x40,0x00,0x2d,0x03,
0xc0,0x2e,0x00,0xf4,0x00,0x07,0xc0,0x7c,0x00,0xb8,0x0f,0x00,0x00,0xb8,0x07,0x80,0x02,0x40,0xf0,0x00,
0x0f,0x40,0xbf,0xff,0xff,0xff,0xf0,0x01,0xf0,0x0b,0xff,0xff,0xff,0xff,0x00,0x3e,0x00,0x00,0x00,0x00,
0x2e,0x00,0x07,0xc0,0x00,0x00,0x00,0x03,0xd0,0x00,0xb8,0x00,0x00,0x00,0xba,0xfc,0x00,0x01,0x40,0x00,
0x00,0x07,0xfe,0x40,0x00,0x00,0x00,0x00,0x00,0x00,0x00,0x00,0x00,0x00,0x00,0x00,0x05,0x00,0x00,0x00,
0x14,0x00,0x00,0x00,0xf4,0x00,0x00,0x07,0xf4,0x02,0x80,0x0f,0x40,0x2e,0x00,0x1f,0xe0,0x3d,0x00,0xf4,
0x03,0xe0,0x00,0x2f,0x81,0xf0,0x0f,0x40,0x7c,0x00,0x00,0xb8,0x0f,0x80,0xf4,0x0f,0x40,0x00,0x01,0x00,
0x7c,0x0f,0x42,0xf0,0x00,0x00,0x00,0x03,0xd0,0xf4,0x3d,0x00,0x00,0x00,0x00,0x14,0x0f,0x40,0x40,0x00,
0x40,0x00,0x00,0x00,0xf4,0x00,0x00,0x1e,0x40,0x02,0xff,0xff,0xff,0xfc,0x01,0xfe,0x00,0x2f,0xff,0xff,
0xff,0xc0,0x02,0xfd,0x02,0xe0,0x00,0x00,0x7c,0x00,0x07,0xd0,0x2e,0x00,0x00,0x07,0xc0,0x00,0x04,0x02,
0xe0,0x00,0x00,0x7c,0x00,0x00,0x00,0x2f,0xff,0xff,0xff,0xc0,0x00,0x00,0x02,0xff,0xff,0xff,0xfc,0x00,
0x00,0x10,0x2e,0x00,0x00,0x07,0xc0,0x00,0x07,0x82,0xe0,0x00,0x00,0x7c,0x00,0x00,0xf4,0x2e,0x00,0x00,
0x07,0xc0,0x00,0x1f,0x02,0xff,0xff,0xff,0xfc,0x00,0x03,0xe0,0x2f,0xff,0xff,0xff,0xc0,0x00,0x7c,0x02,
0xe0,0x00,0x00,0x7c,0x00,0x0f,0x80,0x2e,0x00,0x00,0x07,0xc0,0x01,0xf4,0x02,0xe0,0x00,0x00,0x7c,0x00,
0x3e,0x00,0x2e,0x00,0x00,0x07,0xc0,0x07,0xd0,0x02,0xe0,0x00,0x00,0x78,0x00,0xb8,0x00,0x2e,0x00,0x0b,
0xff,0x80,0x02,0x40,0x02,0xe0,0x00,0x7f,0xe0,0x00,0x00,0x00,0x04,0x00,0x00,0x00,0x00,0x00,0x00,0x00,
0x00,0x0a,0x00,0x00,0x00,0x2d,0x00,0x00,0x01,0xf0,0x00,0x00,0x03,0xf9,0x00,0x54,0x1f,0x00,0x64,0x00,
0x0b,0xf4,0x0b,0x41,0xf0,0x0b,0xc0,0x00,0x0b,0xc0,0xf0,0x1e,0x01,0xf4,0x00,0x00,0x24,0x2e,0x02,0xe0,
0x3e,0x00,0x00,0x00,0x07,0xc0,0x2d,0x0b,0x80,0x00,0x00,0x00,0xb4,0x03,0xe4,0xf0,0x00,0x00,0x00,0x01,
0x00,0xbf,0xe0,0x00,0x00,0x90,0x00,0x00,0x1f,0xaf,0xd0,0x00,0x2f,0xd0,0x00,0x07,0xe0,0x6f,0xd0,0x00,
0x7f,0x80,0x06,0xf8,0x00,0x7f,0x80,0x00,0xbe,0x0b,0xfe,0x00,0x00,0xbe,0x00,0x01,0x80,0xfe,0x01,0xf0,
0x01,0xd0,0x00,0x00,0x05,0x00,0x1e,0x00,0x04,0x00,0x00,0x00,0x05,0x01,0xe0,0x02,0x40,0x00,0x05,0x00,
0xf0,0x2e,0x00,0x7d,0x00,0x00,0xb4,0x1e,0x02,0xe0,0x0f,0x80,0x00,0x1f,0x42,0xd0,0x3f,0x02,0xf0,0x00,
0x02,0xf0,0x7c,0x03,0xf4,0x7d,0x00,0x00,0x3d,0x0f,0x80,0x7f,0xcf,0x40,0x00,0x0b,0xc0,0xa0,0x0f,0xae,
0x50,0x00,0x01,0xf4,0x00,0x02,0xf1,0xf4,0x00,0x00,0x2f,0x00,0x00,0xbd,0x0b,0xd0,0x00,0x07,0xd0,0x00,
0x7f,0x80,0x2f,0x80,0x00,0xfc,0x01,0xbf,0xd0,0x00,0xbf,0xa4,0x07,0x40,0xbf,0xe0,0x00,0x01,0xbf,0x80,
0x00,0x02,0x90,0x00,0x00,0x01,0xa0,0x00,0x00,0x00,0x00,0x04,0x00,0x00,0x00,0x14,0x00,0x00,0x02,0xd0,
0x00,0x00,0x07,0xe4,0x00,0x00,0x2d,0x00,0x00,0x00,0x1f,0xe1,0xaa,0xab,0xfa,0xaa,0x90,0x00,0x2f,0x5f,
0xff,0xff,0xff,0xfd,0x00,0x00,0x60,0x00,0x02,0xd0,0x00,0x00,0x00,0x00,0x00,0x00,0x2d,0x00,0x00,0x00,
0x00,0x00,0xbf,0xff,0xff,0xff,0x80,0x00,0x00,0x06,0xaa,0xbe,0xaa,0xa4,0x00,0x80,0x00,0x00,0x02,0xd0,
0x00,0x00,0x2f,0x40,0x00,0x00,0x2d,0x00,0x00,0x01,0xfe,0x0b,0xff,0xff,0xff,0xff,0xf4,0x02,0xfc,0x6a,
0xaa,0xaa,0xaa,0xaa,0x40,0x07,0x80,0x00,0x00,0x00,0x00,0x00,0x00,0x00,0x02,0xaa,0xaa,0xaa,0xa0,0x00,
0x00,0x00,0x7f,0xff,0xff,0xff,0x00,0x00,0x00,0x07,0xc0,0x00,0x01,0xf0,0x00,0x00,0x50,0x7c,0x00,0x00,
0x1f,0x00,0x00,0x0f,0x47,0xea,0xaa,0xaa,0xf0,0x00,0x01,0xf0,0x7f,0xff,0xff,0xff,0x00,0x00,0x2e,0x07,
0xc0,0x00,0x01,0xf0,0x00,0x03,0xd0,0x7c,0x00,0x00,0x1f,0x00,0x00,0xbc,0x07,0xc0,0x00,0x01,0xf0,0x00,
0x0f,0x80,0x7f,0xff,0xff,0xff,0x00,0x01,0xf0,0x07,0xea,0xaa,0xaa,0xf0,0x00,0x3e,0x00,0x7c,0x00,0x00,
0x1f,0x00,0x07,0xd0,0x07,0xc0,0x00,0x01,0xf0,0x00,0xb8,0x00,0x7c,0x00,0x0f,0xfe,0x00,0x02,0x40,0x07,
0xc0,0x00,0xbf,0x80,0x00,0x00,0x00,0x00,0x00,0x00,0x00,0x00,0x02,0x40,0x00,0x50,0x00,0x00,0x00,0x00,
0x7f,0x40,0x0b,0x40,0x2f,0xff,0xf0,0x01,0xfe,0x00,0xb4,0x02,0xff,0xff,0x00,0x02,0xf4,0x0b,0x40,0x2d,
0x01,0xf0,0x00,0x05,0x00,0xb4,0x02,0xd0,0x1f,0x00,0x00,0x00,0x0b,0x40,0x2d,0x01,0xf0,0x00,0x01,0xff,
0xff,0xf6,0xd0,0x1f,0x00,0x00,0x1f,0xff,0xff,0x6d,0x01,0xf0,0x09,0x00,0x00,0xf4,0x02,0xff,0xff,0x02,
0xf9,0x00,0x0b,0x40,0x2f,0xff,0xf0,0x0b,0xf8,0x00,0xb4,0x02,0xe0,0x1f,0x00,0x1f,0xc0,0x0b,0x40,0x2d,
0x01,0xf0,0x00,0x28,0x00,0xb4,0x02,0xd0,0x1f,0x00,0x00,0x00,0x0b,0x40,0x2d,0x01,0xf0,0x00,0x00,0x7f,
0xff,0xd2,0xd0,0x1f,0x00,0x00,0x07,0xff,0xfd,0x2d,0x01,0xf0,0x00,0x00,0x78,0x02,0xd2,0xff,0xff,0x00,
0x01,0xd7,0x80,0x2d,0x2f,0xff,0xf0,0x00,0x2d,0x78,0x02,0xd2,0xd0,0x1f,0x00,0x03,0xc7,0x80,0x2d,0x3c,
0x01,0xf0,0x00,0xb8,0x78,0x02,0xd3,0xc0,0x1f,0x00,0x0f,0x47,0x80,0x2d,0x78,0x01,0xf0,0x01,0xf0,0x7f,
0xff,0xdb,0x40,0x1f,0x00,0x2e,0x07,0xff,0xfd,0xf4,0x01,0xf0,0x07,0xd0,0x78,0x00,0x1e,0x00,0x1f,0x00,
0xb8,0x07,0x80,0x03,0xd0,0x01,0xf0,0x0f,0x40,0x24,0x00,0xb8,0x0b,0xfe,0x00,0x20,0x00,0x00,0x0b,0x00,
0x7f,0x80,0x00,0x00,0x00,0x00,0x00,0x00,0x00,0x00,0x00,0x00,0x00,0x50,0x00,0x00,0x00,0x00,0x28,0x00,
0x0f,0x40,0x00,0x00,0x00,0x07,0xf4,0x00,0xf4,0x0b,0xff,0xfe,0x00,0x1f,0xe0,0x0f,0x40,0xbf,0xff,0xe0,
0x00,0x2f,0x40,0xf4,0x0b,0x80,0x2e,0x00,0x00,0xa0,0x0f,0x40,0xb8,0x01,0xe0,0x00,0x00,0x00,0xf4,0x0b,
0x80,0x1e,0x00,0x00,0x00,0x0f,0x40,0xb8,0x01,0xe0,0x00,0x00,0xff,0xff,0xeb,0x80,0x1e,0x00,0x40,0x0f,
0xff,0xfe,0xb8,0x01,0xe0,0x1f,0x40,0x01,0xf4,0x0b,0xff,0xfe,0x01,0xff,0x40,0x2f,0x40,0xbf,0xff,0xe0,
0x01,0xfc,0x02,0xf4,0x0b,0x80,0x1e,0x00,0x02,0x40,0x3f,0x80,0xb8,0x01,0xe0,0x00,0x00,0x07,0xfe,0x0b,
0x80,0x1e,0x00,0x00,0x00,0xff,0xb8,0xb8,0x01,0xe0,0x00,0x00,0x1e,0xf6,0xeb,0x80,0x1e,0x00,0x01,0x02,
0xdf,0x4e,0xbf,0xff,0xe0,0x00,0x3c,0x3c,0xf4,0x4b,0xff,0xfe,0x00,0x07,0x8b,0x8f,0x40,0xb8,0x01,0xe0,
0x00,0xb5,0xf0,0xf4,0x0b,0x80,0x1e,0x00,0x0f,0x7e,0x0f,0x40,0xb8,0x01,0xe0,0x01,0xf2,0xc0,0xf4,0x0b,
0x80,0x1e,0x00,0x2e,0x04,0x0f,0x40,0xb8,0x01,0xe0,0x03,0xd0,0x00,0xf4,0x0b,0x80,0x1e,0x00,0x7c,0x00,
0x0f,0x40,0xbf,0xff,0xe0,0x0f,0x80,0x00,0xf4,0x0b,0xff,0xfe,0x00,0xf4,0x00,0x0f,0x40,0xb8,0x02,0xe0,
0x02,0x00,0x00,0xf4,0x0b,0x80,0x1a,0x00,0x00,0x00,0x00,0x00,0x00,0x00,0x00,0x00,0x00,0x00,0x10,0x00,
0x00,0x00,0x00,0x20,0x00,0x0b,0x40,0x00,0x00,0x00,0x0b,0xd0,0x00,0xb4,0x00,0xff,0xff,0x00,0x2f,0x80,
0x0b,0x40,0x0f,0xff,0xf0,0x00,0x7e,0xbf,0xff,0xf8,0xf0,0x0f,0x00,0x01,0x8b,0xff,0xff,0x8f,0x00,0xf0,
0x00,0x00,0x00,0xb4,0x00,0xf0,0x0f,0x00,0x00,0x00,0x0b,0x40,0x0f,0x00,0xf0,0x00,0x00,0x00,0xb4,0x00,
0xf0,0x0f,0x00,0x40,0x03,0xff,0xff,0x0f,0xff,0xf0,0x2f,0x40,0x3e,0xaa,0xf0,0xff,0xff,0x01,0xfe,0x03,
0x80,0x0f,0x0f,0x00,0xf0,0x02,0xf8,0x38,0x00,0xf0,0xf0,0x0f,0x00,0x07,0x43,0xff,0xff,0x0f,0x00,0xf0,
0x00,0x00,0x3e,0xaa,0xf0,0xf0,0x0f,0x00,0x00,0x03,0x80,0x0f,0x0f,0x00,0xf0,0x00,0x00,0x38,0x00,0xf0,
0xf0,0x0f,0x00,0x01,0x03,0xea,0xaf,0x0f,0xff,0xf0,0x00,0x3c,0x3f,0xff,0xf1,0xff,0xff,0x00,0x07,0xc0,
0x0b,0x40,0x1e,0x00,0xf0,0x00,0xb8,0x00,0xb4,0x01,0xe0,0x0f,0x00,0x0f,0x40,0x0b,0x40,0x2e,0x00,0xf0,
0x01,0xf1,0xff,0xff,0xfa,0xd0,0x0f,0x00,0x2e,0x1f,0xff,0xff,0xbc,0x00,0xf0,0x03,0xd0,0x00,0xb4,0x07,
0xc0,0x0f,0x00,0x7c,0x00,0x0b,0x40,0xb8,0x00,0xf0,0x0b,0x80,0x00,0xb4,0x1f,0x00,0x1f,0x01,0xf4,0x00,
0x0b,0x42,0xe0,0xbf,0xe0,0x06,0x00,0x00,0xb4,0x1c,0x07,0xf9,0x00,0x00,0x00,0x05,0x00,0x00,0x00,0x00,
0x00,0x00,0x00,0x05,0x00,0x00,0x00,0x00,0x00,0x00,0x01,0xf4,0x00,0x00,0x00,0x00,0x00,0x00,0x1f,0x40,
0x00,0x00,0x00,0x00,0x00,0x01,0xf0,0x00,0x00,0x00,0x00,0x00,0x00,0x1f,0x00,0x00,0x00,0x00,0x00,0x00,
0x01,0xf0,0x00,0x00,0x00,0x00,0x05,0x00,0x1f,0x00,0x00,0x10,0x00,0x00,0xf4,0x01,0xf0,0x00,0x07,0xc0,
0x00,0x1f,0x00,0x1f,0x00,0x00,0xf8,0x00,0x02,0xe0,0x02,0xe0,0x00,0x1f,0x40,0x00,0x3d,0x00,0x2e,0x00,
0x02,0xe0,0x00,0x07,0xc0,0x02,0xe0,0x00,0x7d,0x00,0x00,0xf8,0x00,0x3f,0x00,0x0b,0x80,0x00,0x2f,0x40,
0x03,0xf4,0x01,0xf4,0x00,0x07,0xe0,0x00,0x7f,0x80,0x2e,0x00,0x00,0x18,0x00,0x0b,0xfc,0x01,0x80,0x00,
0x00,0x00,0x00,0xfb,0xd0,0x00,0x00,0x00,0x00,0x00,0x2f,0x1e,0x00,0x00,0x00,0x00,0x00,0x03,0xe0,0xf4,
0x00,0x00,0x00,0x00,0x00,0xbd,0x0b,0xc0,0x00,0x00,0x00,0x00,0x1f,0x80,0x3e,0x00,0x00,0x00,0x00,0x03,
0xf0,0x00,0xf8,0x00,0x00,0x00,0x01,0xfd,0x00,0x07,0xe0,0x00,0x00,0x00,0x7f,0x40,0x00,0x1f,0xd0,0x00,
0x00,0x6f,0xd0,0x00,0x00,0x7f,0xd0,0x00,0x6f,0xe0,0x00,0x00,0x00,0xbf,0xe4,0x0f,0xf4,0x00,0x00,0x00,
0x01,0xbf,0x40,0x64,0x00,0x00,0x00,0x00,0x00,0x50,0x00,0x0a,0x00,0x00,0x02,0x80,0x00,0x00,0x00,0xf0,
0x00,0x00,0x3c,0x00,0x00,0x00,0x0f,0x00,0x00,0x03,0xc0,0x00,0x00,0x00,0xf0,0x00,0x00,0x3c,0x00,0x00,
0x00,0x0f,0x00,0x00,0x03,0xc0,0x00,0x00,0x00,0xf0,0x00,0x14,0x3c,0x19,0x00,0x05,0x0f,0x0b,0x47,0x83,
0xc1,0xf0,0x00,0xb0,0xf0,0xf0,0xb8,0x3c,0x0f,0x40,0x0b,0x0f,0x1e,0x0b,0x43,0xc0,0x7c,0x00,0xf0,0xf2,
0xd0,0xf0,0x3c,0x03,0xd0,0x0e,0x0f,0x38,0x1f,0x03,0xc0,0x2e,0x01,0xe1,0xf7,0x41,0xe0,0x3c,0x00,0xf0,
0x1d,0x1f,0x10,0x2d,0x03,0xc0,0x0b,0x42,0xc1,0xe0,0x03,0xc0,0x3c,0x00,0x60,0x04,0x1e,0x00,0x78,0x03,
0xc0,0x00,0x00,0x01,0xe0,0x00,0x00,0x3c,0x03,0x80,0x00,0x2e,0x00,0x00,0x03,0xc0,0xb8,0x00,0x02,0xf0,
0x00,0x00,0x3c,0x1f,0x40,0x00,0x3f,0xc0,0x00,0x03,0xc2,0xe0,0x00,0x03,0xee,0x00,0x00,0x00,0xbd,0x00,
0x00,0x7c,0xb8,0x00,0x00,0x2f,0x80,0x00,0x0b,0x83,0xe0,0x00,0x0b,0xe0,0x00,0x01,0xf4,0x1e,0x00,0x06,
0xf8,0x00,0x00,0x2f,0x00,0x40,0x02,0xfe,0x00,0x00,0x07,0xd0,0x00,0x06,0xff,0x40,0x00,0x00,0xf8,0x00,
0x1b,0xff,0x40,0x00,0x00,0x2f,0x00,0x02,0xfe,0x40,0x00,0x00,0x00,0x90,0x00,0x09,0x00,0x00,0x00,0x00,
0x00,0x00,0x00,0x00,0x00,0x00,0x00,0x00,0x00,0xf0,0x00,0x1e,0x00,0x00,0x00,0x00,0x0f,0x00,0x02,0xe0,
0x00,0x00,0x00,0x00,0xf0,0x00,0x3d,0x00,0x00,0x00,0x00,0x0f,0x00,0x03,0xc0,0x00,0x00,0x00,0x00,0xf0,
0x00,0x7c,0x00,0x00,0x00,0x00,0x0f,0x05,0x0b,0xff,0xff,0xff,0xc0,0x60,0xf0,0xf1,0xff,0xff,0xff,0xfc,
0x0b,0x0f,0x1e,0x2e,0x1f,0x00,0x00,0x00,0xb0,0xf2,0xd3,0xd1,0xf0,0x00,0x00,0x0f,0x0f,0x38,0xbc,0x1f,
0x00,0x00,0x00,0xe0,0xf7,0x5f,0x41,0xf0,0x00,0x00,0x1e,0x0f,0x61,0xe0,0x1f,0xff,0xff,0x42,0xd1,0xf0,
0x00,0x01,0xff,0xff,0xf4,0x1c,0x1f,0x00,0x00,0x1f,0x00,0x00,0x00,0x01,0xf0,0x00,0x01,0xf0,0x00,0x00,
0x00,0x1e,0x00,0x00,0x1f,0x00,0x00,0x00,0x02,0xe0,0x00,0x01,0xf0,0x00,0x00,0x00,0x2e,0x00,0x00,0x1f,
0x00,0x00,0x00,0x03,0xf8,0x00,0x01,0xff,0xff,0xf8,0x00,0x3f,0xd0,0x00,0x1f,0xff,0xff,0x80,0x07,0xdf,
0x40,0x01,0xf0,0x00,0x00,0x00,0xb8,0xbc,0x00,0x1f,0x00,0x00,0x00,0x0f,0x43,0xe0,0x01,0xf0,0x00,0x00,
0x02,0xf0,0x1e,0x00,0x1f,0x00,0x00,0x00,0x7d,0x00,0x40,0x01,0xf0,0x00,0x00,0x0f,0xc0,0x00,0x00,0x1f,
0x00,0x00,0x02,0xf4,0x00,0x00,0x01,0xf0,0x00,0x00,0x09,0x00,0x00,0x00,0x1f,0x00,0x00,0x00,0x00,0x00,
0x00,0x00,0x50,0x00,0x00,0x00,0x00,0x00,0x05,0x00,0x00,0x00,0x00,0x00,0x00,0x01,0xf0,0x00,0x00,0x00,
0x00,0x00,0x00,0x1f,0x00,0x00,0x00,0x00,0x00,0x00,0x01,0xf0,0x00,0x00,0x00,0x00,0x00,0x00,0x1f,0xff,
0xff,0xfd,0x00,0x00,0x00,0x01,0xff,0xff,0xff,0xd0,0x00,0x00,0x00,0x1f,0x00,0x00,0x00,0x00,0x00,0x00,
0x01,0xf0,0x00,0x00,0x00,0x00,0x00,0x00,0x1f,0x00,0x00,0x00,0x00,0x00,0x00,0x01,0xf0,0x00,0x00,0x00,
0x00,0x3f,0xff,0xff,0xff,0xff,0xc0,0x00,0x03,0xff,0xff,0xff,0xff,0xfc,0x00,0x00,0x3d,0x00,0x00,0x00,
0x07,0xc0,0x00,0x03,0xc0,0x00,0x00,0x00,0x7c,0x00,0x00,0x3c,0x00,0x00,0x00,0x07,0xc0,0x00,0x03,0xc0,
0x00,0x00,0x00,0x7c,0x00,0x00,0x3c,0x00,0x00,0x00,0x07,0xc0,0x00,0x03,0xd0,0x00,0x00,0x00,0x7c,0x00,
0x00,0x3f,0xff,0xff,0xff,0xff,0xc0,0x00,0x03,0xff,0xff,0xff,0xff,0xfc,0x00,0x00,0x00,0x00,0x00,0x00,
0x00,0x00,0x00,0x00,0x00,0x00,0x00,0x00,0x00,0x00,0x00,0x39,0x05,0x00,0x14,0x07,0xc0,0x00,0x0b,0xc0,
0xb4,0x07,0xc0,0x2e,0x00,0x00,0xf4,0x0b,0x80,0x3d,0x01,0xf4,0x00,0x2f,0x00,0x78,0x02,0xe0,0x07,0xc0,
0x07,0xd0,0x07,0xc0,0x1f,0x00,0x3e,0x01,0xf8,0x00,0x7c,0x00,0xf4,0x01,0xf4,0x1b,0x00,0x07,0x80,0x0a,
0x40,0x0a,0x00,0x00,0x00,0x00,0x00,0x00,0x00,0x00,0x00,0x04,0x00,0x00,0x14,0x00,0x00,0x00,0x01,0xe0,
0x00,0x02,0xd0,0x00,0x00,0x00,0x1e,0x00,0x00,0x2d,0x00,0x0e,0x00,0x01,0xe0,0x00,0x02,0xd0,0x02,0xe0,
0x00,0x1e,0x00,0x7f,0xff,0xff,0x7d,0x00,0x01,0xe0,0x07,0xff,0xff,0xff,0x80,0x00,0x1e,0x0e,0x00,0x2d,
0x02,0xf0,0x00,0xb1,0xe1,0xe0,0x02,0xd0,0x7d,0x00,0x0b,0x1e,0x1d,0x00,0x2d,0x0f,0x80,0x00,0xb1,0xe2,
0xc0,0x02,0xd2,0xf0,0x00,0x0e,0x1e,0x3a,0xff,0xff,0xff,0xff,0x80,0xe1,0xe7,0x6f,0xff,0xff,0xff,0xf8,
0x1e,0x1e,0xb0,0x00,0x0b,0xd0,0x00,0x01,0xd1,0xe1,0x00,0x02,0xf4,0x00,0x00,0x2c,0x1e,0x00,0x00,0xbd,
0x00,0x00,0x00,0x41,0xe0,0x00,0x7f,0xff,0xff,0xf0,0x00,0x2e,0x00,0x2f,0xff,0xff,0xff,0x00,0x02,0xd0,
0x2f,0xef,0x00,0x00,0x00,0x00,0x3e,0x1f,0xe1,0xe0,0x00,0x00,0x00,0x03,0xf4,0xa4,0x2d,0x00,0x00,0x00,
0x00,0x7f,0xd0,0x03,0xff,0xff,0xfc,0x00,0x0b,0x9f,0x00,0x7f,0xff,0xff,0xc0,0x00,0xf4,0xb8,0x00,0x00,
0x00,0x78,0x00,0x1f,0x03,0xe0,0x00,0x00,0x07,0x80,0x02,0xe0,0x1d,0x00,0x00,0x00,0xb4,0x00,0x7d,0x00,
0x40,0x00,0x00,0x0f,0x40,0x0f,0x80,0x00,0x00,0x00,0x01,0xf0,0x02,0xf0,0x00,0x00,0x02,0xfa,0xbe,0x00,
0x09,0x00,0x00,0x00,0x1f,0xff,0x80,0x00,0x00,0x00,0x00,0x00,0x00,0x00,0x00,0x00,0x00,0x00,0x00,0x00,
0x00,0x00,0x00,0x01,0xe0,0x00,0x1f,0x00,0x00,0x00,0x00,0x1e,0x00,0x00,0xf0,0x00,0x00,0x00,0x01,0xe0,
0x00,0x0f,0x00,0x00,0x40,0x00,0x1e,0x00,0x00,0xf9,0xab,0xfe,0x00,0x01,0xe0,0x0b,0xff,0xff,0xff,0xa0,
0x00,0x1e,0x19,0xff,0xfe,0x54,0x10,0x00,0x39,0xe1,0xd0,0x03,0xd0,0x07,0xc0,0x03,0x9e,0x2c,0x00,0x2e,
0x02,0xf4,0x00,0x79,0xe3,0x80,0x01,0xf1,0xbd,0x00,0x07,0x5e,0x74,0x00,0x0b,0xfe,0x40,0x00,0xb5,0xeb,
0x00,0x01,0xbf,0x80,0x60,0x0b,0x1e,0xa0,0x05,0xbf,0xf4,0x07,0x40,0xe1,0xe0,0x0b,0xff,0x8b,0xe4,0xb0,
0x1d,0x1e,0x00,0xbe,0x40,0x1f,0xfe,0x00,0x01,0xd0,0x01,0x00,0x00,0x6f,0x90,0x00,0x2d,0x00,0x00,0x00,
0x00,0x00,0x00,0x02,0xd0,0x2f,0xff,0xff,0xff,0xf4,0x00,0x3e,0x02,0xff,0xff,0xff,0xff,0x40,0x03,0xf4,
0x00,0x1f,0x03,0xc0,0x00,0x00,0x7f,0xd0,0x01,0xe0,0x3c,0x00,0x00,0x0b,0xaf,0x00,0x2e,0x03,0xc0,0x00,
0x00,0xf4,0xb8,0x03,0xd0,0x3c,0x00,0x00,0x1f,0x07,0xd0,0x7c,0x03,0xc0,0x00,0x02,0xd0,0x28,0x0b,0x80,
0x3c,0x03,0x80,0x7c,0x00,0x02,0xf4,0x03,0xc0,0x38,0x0f,0x40,0x01,0xbe,0x00,0x3d,0x07,0x82,0xe0,0x00,
0xbf,0x80,0x03,0xff,0xf4,0x08,0x00,0x07,0x90,0x00,0x1a,0xfa,0x00,0x00,0x00,0x00,0x00,0x00,0x00,0x00,
0x00,0x90,0x00,0x00,0x00,0x00,0x00,0x00,0x1f,0x90,0xbf,0xff,0xff,0xf4,0x00,0x00,0x7f,0x86,0xaa,0xaa,
0xfe,0x40,0x00,0x00,0x7c,0x00,0x00,0x7f,0x40,0x00,0x00,0x01,0x40,0x00,0x6f,0x80,0x00,0x00,0x00,0x00,
0x00,0x6f,0x90,0x00,0x00,0x0b,0x80,0x00,0x6f,0x90,0x00,0x00,0x00,0xbf,0x80,0x3f,0xff,0xff,0xff,0xe0,
0x00,0xbd,0x02,0xfb,0xfa,0xfe,0xbe,0x00,0x00,0x80,0x00,0x7c,0x0b,0x42,0xe0,0x00,0x01,0x80,0x0f,0x40,
0xf0,0x2d,0x00,0x00,0x7c,0x02,0xe0,0x2e,0x02,0xd0,0x00,0x1f,0x40,0xb8,0x07,0xc0,0x3c,0x00,0x07,0xd0,
0x7e,0x01,0xf4,0x07,0xc0,0x01,0xf8,0x0f,0x80,0x7e,0x00,0xb8,0x00,0x7e,0x00,0x10,0x0f,0x86,0xaf,0x40,
0x03,0x80,0x00,0x05,0x60,0x3f,0xd0,0x00,0x10,0x04,0x00,0xf4,0x00,0x00,0x00,0x00,0x01,0xe0,0x1f,0x00,
0x03,0x80,0x00,0x00,0x7d,0x02,0xf4,0x00,0xb8,0x00,0x00,0x1f,0x80,0x3f,0x80,0x2f,0x00,0x00,0x07,0xe0,
0x07,0xfd,0x0b,0xc0,0x00,0x00,0x78,0x01,0xf5,0xf4,0x60,0x00,0x00,0x00,0x00,0x7e,0x0b,0xd0,0x00,0x00,
0x00,0x00,0x6f,0x80,0x2f,0x90,0x00,0x00,0x01,0xbf,0xd0,0x00,0x7f,0xe5,0x00,0x1b,0xff,0x90,0x00,0x00,
0xbf,0xff,0x40,0xbe,0x40,0x00,0x00,0x00,0x6b,0xf0,0x00,0x00,0x00,0x00,0x00,0x00,0x00,0x00,0x00,0x01,
0x00,0x00,0x14,0x00,0x00,0x00,0x00,0xb8,0x00,0x03,0xc0,0x00,0x00,0x00,0x0b,0x80,0x00,0x3c,0x00,0x00,
0x00,0x00,0xb8,0x00,0x03,0xc0,0x00,0x00,0x00,0x0b,0x80,0x00,0x3c,0x00,0x00,0x00,0xff,0xff,0xf7,0xff,
0xff,0xfc,0x00,0x0f,0xff,0xff,0x7f,0xff,0xff,0xc0,0x00,0x00,0xb8,0x00,0x07,0xc0,0x3c,0x00,0x00,0x0b,
0x80,0x00,0x78,0x03,0xc0,0x00,0x00,0xb8,0x00,0x07,0x80,0x3c,0x00,0x00,0x0b,0x81,0x00,0x78,0x03,0xc0,
0x00,0x00,0xba,0xf6,0x4b,0x80,0x3c,0x00,0x00,0x6f,0xff,0x7e,0xf4,0x03,0xc0,0x01,0xbf,0xfe,0x41,0xff,
0x40,0x3c,0x00,0x1f,0xeb,0x80,0x02,0xf9,0x03,0xc0,0x01,0x90,0xb8,0x00,0x2f,0xf4,0x3c,0x00,0x00,0x0b,
0x80,0x07,0xdb,0xe3,0xd1,0x00,0x00,0xb8,0x00,0xb8,0x2e,0x2d,0x2c,0x00,0x0b,0x80,0x2f,0x40,0x52,0xd2,
0xc0,0x00,0xb8,0x0b,0xd0,0x00,0x1f,0x3c,0x03,0xff,0x42,0xf4,0x00,0x00,0xff,0x80,0x2f,0xe0,0x09,0x00,
0x00,0x02,0xe0,0x00,0x00,0x00,0x00,0x00,0x00,0x40,0x00,0x07,0x80,0x54,0x06,0x80,0x3d,0x00,0x00,0xb8,
0x0b,0x80,0x7c,0x02,0xf0,0x00,0x1f,0x00,0x78,0x02,0xd0,0x0b,0x80,0x03,0xe0,0x07,0xc0,0x1f,0x00,0x3e,
0x00,0xb8,0x00,0x7c,0x00,0xf4,0x01,0xf4,0x1f,0x00,0x03,0xc0,0x0f,0x40,0x0f,0x40,0x10,0x00,0x00,0x00,
0x00,0x00,0x40,0x00,0x00,0x00,0x00,0x00,0x00,0x00,0x00,0x07,0x80,0x09,0x00,0x00,0x00,0x00,0x00,0x78,
0x01,0xf0,0x2f,0xff,0xfe,0x00,0x07,0x80,0x0b,0x82,0xff,0xff,0xe0,0x00,0x78,0x00,0x3d,0x00,0x00,0x1e,
0x00,0x07,0x80,0x01,0xf0,0x00,0x01,0xe0,0x00,0x78,0x74,0x0e,0x00,0x00,0x1e,0x00,0x67,0x8b,0x78,0x40,
0x00,0x01,0xe0,0x0b,0x78,0xf7,0x80,0x28,0x00,0x1e,0x00,0xa7,0x8e,0x78,0x01,0xf4,0x01,0xe0,0x0e,0x79,
0xd7,0x80,0x07,0xd0,0x1e,0x00,0xe7,0xac,0x78,0x00,0x0f,0x41,0xe0,0x1d,0x7a,0x87,0x80,0x14,0x20,0x1e,
0x01,0xd7,0x80,0x78,0x17,0x40,0x41,0xe0,0x2c,0x78,0x07,0x8b,0x74,0x0d,0x1e,0x00,0x47,0x80,0x78,0xa7,
0x40,0xb1,0xe0,0x00,0x74,0x07,0x8a,0x74,0x07,0x5e,0x00,0x0b,0x40,0x78,0xe7,0x40,0x39,0xe0,0x00,0xb4,
0x07,0x8d,0x74,0x02,0xde,0x00,0x0b,0xc0,0x79,0xc7,0x42,0x9e,0xe0,0x00,0xfe,0x07,0xa8,0x74,0x28,0xee,
0x00,0x1f,0xb4,0x78,0x47,0x43,0x81,0xe0,0x02,0xe7,0xc7,0x80,0x3f,0xf4,0x1e,0x00,0x2d,0x2e,0x78,0x01,
0xa9,0x01,0xe0,0x07,0xc0,0xd7,0x80,0x00,0x00,0x1e,0x00,0xb8,0x04,0x78,0x00,0x00,0x01,0xe0,0x1f,0x00,
0x07,0x80,0x00,0x00,0x1e,0x02,0xe0,0x00,0x78,0x00,0x02,0xff,0xe0,0x18,0x00,0x07,0x80,0x00,0x1f,0xf8,
0x00,0x00,0x00,0x10,0x00,0x00,0x00,0x00,0x00,0x00,0x00,0x50,0x00,0x00,0x00,0x00,0x00,0x00,0x0f,0x40,
0x00,0x00,0x00,0x00,0x00,0x00,0xf4,0x00,0x01,0xe0,0x00,0x0b,0xff,0xff,0xff,0xfc,0x7e,0x00,0x00,0xbf,
0xff,0xff,0xff,0xdf,0x80,0x00,0x00,0x00,0x0f,0x40,0x0b,0xe0,0x00,0x00,0x00,0x00,0xf4,0x07,0xf4,0x00,
0x00,0x00,0x00,0x0f,0x42,0xfd,0x00,0x00,0x1f,0xff,0xff,0xff,0xff,0xff,0xff,0x41,0xff,0xff,0xff,0xff,
0xff,0xff,0xf4,0x00,0x00,0x02,0xff,0x40,0x00,0x00,0x00,0x00,0x06,0xff,0x40,0x00,0x00,0x00,0x00,0x1b,
0xff,0xea,0xaa,0xaa,0x40,0x00,0x6f,0xff,0xff,0xff,0xff,0xf8,0x00,0x3f,0xfb,0xc0,0x00,0x00,0x0b,0x80,
0x01,0xe4,0x3c,0x00,0x00,0x00,0xb8,0x00,0x00,0x03,0xea,0xaa,0xaa,0xaf,0x80,0x00,0x00,0x3f,0xff,0xff,
0xff,0xf8,0x00,0x00,0x03,0xc0,0x00,0x00,0x0b,0x80,0x00,0x00,0x3c,0x00,0x00,0x00,0xb8,0x00,0x00,0x03,
0xea,0xaa,0xaa,0xaf,0x80,0x00,0x00,0x3f,0xff,0xff,0xff,0xf8,0x00,0x00,0x00,0x00,0x00,0x00,0x00,0x00,
0x00,0x02,0x80,0x00,0x00,0x40,0x18,0x00,0x00,0xbc,0x0b,0x40,0x7c,0x02,0xe0,0x00,0x1f,0x40,0xb8,0x03,
0xd0,0x0f,0x80,0x03,0xe0,0x07,0x80,0x2e,0x00,0x7d,0x00,0xbc,0x00,0x7c,0x01,0xf0,0x02,0xf0,0x1b,0x40,
0x07,0x80,0x0e,0x00,0x0e,0x40,0x00,0x00,0x00,0x00,0x00,0x00,0x00,0x00,0x00,0x00,0x00,0x00,0x00,0x00,
0x00,0x00,0x38,0x00,0x00,0x00,0x00,0x00,0x00,0x0b,0x82,0xff,0xff,0xff,0xe0,0x00,0x00,0xf4,0x2e,0xaa,
0xaa,0xae,0x00,0x00,0x2e,0x02,0xd0,0x00,0x02,0xe0,0x00,0x0b,0xd0,0x2d,0x00,0x00,0x2e,0x00,0x01,0xfd,
0x02,0xff,0xff,0xff,0xe0,0x00,0x7f,0xd0,0x1a,0xaa,0xea,0xa9,0x00,0x1f,0xbd,0x00,0x00,0x2e,0x00,0x00,
0x02,0xe3,0xd0,0x00,0x02,0xe0,0x00,0x00,0x04,0x3d,0x3f,0xff,0xff,0xff,0xff,0x40,0x03,0xd2,0xaa,0xbf,
0xfa,0xaa,0xa4,0x00,0x3d,0x00,0x0b,0xee,0xb8,0x00,0x00,0x03,0xd0,0x07,0xe2,0xe6,0xf8,0x00,0x00,0x3d,
0x06,0xf8,0x2e,0x07,0xf4,0x00,0x03,0xd6,0xf9,0x02,0xe0,0x0b,0xe0,0x00,0x3d,0x7d,0x00,0x2e,0x00,0x1a,
0x00,0x02,0x80,0x00,0xf5,0x50,0x00,0x00,0x00,0x01,0x90,0x1f,0x00,0x02,0x40,0x00,0x00,0x3d,0x02,0xf0,
0x00,0xbc,0x00,0x00,0x0b,0x80,0x3f,0x80,0x1f,0x40,0x00,0x01,0xf4,0x0b,0xfd,0x03,0xd0,0x00,0x00,0x7d,
0x01,0xf5,0xf4,0xb8,0x00,0x00,0x07,0x80,0x7e,0x0b,0xda,0x00,0x00,0x00,0x10,0x2f,0x80,0x2f,0x80,0x00,
0x00,0x00,0x1f,0xe0,0x00,0xbf,0x90,0x00,0x00,0x6f,0xf4,0x00,0x01,0xff,0xa5,0x01,0xff,0xf4,0x00,0x00,
0x01,0xbf,0xf4,0x0f,0xa4,0x00,0x00,0x00,0x01,0x6e,0x00,0x00,0x00,0x00,0x00,0x00,0x00,0x00,0x00,0x00,
0x00,0x01,0x00,0x00,0x00,0x00,0x00,0x10,0x00,0xf8,0x00,0x00,0x00,0x00,0x07,0xc0,0x0f,0x80,0x00,0x00,
0x00,0x00,0xbc,0x00,0xf8,0x00,0x00,0x00,0x00,0x0f,0x80,0x0f,0x80,0x00,0x00,0x00,0x01,0xf4,0x00,0xf8,
0x00,0x00,0x00,0x00,0x2f,0x55,0x5f,0x95,0x55,0x50,0x00,0x03,0xff,0xff,0xff,0xff,0xff,0x80,0x00,0xbf,
0xff,0xff,0xff,0xff,0xf8,0x00,0x1f,0x80,0x00,0xf8,0x00,0x00,0x00,0x02,0xf0,0x00,0x0f,0x80,0x00,0x00,
0x00,0xbd,0x00,0x00,0xf8,0x00,0x00,0x00,0x1f,0x80,0x00,0x0f,0x80,0x00,0x00,0x00,0x60,0x00,0x00,0xf8,
0x00,0x00,0x00,0x00,0x00,0x00,0x0f,0x80,0x00,0x00,0x00,0x00,0x00,0x00,0xf8,0x00,0x00,0x00,0x1f,0xff,
0xff,0xff,0xff,0xff,0xff,0x41,0xff,0xff,0xff,0xff,0xff,0xff,0xf4,0x05,0x55,0x55,0x5f,0x95,0x55,0x55,
0x00,0x00,0x00,0x00,0xf8,0x00,0x00,0x00,0x00,0x00,0x00,0x0f,0x80,0x00,0x00,0x00,0x00,0x00,0x00,0xf8,
0x00,0x00,0x00,0x00,0x00,0x00,0x0f,0x80,0x00,0x00,0x00,0x00,0x00,0x00,0xf8,0x00,0x00,0x00,0x00,0x00,
0x00,0x0f,0x80,0x00,0x00,0x00,0x00,0x00,0x00,0xf8,0x00,0x00,0x00,0x00,0x00,0x00,0x0f,0x80,0x00,0x00,
0x00,0x00,0x00,0x00,0xf8,0x00,0x00,0x00,0x00,0x00,0x00,0x0f,0x80,0x00,0x00,0x00,0x00,0x00,0x00,0x50,
0x00,0x00,0x00,0x00,0x01,0x40,0x00,0x00,0x00,0x00,0x00,0x00,0x78,0x00,0x1f,0x00,0x00,0x00,0x01,0x47,
0x80,0x01,0xe0,0x00,0x00,0x00,0x78,0x78,0x00,0x2d,0x00,0x00,0x00,0x07,0x87,0x80,0x03,0xc0,0x00,0x00,
0x00,0x78,0x78,0x00,0x7c,0x00,0x00,0x00,0x0b,0x47,0x80,0x0b,0xff,0xff,0xff,0x40,0xbf,0xff,0xf0,0xff,
0xff,0xff,0xf4,0x0f,0xff,0xff,0x2e,0x0b,0x47,0x8b,0x40,0xe5,0x79,0x43,0xd0,0xf0,0x78,0xb4,0x1e,0x07,
0x80,0xb8,0x1e,0x0b,0x4f,0x42,0xd0,0x78,0x1f,0x42,0xd0,0xf0,0xf4,0x3c,0x07,0x83,0xe0,0x3c,0x1e,0x0f,
0x41,0x80,0x78,0x18,0x0b,0x81,0xe0,0xf0,0x00,0x07,0x81,0x00,0xf0,0x2d,0x0f,0x00,0x00,0x7e,0xf4,0x1e,
0x07,0xc0,0xf0,0x00,0x1b,0xff,0x43,0xd0,0xb8,0x1f,0x01,0x6f,0xfe,0x40,0xb8,0x0f,0x41,0xf0,0x2f,0xfb,
0x80,0x1f,0x01,0xe0,0x1e,0x02,0xe4,0x78,0x07,0xd0,0x2d,0x01,0xe0,0x00,0x07,0x81,0xf8,0x07,0xc0,0x2e,
0x00,0x00,0x78,0x1e,0x00,0xb8,0x02,0xd0,0x00,0x07,0x80,0x00,0x1f,0x00,0x3d,0x00,0x00,0x78,0x00,0x03,
0xd0,0x03,0xd0,0x00,0x07,0x80,0x00,0xb8,0x00,0x7c,0x00,0x00,0x78,0x00,0x2f,0x00,0x0b,0xc0,0x00,0x07,
0x80,0x0b,0xd0,0x41,0xf8,0x00,0x00,0x78,0x02,0xf4,0x0f,0xff,0x00,0x00,0x07,0x80,0x05,0x00,0xbf,0x90,
0x00,0x00,0x14,0x00,0x00,0x00,0x00,0x00,0x00,0x00,0x00,0x05,0x00,0x00,0x00,0x00,0x00,0x24,0x00,0xf4,
0x00,0x00,0x00,0x00,0x07,0xd0,0x0f,0x40,0x00,0x00,0x00,0x00,0xbc,0x00,0xf4,0x00,0x00,0x00,0x00,0x0f,
0x80,0x0f,0x40,0x00,0x00,0x00,0x01,0xf4,0x00,0xf4,0x00,0x00,0x00,0x00,0x2f,0x55,0x5f,0x55,0x55,0x54,
0x00,0x03,0xff,0xff,0xff,0xff,0xff,0xc0,0x00,0xbf,0xff,0xff,0xff,0xff,0xfc,0x00,0x0f,0x40,0x00,0xf4,
0x00,0x00,0x00,0x02,0xf0,0x00,0x0f,0x40,0x00,0x00,0x00,0x7d,0x00,0x00,0xf4,0x00,0x00,0x00,0x0f,0x80,
0x00,0x0f,0x40,0x00,0x00,0x00,0x70,0x00,0x00,0xf4,0x00,0x00,0x00,0x00,0x00,0x00,0x0f,0x40,0x00,0x00,
0x00,0x00,0x00,0x01,0xf4,0x00,0x00,0x00,0x00,0x3f,0xff,0xff,0xff,0xff,0xf0,0x00,0x03,0xff,0xff,0xff,
0xff,0xff,0x00,0x00,0x00,0x00,0x0f,0x40,0x00,0x00,0x00,0x00,0x00,0x00,0xf4,0x00,0x00,0x00,0x00,0x00,
0x00,0x0f,0x40,0x00,0x00,0x00,0x00,0x00,0x00,0xf4,0x00,0x00,0x00,0x00,0x00,0x00,0x0f,0x40,0x00,0x00,
0x00,0x00,0x00,0x00,0xf4,0x00,0x00,0x00,0x00,0x00,0x00,0x0f,0x40,0x00,0x00,0x00,0x00,0x00,0x00,0xf4,
0x00,0x00,0x00,0x1f,0xff,0xff,0xff,0xff,0xff,0xff,0x41,0xff,0xff,0xff,0xff,0xff,0xff,0xf4,0x05,0x55,
0x55,0x55,0x55,0x55,0x55,0x00,0x00,0x7f,0xff,0xff,0xff,0xff,0xf8,0x00,0x07,0xff,0xff,0xff,0xff,0xff,
0x80,0x00,0x79,0x55,0x5f,0x55,0x55,0xb8,0x00,0x07,0x80,0x00,0xf4,0x00,0x0b,0x80,0x00,0x78,0x00,0x0f,
0x40,0x00,0xb8,0x00,0x07,0x80,0x00,0xf4,0x00,0x0b,0x80,0x00,0x78,0x00,0x0f,0x40,0x00,0xb8,0x00,0x07,
0xff,0xff,0xff,0xff,0xff,0x80,0x00,0x7f,0xff,0xff,0xff,0xff,0xf8,0x00,0x07,0x80,0x00,0xf4,0x00,0x0b,
0x80,0x00,0x78,0x00,0x0f,0x40,0x00,0xb8,0x00,0x07,0x80,0x00,0xf4,0x00,0x0b,0x80,0x00,0x78,0x00,0x0f,
0x40,0x00,0xb8,0x00,0x07,0x80,0x00,0xf4,0x00,0x0b,0x80,0x00,0xb8,0x00,0x0f,0x40,0x00,0xb8,0x00,0x0b,
0xff,0xff,0xff,0xff,0xff,0x80,0x00,0xbf,0xff,0xff,0xff,0xff,0xf8,0x00,0x0f,0x40,0x00,0xf4,0x00,0x0b,
0x80,0x00,0xf4,0x00,0x0f,0x40,0x00,0xb8,0x00,0x1f,0x00,0x00,0xf4,0x00,0x0b,0x80,0x02,0xe0,0x00,0x0f,
0x40,0x00,0xb8,0x00,0x3d,0x00,0x00,0xf4,0x00,0x0b,0x80,0x07,0xc0,0x00,0x0f,0x40,0x00,0xb8,0x00,0xf8,
0x00,0x00,0xf4,0x00,0x0b,0x80,0x2f,0x00,0x00,0x0f,0x43,0xff,0xf4,0x01,0xd0,0x00,0x00,0xf4,0x2f,0xf9,
0x00,0x00,0x00,0x00,0x00,0x00,0x00,0x00,0x00,0x00,0x00,0x00,0x00,0x00,0x5a,0x40,0x00,0x00,0x00,0x15,
0x6a,0xff,0xfc,0x00,0x01,0xaf,0xff,0xff,0xff,0xa9,0x00,0x00,0x1f,0xfe,0xaa,0xf5,0x01,0x50,0x00,0x00,
0x07,0x80,0x1f,0x00,0x3e,0x00,0x00,0x00,0x7d,0x01,0xf0,0x07,0xd0,0x00,0x00,0x02,0xf0,0x1f,0x00,0xf8,
0x00,0x00,0x00,0x0f,0x41,0xf0,0x1e,0x00,0x00,0x0f,0xff,0xff,0xff,0xff,0xff,0xff,0x41,0xff,0xff,0xff,
0xff,0xff,0xff,0xf4,0x00,0x00,0x03,0xff,0xbc,0x00,0x00,0x00,0x00,0x01,0xf9,0xf2,0xf4,0x00,0x00,0x00,
0x00,0x7e,0x1f,0x0b,0xe0,0x00,0x00,0x00,0x2f,0x81,0xf0,0x2f,0xd0,0x00,0x00,0x1f,0xd0,0x1f,0x00,0x7f,
0x90,0x00,0x1b,0xe0,0x01,0xa0,0x00,0xbf,0x90,0x1f,0xfe,0xaa,0xaa,0xaa,0xab,0xff,0x81,0xf9,0xff,0xff,
0xff,0xff,0xf9,0xb0,0x04,0x1e,0x00,0x0f,0x00,0x07,0x80,0x00,0x01,0xe0,0x00,0xf0,0x00,0x78,0x00,0x00,
0x1e,0x00,0x0f,0x00,0x07,0x80,0x00,0x01,0xff,0xff,0xff,0xff,0xf8,0x00,0x00,0x1f,0xaa,0xaf,0xaa,0xab,
0x80,0x00,0x01,0xe0,0x00,0xf0,0x00,0x78,0x00,0x00,0x1e,0x00,0x0f,0x00,0x07,0x80,0x00,0x01,0xfa,0xaa,
0xfa,0xaa,0xf8,0x00,0x00,0x1f,0xff,0xff,0xff,0xff,0x80,0x00,0x01,0xe0,0x00,0x00,0x00,0x78,0x00,0x00,
0x04,0x00,0x00,0x00,0x00,0x00,0x00,0x00,0x00,0x00,0x00,0x10,0x00,0x00,0x00,0x00,0x00,0x00,0x1f,0x40,
0x00,0x00,0x00,0x00,0x00,0x00,0xf8,0x00,0x00,0x00,0x00,0x00,0x00,0x07,0xc0,0x00,0x00,0x00,0x0f,0xff,
0xff,0xff,0xff,0xff,0x80,0x00,0xff,0xff,0xff,0xff,0xff,0xf8,0x00,0x0f,0x40,0x00,0x00,0x00,0x00,0x01,
0xd0,0xf4,0x00,0x00,0x00,0x00,0x00,0x1f,0x0f,0x40,0x00,0x00,0x00,0x00,0x00,0xb4,0xf4,0x00,0x00,0x00,
0x00,0x00,0x07,0x8f,0x4f,0xff,0xff,0xff,0xff,0x00,0x3c,0xf4,0xff,0xff,0xff,0xff,0xf0,0x02,0xdf,0x40,
0x00,0x0f,0x00,0x00,0x00,0x14,0xf4,0x00,0x00,0xf0,0x00,0x00,0x00,0x0f,0x00,0x00,0x0f,0x00,0x00,0x00,
0x00,0xf0,0x15,0x00,0xf0,0x00,0x00,0x00,0x1f,0x02,0xd0,0x0f,0x00,0x00,0x00,0x1b,0xf0,0x2d,0x00,0xff,
0xff,0xd0,0x1f,0xff,0x02,0xd0,0x0f,0xff,0xfd,0x02,0xf5,0xe0,0x2d,0x00,0xf0,0x00,0x00,0x18,0x2e,0x02,
0xd0,0x0f,0x00,0x00,0x00,0x03,0xd0,0x2d,0x00,0xf0,0x00,0x00,0x00,0x7c,0x02,0xd0,0x0f,0x00,0x00,0x00,
0x0b,0x80,0x2d,0x00,0xf0,0x00,0x00,0x00,0xf4,0x02,0xd0,0x0f,0x00,0x00,0x00,0x1f,0x00,0x2d,0x00,0xf0,
0x00,0x00,0x07,0xd1,0xff,0xff,0xff,0xff,0xff,0x80,0xfc,0x1f,0xff,0xff,0xff,0xff,0xf8,0x07,0x40,0x00,
0x00,0x00,0x00,0x00,0x00,0x00,0x00,0x00,0x00,0x00,0x00,0x00,0x00,0x00,0x00,0x10,0x00,0x00,0x00,0x00,
0x00,0x00,0x03,0xf0,0x00,0x00,0x00,0x00,0x00,0x00,0x7e,0x00,0x00,0x00,0x00,0x00,0x00,0x07,0xc0,0x00,
0x00,0x00,0x00,0x00,0x00,0xf8,0x00,0x00,0x00,0x00,0x05,0x55,0x5f,0x95,0x55,0x55,0x00,0x00,0xbf,0xff,
0xff,0xff,0xff,0xe0,0x00,0x0b,0xff,0xff,0xff,0xff,0xfe,0x00,0x00,0xb8,0x00,0x00,0x00,0x02,0xe0,0x00,
0x0b,0x80,0x00,0x00,0x00,0x2e,0x00,0x00,0xb8,0x00,0x00,0x00,0x02,0xe0,0x00,0x0b,0x80,0x00,0x00,0x00,
0x2e,0x00,0x00,0xb8,0x00,0x00,0x00,0x02,0xe0,0x00,0x0b,0x80,0x00,0x00,0x00,0x2e,0x00,0x00,0xb8,0x00,
0x00,0x00,0x02,0xe0,0x00,0x0b,0xff,0xff,0xff,0xff,0xfe,0x00,0x00,0xbf,0xff,0xff,0xff,0xff,0xe0,0x00,
0x0b,0x95,0x55,0x55,0x55,0x6e,0x00,0x00,0xb8,0x00,0x00,0x00,0x02,0xe0,0x00,0x0b,0x80,0x00,0x00,0x00,
0x2e,0x00,0x00,0xb8,0x00,0x00,0x00,0x02,0xe0,0x00,0x0b,0x80,0x00,0x00,0x00,0x2e,0x00,0x00,0xb8,0x00,
0x00,0x00,0x02,0xe0,0x00,0x0b,0x80,0x00,0x00,0x00,0x2e,0x00,0x00,0xb9,0x55,0x55,0x55,0x56,0xe0,0x00,
0x0b,0xff,0xff,0xff,0xff,0xfe,0x00,0x00,0xbf,0xff,0xff,0xff,0xff,0xe0,0x00,0x0b,0x80,0x00,0x00,0x00,
0x2e,0x00,0x00,0xb8,0x00,0x00,0x00,0x02,0xe0,0x00,0x05,0x00,0x00,0x00,0x00,0x00,0x00,0x00,0x00,0x00,
0x00,0x04,0x00,0x00,0x00,0x00,0x3d,0x00,0x01,0xf0,0x00,0x00,0x00,0x03,0xd0,0x00,0x2e,0x00,0x00,0x00,
0x00,0x7c,0x00,0x02,0xd0,0x00,0x00,0x00,0x0b,0x80,0x00,0x3d,0x00,0x00,0x00,0x00,0xf4,0x00,0x07,0xc0,
0x00,0x00,0x07,0xff,0xff,0xc0,0xbf,0xff,0xff,0x00,0x7f,0xff,0xfc,0x1f,0xff,0xff,0xe0,0x07,0x80,0x03,
0xc2,0xe0,0x00,0x1e,0x00,0x78,0x00,0x3c,0x7d,0x00,0x01,0xe0,0x07,0x80,0x03,0xcb,0x80,0x00,0x1e,0x00,
0x78,0x00,0x3e,0xf4,0x00,0x01,0xe0,0x07,0x80,0x03,0xca,0x04,0x00,0x1e,0x00,0x78,0x00,0x3c,0x07,0xc0,
0x02,0xe0,0x07,0xff,0xff,0xc0,0x2e,0x00,0x2e,0x00,0x7f,0xff,0xfc,0x00,0xf8,0x02,0xd0,0x07,0x80,0x03,
0xc0,0x07,0xd0,0x2d,0x00,0x78,0x00,0x3c,0x00,0x2f,0x02,0xd0,0x07,0x80,0x03,0xc0,0x00,0xf4,0x2d,0x00,
0x78,0x00,0x3c,0x00,0x0b,0x83,0xd0,0x07,0x80,0x03,0xc0,0x00,0x20,0x3d,0x00,0x78,0x00,0x3c,0x00,0x00,
0x03,0xc0,0x07,0x80,0x03,0xc0,0x00,0x00,0x3c,0x00,0x78,0x00,0x3c,0x00,0x00,0x07,0xc0,0x07,0xff,0xff,
0xc0,0x00,0x00,0xb8,0x00,0x7f,0xff,0xfc,0x00,0x00,0x0b,0x80,0x07,0x80,0x00,0x00,0x05,0x01,0xf4,0x00,
0x78,0x00,0x00,0x00,0xbf,0xff,0x00,0x05,0x40,0x00,0x00,0x07,0xff,0x80,0x00,0x00,0x00,0x00,0x00,0x00,
0x00,0x00,0x00,0x00,0x00,0x00,0x00,0x00,0x00,0x00,0x00,0x1f,0x00,0x00,0x0b,0x40,0x00,0x00,0x00,0xf8,
0x00,0x01,0xf0,0x00,0x00,0x00,0x07,0xc0,0x00,0x2e,0x00,0x00,0x00,0x00,0x2d,0x00,0x07,0xc0,0x00,0x00,
0x2f,0xff,0xff,0xff,0xff,0xff,0x80,0x02,0xff,0xff,0xff,0xff,0xff,0xf8,0x00,0x00,0x00,0x01,0xf0,0x00,
0x00,0x00,0x00,0x00,0x00,0x1f,0x00,0x00,0x00,0x00,0x06,0xaa,0xaa,0xfa,0xaa,0xa9,0x00,0x00,0x7f,0xff,
0xff,0xff,0xff,0xd0,0x00,0x00,0x00,0x01,0xf0,0x00,0x00,0x00,0x00,0x00,0x00,0x1f,0x00,0x00,0x00,0x00,
0x00,0x00,0x01,0xf0,0x00,0x00,0x00,0x0a,0xaa,0xaa,0xbf,0xea,0xaa,0xaa,0x00,0xff,0xff,0xff,0xff,0xff,
0xff,0xf0,0x00,0x00,0x00,0x00,0x00,0x00,0x00,0x00,0x00,0x00,0x00,0x00,0x00,0x00,0x00,0x00,0x7f,0xff,
0xff,0xff,0xff,0xe0,0x00,0x07,0xff,0xff,0xff,0xff,0xfe,0x00,0x00,0x78,0x07,0xc0,0x3c,0x02,0xe0,0x00,
0x07,0x80,0x7c,0x03,0xc0,0x2e,0x00,0x00,0x78,0x07,0xc0,0x3c,0x02,0xe0,0x00,0x07,0x80,0x7c,0x03,0xc0,
0x2e,0x00,0x00,0x78,0x07,0xc0,0x3c,0x02,0xe0,0x00,0x07,0x80,0x7c,0x03,0xc0,0x2e,0x00,0x2f,0xff,0xff,
0xff,0xff,0xff,0xff,0x82,0xff,0xff,0xff,0xff,0xff,0xff,0xf8,0x00,0x00,0x00,0x00,0x00,0x00,0x00,0x00,
0x00,0x00,0x00,0x05,0x00,0x00,0x00,0x00,0x00,0x00,0x01,0xf0,0x00,0x00,0x00,0x00,0x00,0x00,0x3e,0x00,
0x00,0x00,0x00,0x00,0xbf,0xff,0xff,0xff,0xf4,0x00,0x00,0x0b,0xff,0xff,0xff,0xff,0x40,0x00,0x00,0xb8,
0x01,0x00,0x00,0xb4,0x00,0x00,0x0b,0x80,0xb8,0x00,0x0b,0x40,0x00,0x00,0xb8,0x06,0xf4,0x00,0xb4,0x00,
0x00,0x0b,0x80,0x07,0xd0,0x0b,0x40,0x00,0x00,0xb8,0x00,0x18,0x00,0xb4,0x00,0x1f,0xff,0xff,0xff,0xff,
0xff,0xff,0x81,0xff,0xff,0xff,0xff,0xff,0xff,0xf8,0x00,0x0f,0x00,0x50,0x00,0x0b,0x40,0x00,0x02,0xf0,
0x0f,0x80,0x00,0xb4,0x00,0x00,0x3d,0x00,0x7f,0x40,0x0b,0x40,0x00,0x0b,0xc0,0x00,0xbd,0x00,0xb4,0x00,
0x02,0xf4,0x00,0x01,0xc7,0xff,0x40,0x00,0x7d,0x00,0x00,0x00,0x3f,0x90,0x00,0x01,0x40,0x00,0x00,0x00,
0x00,0x00,0x00,0x07,0xff,0xff,0xff,0xff,0xfd,0x00,0x00,0x7f,0xff,0xff,0xff,0xff,0xd0,0x00,0x07,0x80,
0x3c,0x03,0xc0,0x3d,0x00,0x00,0x78,0x03,0xc0,0x3c,0x03,0xd0,0x00,0x07,0x80,0x3c,0x03,0xc0,0x3d,0x00,
0x00,0x78,0x03,0xc0,0x3c,0x03,0xd0,0x00,0x07,0x80,0x3c,0x03,0xc0,0x3d,0x00,0x2f,0xff,0xff,0xff,0xff,
0xff,0xff,0x82,0xff,0xff,0xff,0xff,0xff,0xff,0xf8,0x00,0x00,0x00,0x00,0x00,0x00,0x00,0x00,0x00,0x00,
0x00,0x00,0x00,0x00,0x00,0x00,0x00,0xb8,0x00,0x00,0x00,0x00,0x00,0x00,0x0b,0x80,0x00,0x00,0x00,0x00,
0x00,0x00,0xb8,0x00,0xbf,0xff,0xff,0xe0,0x00,0x0b,0x80,0x0b,0xff,0xff,0xfe,0x00,0x00,0xb8,0x00,0xb4,
0x00,0x02,0xe0,0x00,0x0b,0x80,0x0b,0x40,0x00,0x2e,0x01,0xff,0xff,0xfc,0xb4,0x00,0x02,0xe0,0x1f,0xff,
0xff,0xcb,0x40,0x00,0x2e,0x00,0x55,0xf9,0x50,0xb4,0x00,0x02,0xe0,0x00,0x1f,0x80,0x0b,0xff,0xff,0xfe,
0x00,0x01,0xf8,0x00,0xbf,0xff,0xff,0xe0,0x00,0x2f,0x80,0x0b,0x40,0x00,0x2e,0x00,0x03,0xfe,0x00,0xb4,
0x00,0x02,0xe0,0x00,0x7f,0xf4,0x0b,0x40,0x00,0x2e,0x00,0x0b,0xbf,0xc0,0xb4,0x00,0x02,0xe0,0x01,0xeb,
0xae,0x0b,0x40,0x00,0x2e,0x00,0x2d,0xb8,0xf8,0xb4,0x00,0x02,0xe0,0x07,0xcb,0x87,0x8b,0xff,0xff,0xfe,
0x00,0xb4,0xb8,0x20,0xbf,0xff,0xff,0xe0,0x1f,0x0b,0x80,0x0b,0x40,0x00,0x2e,0x03,0xd0,0xb8,0x00,0xb4,
0x00,0x02,0xe0,0x28,0x0b,0x80,0x0b,0x40,0x00,0x2e,0x00,0x00,0xb8,0x00,0xb4,0x00,0x02,0xe0,0x00,0x0b,
0x80,0x0b,0x40,0x00,0x2e,0x00,0x00,0xb8,0x00,0xbf,0xff,0xff,0xe0,0x00,0x0b,0x80,0x0b,0xff,0xff,0xfe,
0x00,0x00,0xb8,0x00,0xb4,0x00,0x02,0xe0,0x00,0x0b,0x80,0x0b,0x40,0x00,0x1e,0x00,0x00,0x10,0x00,0x00,
0x00,0x00,0x00,0x00,0x00,0x00,0x04,0x00,0x00,0x00,0x00,0x00,0x00,0x01,0xe0,0x00,0x00,0x00,0x00,0x00,
0x40,0x1e,0x00,0x10,0x00,0x00,0x00,0x1f,0x01,0xe0,0x0b,0x80,0x00,0x00,0x03,0xe0,0x1e,0x00,0x7f,0x00,
0x00,0x00,0xbc,0x01,0xe0,0x01,0xfd,0x00,0x00,0x1f,0x40,0x1e,0x00,0x13,0xf4,0x00,0x07,0xe0,0x01,0xe0,
0x0b,0x8f,0xc0,0x00,0xfc,0x00,0x1e,0x03,0xf4,0x7e,0x00,0x7f,0x00,0x01,0xe1,0xfd,0x01,0xf0,0x06,0xd0,
0x00,0x1f,0xfe,0x00,0x04,0x00,0x00,0x00,0x02,0xff,0x80,0x00,0x00,0x00,0x00,0x16,0xff,0x80,0x00,0x00,
0x00,0x01,0x6f,0xff,0x40,0x00,0x00,0x00,0x1b,0xff,0xff,0xff,0xff,0xff,0x80,0x01,0xff,0xbe,0xaa,0xaa,
0xaa,0xf8,0x00,0x05,0x07,0xc0,0x00,0x00,0x07,0x80,0x00,0x00,0x7c,0x00,0x00,0x00,0x78,0x00,0x00,0x07,
0xff,0xff,0xff,0xff,0x80,0x00,0x00,0x7e,0xaa,0xaa,0xaa,0xb8,0x00,0x00,0x07,0xc0,0x00,0x00,0x07,0x80,
0x00,0x00,0x7c,0x00,0x00,0x00,0x78,0x00,0x00,0x07,0xff,0xff,0xff,0xff,0x80,0x00,0x00,0x7e,0xaa,0xaa,
0xaa,0xb8,0x00,0x00,0x07,0xc0,0x00,0x00,0x07,0x80,0x00,0x00,0x7c,0x00,0x00,0x00,0x78,0x00,0x00,0x07,
0xff,0xff,0xff,0xff,0x80,0x00,0x00,0x7e,0xaa,0xaa,0xaa,0xf8,0x00,0x00,0x07,0xc0,0x00,0x00,0x07,0x80,
0x00,0x00,0x14,0x00,0x00,0x00,0x00,0x00,0x00,0x00,0x00,0x00,0x00,0x00,0x00,0x00,0x00,0x00,0x00,0x05,
0x5a,0xbd,0x00,0x01,0xaa,0xbf,0xff,0xff,0xff,0xa0,0x00,0x0f,0xff,0xff,0xe9,0x54,0x00,0x00,0x00,0x00,
0x00,0xf4,0x00,0x00,0x00,0x00,0x00,0x00,0x1f,0x40,0x00,0x00,0x00,0x00,0xaa,0xab,0xfa,0xaa,0xaa,0xa4,
0x00,0x0f,0xff,0xff,0xff,0xff,0xff,0x40,0x00,0x00,0x07,0xc0,0x00,0x00,0x00,0x00,0x00,0x00,0xb8,0x00,
0x00,0x00,0x00,0x1f,0xff,0xff,0xff,0xff,0xff,0xff,0x41,0xff,0xff,0xff,0xff,0xff,0xff,0xf4,0x00,0x00,
0x7d,0x00,0x00,0x00,0x00,0x00,0x00,0x0f,0x80,0x00,0x00,0x00,0x00,0x00,0x02,0xfe,0xaa,0xaa,0xaa,0x90,
0x00,0x00,0xbf,0xff,0xff,0xff,0xfd,0x00,0x00,0x1f,0xf0,0x00,0x00,0x03,0xd0,0x00,0x07,0xff,0x00,0x00,
0x00,0x3d,0x00,0x01,0xf9,0xfa,0xaa,0xaa,0xab,0xd0,0x00,0xbf,0x1f,0xff,0xff,0xff,0xfd,0x00,0x2f,0x81,
0xf0,0x00,0x00,0x03,0xd0,0x01,0xe0,0x1f,0x00,0x00,0x00,0x3d,0x00,0x04,0x01,0xfa,0xaa,0xaa,0xab,0xd0,
0x00,0x00,0x1f,0xff,0xff,0xff,0xfd,0x00,0x00,0x01,0xf0,0x00,0x00,0x03,0xd0,0x00,0x00,0x1f,0x00,0x00,
0x00,0x3d,0x00,0x00,0x01,0xfa,0xaa,0xaa,0xab,0xd0,0x00,0x00,0x1f,0xff,0xff,0xff,0xfd,0x00,0x00,0x01,
0xf0,0x00,0x00,0x03,0xd0,0x00,0x00,0x05,0x00,0x00,0x00,0x14,0x00,0x0f,0xff,0xff,0xff,0xff,0xff,0xff,
0x00,0xff,0xff,0xff,0xff,0xff,0xff,0xf0,0x05,0x55,0x5b,0xd5,0x55,0x55,0x55,0x00,0x00,0x00,0xf8,0x00,
0x00,0x00,0x00,0x00,0x00,0x1f,0x40,0x00,0x00,0x00,0x00,0x00,0x02,0xf0,0x00,0x00,0x00,0x00,0x00,0x00,
0x3e,0x00,0x00,0x00,0x00,0x00,0x00,0x0b,0xc0,0x00,0x00,0x00,0x00,0x00,0x00,0xf8,0x00,0x00,0x00,0x00,
0x00,0x00,0x2f,0x00,0x00,0x00,0x00,0x00,0x00,0x03,0xe0,0x00,0x00,0x00,0x00,0x00,0x00,0xbf,0xff,0xff,
0xff,0xff,0x40,0x00,0x2f,0xff,0xff,0xff,0xff,0xf4,0x00,0x07,0xfe,0x00,0x00,0x00,0x0f,0x40,0x00,0xfe,
0xe0,0x00,0x00,0x00,0xf4,0x00,0x7f,0x6e,0x00,0x00,0x00,0x0f,0x40,0x1f,0xd2,0xe0,0x00,0x00,0x00,0xf4,
0x03,0xf4,0x2e,0x00,0x00,0x00,0x0f,0x40,0x1d,0x02,0xe0,0x00,0x00,0x00,0xf4,0x00,0x00,0x2e,0x00,0x00,
0x00,0x0f,0x40,0x00,0x02,0xe0,0x00,0x00,0x00,0xf4,0x00,0x00,0x2e,0x00,0x00,0x00,0x1f,0x40,0x00,0x02,
0xff,0xff,0xff,0xff,0xf4,0x00,0x00,0x2f,0xff,0xff,0xff,0xff,0x40,0x00,0x02,0xe0,0x00,0x00,0x00,0xf4,
0x00,0x00,0x2e,0x00,0x00,0x00,0x0f,0x40,0x00,0x00,0x40,0x00,0x00,0x00,0x50,0x00,0x00,0x00,0x00,0x00,
0x01,0x40,0x00,0x00,0x00,0x00,0x00,0x00,0x3d,0x00,0x00,0x1f,0xff,0xff,0x80,0x03,0xd0,0x00,0x01,0xff,
0xff,0xf8,0x00,0x3d,0x00,0x00,0x00,0x2e,0x00,0x00,0x03,0xd0,0x00,0x00,0x02,0xd0,0x00,0x10,0x3d,0x09,
0x00,0x00,0x3c,0x00,0x07,0xc3,0xd1,0xf0,0x00,0x07,0xc0,0x00,0x78,0x3d,0x0f,0x40,0x00,0x78,0x00,0x0b,
0x83,0xd0,0xb8,0x00,0x0b,0x40,0x00,0xb4,0x3d,0x03,0xd0,0x00,0xf0,0x00,0x0f,0x03,0xd0,0x2e,0x00,0x1e,
0x00,0x01,0xf0,0x3d,0x01,0xf0,0x03,0xff,0xfe,0x1e,0x03,0xd0,0x0f,0x40,0x7f,0xff,0xe2,0xd0,0x3d,0x00,
0xb8,0x0f,0xf0,0x1e,0x3c,0x03,0xd0,0x05,0x02,0xff,0x01,0xe2,0x80,0x3d,0x00,0x00,0x3e,0xf0,0x1e,0x00,
0x03,0xd0,0x38,0x02,0x8f,0x01,0xe0,0x00,0x3d,0x0b,0x80,0x10,0xf0,0x1e,0x00,0x03,0xd0,0xf4,0x00,0x0f,
0x01,0xe0,0x00,0x29,0x2e,0x00,0x00,0xf0,0x1e,0x00,0x00,0x07,0xd0,0x00,0x0f,0x01,0xe0,0x00,0x01,0xf8,
0x00,0x00,0xf0,0x1e,0x00,0x00,0x7e,0x00,0x00,0x0f,0xff,0xe0,0x00,0x2f,0x80,0x00,0x00,0xff,0xfe,0x00,
0x1f,0xe0,0x00,0x00,0x0f,0x00,0x00,0x1f,0xf8,0x00,0x00,0x00,0xf0,0x00,0x6f,0xf9,0x00,0x00,0x00,0x0a,
0x00,0x1f,0xf9,0x00,0x00,0x00,0x00,0x00,0x00,0xa4,0x00,0x00,0x00,0x00,0x00,0x00,0x00,0x00,0x00,0x00,
0x00,0x00,0x00,0x00,0x00,0x50,0x00,0x00,0x00,0x00,0x00,0x00,0x0f,0x40,0x00,0x00,0x1f,0xff,0xfe,0x01,
0xf0,0x00,0x00,0x01,0xff,0xff,0xe0,0x2f,0xff,0xf4,0x00,0x00,0x3d,0x00,0x07,0xff,0xff,0xc0,0x00,0x03,
0xc0,0x00,0xb8,0x00,0xf4,0x00,0x00,0x7c,0x00,0x1f,0x00,0x2e,0x00,0x00,0x07,0x80,0x03,0xe0,0x07,0xd0,
0x00,0x00,0xb4,0x00,0xbc,0x00,0xb8,0x00,0x00,0x0f,0x00,0x1f,0xff,0xff,0xff,0xe0,0x01,0xf0,0x07,0xff,
0xff,0xff,0xfe,0x00,0x2e,0x00,0x2a,0xd0,0x2d,0x01,0xe0,0x03,0xff,0xf8,0x2d,0x02,0xd0,0x1e,0x00,0x7f,
0xff,0x82,0xd0,0x2d,0x01,0xe0,0x0b,0xe0,0x38,0x2f,0xab,0xfa,0xbe,0x01,0xfe,0x03,0x82,0xff,0xff,0xff,
0xe0,0x2f,0xe0,0x38,0x2d,0x02,0xd0,0x1e,0x01,0xde,0x03,0x82,0xd0,0x2d,0x01,0xe0,0x05,0xe0,0x38,0x2d,
0x02,0xd0,0x1e,0x00,0x1e,0x03,0x82,0xd0,0x2d,0x01,0xe0,0x01,0xe0,0x38,0x3f,0xff,0xff,0xfe,0x00,0x1e,
0x03,0x83,0xff,0xff,0xff,0xe0,0x01,0xe0,0x38,0x7c,0x02,0xd0,0x1e,0x00,0x1f,0xff,0x8b,0x80,0x2d,0x01,
0xe0,0x01,0xff,0xf8,0xf4,0x02,0xd0,0x1e,0x00,0x1e,0x00,0x1f,0x00,0x2d,0x01,0xe0,0x01,0xe0,0x03,0xe0,
0x02,0xd0,0x1e,0x00,0x19,0x00,0xbc,0x00,0x2d,0xbf,0xe0,0x00,0x00,0x07,0x40,0x00,0x07,0xf8,0x00,0x00,
0x00,0x00,0x00,0x00,0x00,0x00,0x00,0x00,0x00,0x04,0x00,0x00,0x00,0x00,0x00,0x00,0x02,0xd0,0x00,0x00,
0x00,0x00,0x00,0x00,0x2e,0x00,0x00,0x00,0x00,0x00,0x00,0x01,0xf0,0x00,0x00,0x00,0x0f,0xff,0xff,0xff,
0xff,0xff,0xff,0x00,0xff,0xff,0xff,0xff,0xff,0xff,0xf0,0x00,0x00,0x04,0x00,0x05,0x00,0x00,0x00,0x03,
0xd1,0xf8,0x02,0xe0,0x7c,0x00,0x00,0x3d,0x02,0xf9,0xf4,0x07,0xc0,0x00,0x03,0xd0,0x02,0xfd,0x00,0x7c,
0x00,0x00,0x3d,0x02,0xf9,0xf9,0x07,0xc0,0x00,0x03,0xd2,0xf9,0x01,0xf8,0x7c,0x00,0x00,0x3d,0x18,0x00,
0x01,0x47,0xc0,0x00,0x03,0xfa,0xaa,0xaa,0xaa,0xfc,0x00,0x00,0x3f,0xff,0xff,0xff,0xff,0xc0,0x00,0x00,
0x00,0x01,0xf4,0x00,0x00,0x00,0x00,0x00,0x00,0x2f,0x00,0x00,0x00,0x00,0x00,0x00,0x03,0xd0,0x00,0x00,
0x00,0x02,0xff,0xff,0xff,0xff,0xff,0xfc,0x00,0x2f,0xff,0xff,0xff,0xff,0xff,0xc0,0x02,0xd0,0x02,0xe0,
0x08,0x00,0x7c,0x00,0x2d,0x00,0x7c,0x02,0xe0,0x07,0xc0,0x02,0xd0,0x1f,0x40,0x0b,0x40,0x7c,0x00,0x2d,
0x07,0xe5,0xab,0xfd,0x07,0xc0,0x02,0xd0,0xbf,0xff,0xfa,0xe0,0x7c,0x00,0x2d,0x07,0xa5,0x40,0x0a,0x07,
0xc0,0x02,0xd0,0x00,0x00,0x00,0x00,0x7c,0x00,0x2d,0x00,0x00,0x00,0x06,0xaf,0x80,0x02,0xd0,0x00,0x00,
0x00,0x7f,0xe0,0x00,0x00,0x00,0x00,0x00,0x00,0x00,0x00,0x00,0x00,0x00,0x04,0x00,0x00,0x00,0x00,0x00,
0x00,0x03,0xd0,0x00,0x00,0x00,0x00,0x00,0x00,0x2f,0x00,0x00,0x00,0x00,0x00,0x00,0x01,0xf4,0x00,0x00,
0x00,0x00,0x00,0x00,0x0f,0x80,0x00,0x00,0x00,0xbf,0xff,0xff,0xff,0xff,0xff,0xe0,0x0b,0xff,0xff,0xff,
0xff,0xff,0xfe,0x00,0xb4,0x00,0x00,0x00,0x00,0x02,0xe0,0x0b,0x40,0x00,0x00,0x00,0x00,0x2e,0x00,0xb4,
0x00,0x74,0x01,0xe0,0x02,0xe0,0x0b,0x40,0x2f,0x80,0x2f,0xe0,0x2e,0x00,0x64,0x1f,0xd0,0x00,0x6f,0xd0,
0x00,0x00,0x1f,0xe0,0x00,0x00,0x6f,0xd0,0x00,0x1f,0xf4,0x00,0x00,0x00,0x7f,0x80,0x03,0xf4,0x00,0x00,
0x00,0x00,0xbc,0x00,0x18,0x00,0x00,0x00,0x00,0x01,0x40,0x00,0x2f,0xff,0xff,0xff,0xff,0x80,0x00,0x02,
0xff,0xff,0xff,0xff,0xf8,0x00,0x00,0x00,0x00,0x1f,0x00,0x00,0x00,0x00,0x00,0x00,0x01,0xf0,0x00,0x00,
0x00,0x00,0x00,0x00,0x1f,0x00,0x00,0x00,0x00,0x00,0x00,0x01,0xf0,0x00,0x00,0x00,0x00,0x00,0x00,0x1f,
0x00,0x00,0x00,0x00,0x00,0x00,0x01,0xf0,0x00,0x00,0x00,0x00,0x00,0x00,0x1f,0x00,0x00,0x00,0x00,0x00,
0x00,0x01,0xf0,0x00,0x00,0x00,0x0b,0xff,0xff,0xff,0xff,0xff,0xfe,0x00,0xbf,0xff,0xff,0xff,0xff,0xff,
0xe0,0x00,0x00,0x00,0x00,0x00,0x00,0x00,0x00,0x00,0x04,0x00,0x00,0x04,0x00,0x00,0x00,0x00,0xf4,0x00,
0x01,0xf0,0x00,0x00,0x00,0x2e,0x00,0x00,0x3e,0x00,0x00,0x00,0x03,0xfa,0xaa,0x87,0xea,0xaa,0xa4,0x00,
0xbf,0xff,0xfd,0xbf,0xff,0xff,0x40,0x1f,0x0b,0x80,0x1f,0x43,0xd0,0x00,0x07,0xd0,0x7c,0x03,0xe0,0x1f,
0x00,0x01,0xf8,0x02,0xd0,0xbc,0x00,0xb8,0x00,0x0a,0x00,0x14,0x02,0x40,0x05,0x00,0x00,0x0f,0xff,0xff,
0xff,0xff,0xff,0x00,0x00,0xff,0xff,0xff,0xff,0xff,0xf0,0x00,0x00,0x00,0x01,0xf0,0x00,0x0f,0x00,0x00,
0x00,0x00,0x1f,0x00,0x00,0xf0,0x00,0x00,0x00,0x01,0xf0,0x00,0x0f,0x00,0x00,0x3f,0xff,0xff,0xff,0xff,
0xf0,0x00,0x03,0xff,0xff,0xff,0xff,0xff,0x00,0x00,0x7c,0x00,0x1f,0x00,0x00,0x00,0x00,0x07,0x80,0x01,
0xf0,0x00,0x00,0x00,0x00,0xb8,0x00,0x1f,0x00,0x00,0x00,0x00,0x0b,0xff,0xff,0xff,0xff,0xff,0xc0,0x00,
0xff,0xff,0xff,0xff,0xff,0xfc,0x00,0x00,0x00,0x2f,0xf0,0x00,0x07,0x80,0x00,0x00,0x0b,0xef,0x00,0x00,
0xb8,0x00,0x00,0x02,0xf5,0xf0,0x00,0x0b,0x80,0x00,0x01,0xfd,0x1f,0x00,0x00,0xf4,0x00,0x00,0xbf,0x01,
0xf0,0x00,0x1f,0x40,0x00,0x7f,0x80,0x1f,0x02,0xff,0xe0,0x00,0xbf,0xd0,0x01,0xf0,0x1f,0xf8,0x00,0x03,
0xd0,0x00,0x1f,0x00,0x00,0x00,0x00,0x00,0x00,0x00,0x50,0x00,0x00,0x00,0x00,0x00,0x00,0x00,0x00,0x00,
0x00,0x00,0x01,0xe0,0x00,0x01,0xe0,0x00,0x00,0x00,0x3e,0x00,0x00,0x3e,0x00,0x00,0x00,0x07,0xd0,0x00,
0x07,0xd0,0x00,0x00,0x00,0xbf,0xff,0xf8,0xbf,0xff,0xff,0x40,0x1f,0xff,0xff,0x9f,0xff,0xff,0xf4,0x03,
0xe0,0xf0,0x03,0xe0,0xbc,0x00,0x00,0xbc,0x0b,0x80,0x7c,0x03,0xe0,0x00,0x2f,0x40,0x3c,0x06,0x40,0x1f,
0x00,0x00,0x50,0x01,0x42,0xf4,0x00,0x90,0x00,0x00,0x00,0x00,0x7f,0xd0,0x00,0x00,0x00,0x00,0x00,0x2f,
0xaf,0x80,0x00,0x00,0x00,0x00,0x1f,0xd0,0x7f,0x40,0x00,0x00,0x00,0x07,0xf4,0x01,0xbe,0x40,0x00,0x00,
0x07,0xf8,0x00,0x01,0xff,0x40,0x00,0x07,0xff,0xff,0xff,0xfe,0xff,0x90,0x1b,0xfd,0x3f,0xff,0xff,0xd2,
0xff,0x81,0xfd,0x00,0x00,0x00,0x00,0x02,0xf4,0x05,0x00,0x00,0x00,0x00,0x00,0x01,0x00,0x00,0xbf,0xff,
0xff,0xff,0xe0,0x00,0x00,0x0b,0xff,0xff,0xff,0xfe,0x00,0x00,0x00,0xb8,0x00,0x00,0x01,0xe0,0x00,0x00,
0x0b,0x80,0x00,0x00,0x1e,0x00,0x00,0x00,0xb8,0x00,0x00,0x01,0xe0,0x00,0x00,0x0b,0x80,0x00,0x00,0x1e,
0x00,0x00,0x00,0xb8,0x00,0x00,0x01,0xe0,0x00,0x00,0x0b,0xff,0xff,0xff,0xfe,0x00,0x00,0x00,0xbf,0xff,
0xff,0xff,0xe0,0x00,0x00,0x0b,0x80,0x00,0x00,0x1e,0x00,0x00,0x00,0x50,0x00,0x00,0x00,0x00,0x00,0x00,
0x04,0x00,0x00,0x04,0x00,0x00,0x00,0x01,0xf0,0x00,0x02,0xe0,0x00,0x00,0x00,0x2e,0x00,0x00,0x3d,0x00,
0x00,0x00,0x07,0xea,0xaa,0x4b,0xea,0xaa,0xa4,0x00,0xff,0xff,0xf8,0xff,0xff,0xff,0x40,0x2f,0x0b,0x80,
0x2f,0x07,0xd0,0x00,0x0b,0xd0,0x7c,0x0b,0xd0,0x1f,0x00,0x01,0xf4,0x02,0xd0,0x74,0x00,0xb4,0x00,0x01,
0x00,0x00,0x00,0x00,0x00,0x00,0x00,0x00,0x0f,0x1f,0xff,0xff,0xff,0xf4,0x01,0x40,0xf1,0xff,0xff,0xff,
0xff,0x40,0x3c,0x0f,0x00,0x00,0x7c,0x00,0x00,0x03,0xc0,0xf0,0x00,0x07,0xc0,0x00,0x00,0x3c,0x0f,0x00,
0x00,0x7c,0x00,0x00,0x03,0xc0,0xf0,0x7f,0xff,0xff,0xfc,0x00,0x3c,0x0f,0x07,0xff,0xff,0xff,0xc0,0x03,
0xc0,0xf0,0x7c,0x07,0xc0,0x3c,0x00,0x3c,0x1e,0x07,0xc0,0x7c,0x03,0xc0,0x03,0xc1,0xe0,0x7c,0x07,0xc0,
0x3c,0x00,0x3c,0x1e,0x07,0xc0,0x7c,0x03,0xc0,0x01,0x42,0xd0,0x7c,0x07,0xc0,0x3c,0x00,0x00,0x3d,0x07,
0xc0,0x7c,0x03,0xc0,0x00,0x07,0xc0,0x7c,0x07,0xc0,0x3c,0x00,0x00,0xb8,0x07,0xc0,0x7c,0x03,0xc0,0x00,
0x1f,0x40,0x7c,0x07,0xcb,0xfc,0x00,0x03,0xe0,0x07,0xc0,0x7c,0x7e,0x40,0x00,0xbc,0x00,0x00,0x07,0xc0,
0x00,0x00,0x2f,0x40,0x00,0x00,0x7c,0x00,0x00,0x01,0xd0,0x00,0x00,0x07,0xc0,0x00,0x00,0x00,0x00,0x00,
0x00,0x00,0x00,0x00,0x00,0x14,0x00,0x00,0x14,0x00,0x00,0x00,0x03,0xd0,0x00,0x07,0xc0,0x00,0x00,0x00,
0x7c,0x00,0x00,0xb8,0x00,0x00,0x00,0x0b,0xff,0xff,0x5f,0xff,0xff,0xf0,0x01,0xff,0xff,0xf7,0xff,0xff,
0xff,0x00,0x2e,0x2e,0x00,0xf8,0x0b,0x80,0x00,0x07,0xc0,0xf4,0x0b,0x00,0x3d,0x00,0x01,0xf4,0x0b,0x80,
0xb8,0x02,0xf0,0x00,0x2e,0x00,0x78,0x2f,0x80,0x0f,0x40,0x00,0x40,0x00,0x0f,0xfe,0x00,0x00,0x00,0x00,
0x00,0x07,0xe0,0xbd,0x00,0x00,0x00,0x00,0x02,0xf8,0x02,0xf9,0x00,0x00,0x00,0x02,0xfd,0x00,0x07,0xf9,
0x00,0x00,0x06,0xfe,0x00,0x00,0x0b,0xf9,0x00,0x06,0xfe,0x7f,0xff,0xff,0xcb,0xfe,0x42,0xfe,0x47,0xff,
0xff,0xfc,0x0b,0xf4,0x09,0x00,0x00,0x00,0x00,0x00,0x05,0x00,0x00,0x00,0x01,0x80,0x00,0x50,0x00,0x00,
0x1d,0x00,0x3d,0x00,0x0b,0x80,0x00,0x01,0xf0,0x01,0xe0,0x01,0xf0,0x00,0x00,0x0b,0x80,0x0f,0x40,0x2e,
0x00,0x00,0x00,0x3d,0x00,0xb8,0x07,0xc0,0x00,0x00,0x01,0xf0,0x07,0xc0,0xb8,0x00,0x00,0x00,0x0f,0x40,
0x28,0x1f,0x00,0x00,0x00,0x00,0x50,0x00,0x03,0xd0,0x00,0x00,0x00,0x00,0x00,0x00,0xbc,0x00,0x00,0x0f,
0xff,0xff,0xff,0xff,0xff,0xff,0x00,0xff,0xff,0xff,0xff,0xff,0xff,0xf0,0x00,0x00,0x00,0x00,0x00,0x00,
0x00,0x00,0x00,0x10,0x00,0x00,0x10,0x00,0x00,0x00,0x03,0xd0,0x00,0x07,0xd0,0x00,0x00,0x00,0xbc,0x00,
0x00,0xb8,0x00,0x00,0x00,0x0f,0xff,0xff,0x9f,0xff,0xff,0xf4,0x02,0xff,0xff,0xfb,0xff,0xff,0xff,0x00,
0xbc,0x2e,0x00,0xbc,0x0b,0xc0,0x00,0x1f,0x40,0xf4,0x2f,0x40,0x3e,0x00,0x01,0xe0,0x0a,0x40,0xa0,0x01,
0xd0,0x00,0x04,0x2f,0xff,0xff,0xff,0xff,0xd0,0x00,0x02,0xea,0xaa,0xaa,0xaa,0xbd,0x00,0x00,0x2e,0x00,
0x00,0x00,0x03,0xd0,0x00,0x02,0xff,0xff,0xff,0xff,0xfd,0x00,0x00,0x2e,0x55,0x55,0x55,0x5b,0xd0,0x00,
0x02,0xe0,0x00,0x00,0x00,0x3d,0x00,0x00,0x2e,0x55,0x55,0x55,0x57,0xd0,0x00,0x02,0xff,0xff,0xff,0xff,
0xfd,0x00,0x00,0x2e,0x00,0x00,0x00,0x03,0xd0,0x00,0x02,0xe0,0x00,0x00,0x00,0x3d,0x00,0x00,0x2f,0xff,
0xff,0xff,0xff,0xd0,0x00,0x01,0xab,0xea,0xaa,0xbe,0xa8,0x00,0x00,0x00,0x2e,0x00,0x02,0xe0,0x00,0x00,
0x00,0x02,0xe0,0x00,0x2e,0x00,0x00,0x1f,0xff,0xff,0xff,0xff,0xff,0xff,0x41,0xff,0xff,0xff,0xff,0xff,
0xff,0xf4,0x00,0x00,0xbc,0x00,0x02,0xe0,0x00,0x00,0x00,0x2f,0x40,0x00,0x2e,0x00,0x00,0x00,0x6f,0xd0,
0x00,0x02,0xe0,0x00,0x00,0x7f,0xe0,0x00,0x00,0x2e,0x00,0x00,0x03,0xe4,0x00,0x00,0x02,0xe0,0x00,0x00,
0x00,0x00,0x00,0x00,0x04,0x00,0x00,0x00,0x00,0x00,0x05,0x00,0x00,0x00,0x00,0x00,0x00,0x01,0xf0,0x00,
0x00,0x00,0x00,0x10,0x00,0x1f,0x00,0x00,0x50,0x00,0x1f,0x40,0x01,0xf0,0x00,0x1f,0x80,0x00,0xf8,0x00,
0x1f,0x00,0x02,0xf0,0x00,0x07,0xe0,0x01,0xf0,0x00,0x7e,0x00,0x00,0x2f,0x00,0x1f,0x00,0x0b,0xc0,0x00,
0x00,0xf8,0x01,0xf0,0x01,0xf4,0x00,0x00,0x07,0xd0,0x1f,0x00,0x3e,0x00,0x00,0x00,0x3e,0x01,0xf0,0x0b,
0xc0,0x00,0x00,0x01,0x40,0x1f,0x00,0x74,0x00,0x00,0x00,0x00,0x01,0xf0,0x00,0x00,0x00,0x05,0x55,0x55,
0x5f,0x55,0x55,0x55,0x01,0xff,0xff,0xff,0xff,0xff,0xff,0xf4,0x1f,0xff,0xff,0xff,0xff,0xff,0xff,0x40,
0x00,0x00,0x1f,0xff,0x40,0x00,0x00,0x00,0x00,0x03,0xef,0xbc,0x00,0x00,0x00,0x00,0x00,0xb9,0xf2,0xe0,
0x00,0x00,0x00,0x00,0x2f,0x5f,0x1f,0x80,0x00,0x00,0x00,0x07,0xd1,0xf0,0x7e,0x00,0x00,0x00,0x01,0xf8,
0x1f,0x02,0xf4,0x00,0x00,0x00,0x7e,0x01,0xf0,0x0b,0xd0,0x00,0x00,0x1f,0xc0,0x1f,0x00,0x2f,0x80,0x00,
0x0b,0xf0,0x01,0xf0,0x00,0xbe,0x00,0x02,0xf8,0x00,0x1f,0x00,0x02,0xfd,0x01,0xfe,0x00,0x01,0xf0,0x00,
0x0b,0xf8,0x1f,0x80,0x00,0x1f,0x00,0x00,0x1f,0x40,0x90,0x00,0x01,0xf0,0x00,0x00,0x10,0x00,0x00,0x00,
0x1f,0x00,0x00,0x00,0x00,0x00,0x00,0x00,0x50,0x00,0x00,0x00,0x00,0x00,0x00,0x05,0x00,0x00,0x00,0x00,
0x00,0x10,0x01,0xf0,0x00,0x50,0x00,0x00,0x1f,0x40,0x1f,0x00,0x1f,0x40,0x00,0x00,0xbc,0x01,0xf0,0x03,
0xe0,0x00,0x00,0x02,0xe0,0x1f,0x00,0xbc,0x00,0x00,0x00,0x1f,0x41,0xf0,0x1f,0x00,0x00,0x00,0x00,0x90,
0x1f,0x00,0x50,0x00,0x00,0xff,0xff,0xff,0xff,0xff,0xff,0xf0,0x0f,0xff,0xff,0xff,0xff,0xff,0xff,0x00,
0x00,0x00,0x2f,0xff,0x40,0x00,0x00,0x00,0x00,0x0b,0xdf,0xbf,0x40,0x00,0x00,0x00,0x07,0xf5,0xf1,0xbf,
0x40,0x00,0x00,0x02,0xf8,0x1f,0x01,0xbf,0x40,0x00,0x06,0xfe,0x01,0xf0,0x01,0xfe,0x40,0x0b,0xfe,0x00,
0x1f,0x00,0x01,0xfe,0x00,0xbe,0x40,0x00,0x50,0x00,0x02,0xd0,0x01,0x00,0x00,0x1f,0x00,0x00,0x04,0x00,
0x00,0x00,0x01,0xf0,0x00,0x00,0x00,0x00,0x00,0x00,0x2e,0x00,0x00,0x00,0x00,0xff,0xff,0xff,0xff,0xff,
0xff,0xf0,0x0f,0xff,0xff,0xff,0xff,0xff,0xff,0x00,0x00,0x00,0x0f,0xbe,0x00,0x00,0x00,0x00,0x00,0x02,
0xf5,0xf4,0x00,0x00,0x00,0x00,0x00,0x7e,0x0b,0xd0,0x00,0x00,0x00,0x00,0x2f,0xc0,0x2f,0x80,0x00,0x00,
0x00,0x6f,0xe0,0x00,0xbf,0x90,0x00,0x01,0xbf,0xf8,0x00,0x01,0xff,0xe5,0x01,0xff,0xf8,0x00,0x00,0x01,
0xff,0xf8,0x0b,0xa4,0x00,0x00,0x00,0x01,0xaf,0x00,0x00,0x00,0x00,0x00,0x00,0x00,0x00,0x00,0x05,0x00,
0x00,0x00,0x00,0x00,0x00,0x00,0xf0,0x00,0x01,0x40,0x90,0x00,0x00,0x0f,0x00,0x00,0x7c,0x1f,0x00,0x01,
0xd0,0xf0,0xb4,0x07,0x80,0xf0,0x00,0x0e,0x0f,0x0f,0x40,0xb8,0x0b,0x40,0x00,0xf0,0xf0,0xf0,0x0f,0x40,
0xb8,0x00,0x0b,0x4f,0x1e,0x01,0xf0,0x07,0xc0,0x00,0x74,0xf2,0xc0,0x2e,0x00,0x2e,0x00,0x07,0x8f,0x38,
0x03,0xd0,0x01,0xf0,0x00,0x38,0xf7,0x40,0xb8,0x00,0x0f,0x80,0x00,0x0f,0x00,0x1f,0x00,0x00,0x7d,0x00,
0x00,0xf0,0x03,0xd0,0x00,0x02,0xf4,0x2f,0xff,0xff,0xb8,0x00,0x00,0x0f,0x82,0xff,0xff,0xf7,0xff,0xff,
0xff,0x60,0x00,0x2f,0x00,0x1f,0xff,0xff,0xf4,0x00,0x07,0xf4,0x00,0x02,0xe0,0x0f,0x40,0x00,0xbf,0xc0,
0x00,0x2d,0x00,0xf4,0x00,0x0f,0xff,0x00,0x03,0xd0,0x0f,0x00,0x01,0xef,0xb8,0x00,0x3c,0x00,0xf0,0x00,
0x3d,0xf2,0xe0,0x07,0xc0,0x1f,0x00,0x07,0x8f,0x1f,0x00,0xb8,0x01,0xf0,0x00,0xf4,0xf0,0x90,0x0f,0x40,
0x1f,0x00,0x2e,0x0f,0x00,0x01,0xf0,0x01,0xe0,0x02,0xd0,0xf0,0x00,0x3e,0x00,0x2e,0x00,0x18,0x0f,0x00,
0x0b,0xc0,0x02,0xe0,0x00,0x00,0xf0,0x01,0xf4,0x00,0x3d,0x00,0x00,0x0f,0x00,0x7e,0x00,0x07,0xd0,0x00,
0x00,0xf0,0x1f,0x80,0x3f,0xfc,0x00,0x00,0x0f,0x00,0xa0,0x02,0xfe,0x00,0x00,0x00,0x50,0x00,0x00,0x00,
0x00,0x00,0x00,0x00,0x00,0x10,0x00,0x00,0x00,0x00,0x00,0x00,0x0b,0x80,0x00,0x00,0x00,0x00,0x00,0x01,
0xf0,0x00,0x00,0x00,0x00,0x0b,0xff,0xff,0xff,0xff,0xfd,0x00,0x00,0xba,0xaa,0xaa,0xaa,0xab,0xd0,0x00,
0x0b,0x42,0x80,0xe0,0x28,0x2d,0x00,0x00,0xb4,0x1f,0x0e,0x0b,0x42,0xd0,0x00,0x0b,0x40,0x74,0xe2,0xc0,
0x2d,0x00,0x00,0xb5,0xff,0xff,0xff,0xf2,0xd0,0x00,0x0b,0x45,0x5b,0xf5,0x55,0x2d,0x00,0x00,0xb4,0x02,
0xee,0x79,0x02,0xd0,0x00,0x0b,0x46,0xf8,0xe1,0xf8,0x2d,0x00,0x00,0xb5,0xf9,0x0e,0x01,0xe2,0xd0,0x00,
0x0b,0x44,0x00,0x50,0x00,0x2d,0x00,0x00,0xbf,0xff,0xff,0xff,0xff,0xd0,0x00,0x06,0xaa,0xaa,0xaa,0xaa,
0xa9,0x00,0x00,0x00,0x00,0x00,0x00,0x00,0x00,0x01,0xaa,0xaa,0xaa,0xaa,0xaa,0xaa,0xa0,0x1f,0xff,0xff,
0xff,0xff,0xff,0xff,0x40,0x00,0x2e,0x00,0x00,0x00,0x00,0x00,0x00,0x03,0xd0,0x00,0x00,0x00,0x00,0x00,
0x00,0x7c,0x00,0x00,0x00,0x00,0x00,0x00,0x0b,0xff,0xff,0xff,0xff,0x80,0x00,0x00,0xaa,0xaa,0xaa,0xaa,
0xf8,0x00,0x00,0x00,0x00,0x00,0x00,0x0b,0x40,0x00,0x00,0x00,0x00,0x00,0x00,0xf4,0x00,0x00,0x00,0x00,
0x00,0x00,0x1f,0x00,0x00,0x00,0x00,0x00,0x1e,0xab,0xe0,0x00,0x00,0x00,0x00,0x00,0xff,0xf8,0x00,0x00,
0x00,0x00,0x00,0x00,0x00,0x00,0x00,0x00,0x00,0x00,0x09,0x00,0x00,0x00,0x01,0xff,0xfc,0x01,0xe0,0x0f,
0xff,0xf0,0x1f,0xff,0xc4,0x1e,0x04,0xff,0xff,0x00,0x00,0x7c,0xe1,0xe1,0xe0,0x00,0xf0,0x00,0x07,0xcf,
0x1e,0x1d,0x00,0x0f,0x00,0x00,0x7c,0xb1,0xe2,0xd0,0x00,0xf0,0x00,0x07,0xc7,0x5e,0x3c,0x00,0x0f,0x00,
0x00,0x7c,0x75,0xe3,0x80,0x00,0xf0,0x0f,0xff,0xc3,0x9e,0x74,0x7f,0xff,0x00,0xff,0xfc,0x15,0xe5,0x07,
0xff,0xf0,0x0e,0x00,0x00,0x1e,0x00,0x74,0x00,0x00,0xe0,0x01,0xff,0xff,0xdb,0x40,0x00,0x1e,0x00,0x1f,
0xff,0xfd,0xb4,0x00,0x01,0xd0,0x00,0x03,0xf4,0x0b,0x00,0x00,0x1f,0xff,0xc0,0x7f,0xc0,0xff,0xff,0x02,
0xff,0xfc,0x0f,0xee,0x0f,0xff,0xf0,0x00,0x03,0xc1,0xee,0xb4,0x00,0x0f,0x00,0x00,0x7c,0x2d,0xe7,0x80,
0x00,0xf0,0x00,0x07,0x87,0x9e,0x2d,0x00,0x0f,0x00,0x00,0x78,0xb5,0xe1,0xe0,0x01,0xf0,0x00,0x07,0x9f,
0x1e,0x0d,0x00,0x1f,0x00,0x00,0x7b,0xd1,0xe0,0x40,0x01,0xe0,0x00,0x07,0xbc,0x1e,0x00,0x00,0x1e,0x00,
0x00,0xba,0x41,0xe0,0x00,0x01,0xe0,0x00,0x0b,0x40,0x1e,0x00,0x00,0x2d,0x00,0x01,0xf4,0x01,0xe0,0x00,
0x03,0xd0,0x0f,0xff,0x00,0x1e,0x00,0x7f,0xfc,0x00,0xbf,0x90,0x01,0xe0,0x02,0xfe,0x40,0x00,0x00,0x00,
0x00,0x00,0x00,0x00,0x00,0x00,0x00,0x40,0x00,0x00,0x00,0x50,0x00,0x00,0x1f,0x00,0x00,0x00,0x0f,0x40,
0x00,0x03,0xe0,0x00,0x00,0x00,0xf4,0x00,0x00,0x7c,0x00,0x1e,0x00,0x0f,0x40,0x00,0x0f,0x80,0x02,0xe0,
0x00,0xf4,0x00,0x02,0xf0,0x00,0x2e,0x00,0x0f,0x40,0x00,0x7d,0x00,0x02,0xe0,0x00,0xf4,0x00,0x0f,0x80,
0x74,0x2e,0x00,0x0f,0x40,0x02,0xf0,0x0f,0x82,0xe0,0x00,0xf4,0x00,0x7d,0x02,0xf0,0x2e,0x00,0x0f,0x40,
0x1f,0xef,0xfd,0x02,0xe0,0x00,0xf4,0x01,0xff,0xff,0x80,0x2e,0x00,0x0f,0x40,0x0a,0x57,0xe0,0x02,0xe0,
0x00,0xf4,0x00,0x00,0xbc,0x00,0x2e,0x00,0x0f,0x40,0x00,0x2f,0x00,0x02,0xe0,0x00,0xf4,0x00,0x0b,0xd0,
0x00,0x2e,0x00,0x0f,0x40,0x02,0xf4,0x5a,0x82,0xe0,0x00,0xf4,0x00,0xbf,0xff,0xfc,0x2e,0x00,0x1f,0x40,
0x1f,0xff,0xa5,0x02,0xe1,0xaf,0xf4,0x00,0xe5,0x00,0x00,0x3f,0xff,0xff,0x40,0x00,0x00,0x00,0x0f,0xff,
0x90,0xf4,0x00,0x00,0x00,0x00,0xb9,0x00,0x0f,0x40,0x00,0x00,0x5a,0x80,0x00,0x00,0xf4,0x00,0x16,0xff,
0xf8,0x00,0x00,0x0f,0x40,0x2f,0xff,0xe9,0x00,0x00,0x00,0xf4,0x01,0xfa,0x50,0x00,0x00,0x00,0x0f,0x40,
0x04,0x00,0x00,0x00,0x00,0x00,0xf4,0x00,0x00,0x00,0x00,0x00,0x00,0x0f,0x40,0x00,0x0a,0x00,0x0a,0x40,
0x1a,0x00,0x00,0x00,0xf8,0x00,0xf4,0x01,0xf0,0x00,0x00,0x1f,0x00,0x0f,0x40,0x1f,0x00,0x00,0x02,0xe0,
0x00,0xf4,0x01,0xf0,0x00,0x00,0x7c,0x00,0x0f,0x40,0x1f,0x00,0x00,0x0b,0x80,0x00,0xf4,0x01,0xf0,0x00,
0x01,0xf0,0x10,0x0f,0x40,0x1f,0x00,0x00,0x2e,0x07,0xc0,0xf4,0x01,0xe0,0x00,0x07,0xc0,0xb8,0x0f,0x00,
0x1e,0x00,0x00,0xf4,0x5f,0x00,0xf0,0x02,0xe0,0x00,0x2f,0xff,0xd0,0x1f,0x00,0x2e,0x00,0x02,0xfe,0xf8,
0x01,0xf0,0x02,0xf0,0x00,0x04,0x1f,0x40,0x1f,0x00,0x3f,0x00,0x00,0x03,0xd0,0x02,0xf0,0x03,0xf4,0x00,
0x00,0xb8,0x00,0x2f,0x40,0x3f,0x40,0x00,0x1f,0x00,0x02,0xfc,0x07,0xf8,0x00,0x07,0xea,0xf4,0x3f,0xe0,
0xbf,0xc0,0x01,0xff,0xff,0x47,0xdf,0x4b,0xbc,0x00,0x1f,0xe5,0x00,0x7c,0xb8,0xf6,0xd0,0x00,0x50,0x00,
0x0b,0x83,0xef,0x1e,0x00,0x00,0x00,0x00,0xf4,0x12,0xe0,0xf0,0x00,0x00,0x06,0x5f,0x00,0x7d,0x0b,0x40,
0x00,0x6f,0xfb,0xe0,0x0b,0xc0,0x7c,0x01,0xbf,0xf9,0x7d,0x01,0xf4,0x03,0xd0,0x2f,0xe4,0x0f,0x80,0x3f,
0x00,0x2f,0x41,0x90,0x02,0xf4,0x0f,0xd0,0x00,0xf8,0x00,0x00,0x1e,0x00,0xb4,0x00,0x07,0x00,0x00,0x00,
0x40,0x01,0x00,0x00,0x00,0x00,0x00,0x00,0x00,0x05,0x00,0x00,0x00,0x00,0x34,0x00,0x01,0xe0,0x80,0x00,
0x00,0x07,0xc0,0x00,0x1e,0x2f,0x80,0x00,0x00,0xf8,0x00,0x01,0xe0,0x7f,0x40,0x00,0x1f,0x00,0x00,0x1e,
0x00,0xb4,0x00,0x02,0xe0,0x00,0x01,0xe0,0x01,0x00,0x00,0x7c,0x00,0x00,0x1e,0x05,0xac,0x00,0x0b,0x80,
0x40,0x06,0xff,0xff,0xd0,0x01,0xf0,0x2e,0x2f,0xff,0xfe,0x94,0x00,0x2d,0x03,0xd2,0xfa,0xf4,0x00,0x00,
0x0b,0x81,0xb8,0x10,0x0f,0x00,0x00,0x01,0xff,0xff,0x40,0x00,0xf4,0x00,0x00,0x1f,0xff,0xe0,0x00,0x0f,
0x41,0x6b,0x00,0x94,0xbc,0x00,0x00,0xfb,0xff,0xf4,0x00,0x1f,0x40,0x16,0xff,0xff,0xa4,0x00,0x03,0xd0,
0x0b,0xff,0xf9,0x00,0x00,0x00,0xb8,0x00,0x79,0x47,0x80,0x0a,0x00,0x2f,0x16,0x90,0x00,0x7c,0x02,0xf0,
0x0b,0xff,0xfd,0x00,0x03,0xc0,0x7d,0x01,0xff,0xe9,0x40,0x00,0x3d,0x1f,0x80,0x0e,0x90,0x00,0x00,0x02,
0xe7,0xe0,0x00,0x00,0x00,0x00,0x00,0x1f,0xf8,0x00,0x00,0x00,0x05,0x00,0x00,0xfe,0x00,0x00,0x00,0x1b,
0xe0,0x00,0x7f,0x80,0x00,0x01,0xbf,0xfd,0x00,0x6f,0xfc,0x03,0x41,0xff,0xe4,0x00,0x6f,0xe3,0xe0,0x38,
0x0f,0x90,0x00,0xbf,0xe0,0x1f,0x87,0x80,0x40,0x00,0x0f,0xe4,0x00,0xbf,0xf4,0x00,0x00,0x00,0x50,0x00,
0x01,0xfe,0x00,0x00,0x00,0x00,0x00,0x00,0x00,0x00,0x00,0x01,0x00,0x00,0x00,0x00,0x00,0x00,0x00,0x78,
0x00,0x00,0x00,0x00,0x00,0x00,0x0b,0x80,0x7f,0xff,0xff,0xf4,0x00,0x01,0xf4,0x07,0xff,0xff,0xff,0x40,
0x00,0x2e,0x00,0x00,0x00,0x07,0xe0,0x00,0x03,0xd0,0x00,0x00,0x00,0xbc,0x00,0x00,0xb8,0x00,0x00,0x00,
0x2f,0x40,0x00,0x1f,0x00,0x80,0x00,0x0b,0xe0,0x00,0x02,0xe0,0x2f,0x00,0x02,0xf8,0x00,0x00,0x7c,0x07,
0xd0,0x00,0xbf,0x00,0x00,0x0f,0x45,0xb8,0x00,0x7f,0xfd,0x00,0x02,0xff,0xff,0x40,0x2f,0xdb,0xfd,0x00,
0x2f,0xff,0xe0,0x2f,0xe4,0x0b,0xfd,0x01,0x94,0xbc,0x2f,0xf8,0x00,0x0b,0xf8,0x00,0x1f,0x42,0xf8,0x00,
0x00,0x1f,0x40,0x03,0xe0,0x08,0x00,0x00,0x00,0x10,0x00,0xb8,0x00,0x00,0x00,0x00,0x00,0x00,0x2f,0x05,
0x93,0xff,0xff,0xff,0xd0,0x0b,0xff,0xfd,0x3f,0xff,0xff,0xfd,0x02,0xff,0xfa,0x40,0x00,0x3c,0x00,0x00,
0x1e,0x90,0x00,0x00,0x03,0xc0,0x00,0x00,0x00,0x00,0x00,0x00,0x3c,0x00,0x00,0x00,0x00,0x00,0x00,0x03,
0xc0,0x00,0x00,0x00,0x5b,0xd0,0x00,0x3c,0x00,0x00,0x06,0xbf,0xf9,0x00,0x03,0xc0,0x00,0x02,0xff,0xa4,
0x00,0x00,0x3c,0x00,0x00,0x2e,0x40,0x03,0xff,0xff,0xff,0xff,0x80,0x00,0x00,0x3f,0xff,0xff,0xff,0xf8,
0x00,0x00,0x00,0x00,0x00,0x00,0x00,0x00,0x00,0x00,0x00,0x00,0x01,0x40,0x00,0x00,0x00,0xa4,0x00,0x00,
0x3d,0x00,0x00,0x00,0x0f,0x80,0x00,0x03,0xd0,0x00,0x00,0x01,0xf4,0x00,0x00,0x3d,0x00,0x00,0x00,0x2e,
0x00,0x00,0x03,0xd0,0x00,0x00,0x07,0xd0,0x0b,0xff,0xff,0xff,0xf4,0x00,0xb8,0x00,0xbf,0xff,0xff,0xff,
0x40,0x1f,0x40,0x41,0x55,0x7e,0x55,0x50,0x02,0xe0,0x2e,0x00,0x03,0xd0,0x00,0x00,0x7c,0x07,0xd0,0x00,
0x3d,0x00,0x00,0x1f,0x45,0xb8,0x00,0x03,0xd0,0x00,0x03,0xff,0xff,0x40,0x00,0x3d,0x00,0x00,0x2f,0xff,
0xe0,0x3f,0xff,0xff,0xfe,0x01,0x40,0xb8,0x03,0xff,0xff,0xff,0xe0,0x00,0x2f,0x00,0x15,0x55,0x55,0x54,
0x00,0x07,0xd0,0x00,0x00,0x00,0x00,0x00,0x00,0xf4,0x00,0x00,0x00,0x00,0x00,0x00,0x3e,0x16,0xb1,0xff,
0xff,0xff,0xc0,0x1f,0xff,0xff,0x1f,0xff,0xff,0xfc,0x02,0xff,0xf9,0x41,0xf0,0x00,0x07,0xc0,0x1e,0x50,
0x00,0x1f,0x00,0x00,0x7c,0x00,0x00,0x00,0x01,0xf0,0x00,0x07,0xc0,0x00,0x00,0x00,0x1f,0x00,0x00,0x7c,
0x00,0x00,0x06,0xb1,0xf0,0x00,0x07,0xc0,0x01,0x6f,0xff,0x1f,0x00,0x00,0x7c,0x02,0xff,0xfe,0x91,0xf0,
0x00,0x07,0xc0,0x2f,0xe9,0x00,0x1f,0xff,0xff,0xfc,0x01,0x50,0x00,0x01,0xff,0xff,0xff,0xc0,0x00,0x00,
0x00,0x1f,0x00,0x00,0x7c,0x00,0x00,0x00,0x00,0x50,0x00,0x01,0x40,0x02,0xff,0xff,0xff,0xff,0xff,0xf8,
0x00,0x2f,0xff,0xff,0xff,0xff,0xff,0x80,0x02,0xd0,0x0b,0x40,0x2d,0x00,0xb8,0x00,0x2d,0x00,0xb4,0x02,
0xd0,0x0b,0x80,0x02,0xd0,0x0b,0x40,0x2d,0x00,0xb8,0x00,0x2d,0x00,0xb4,0x02,0xd0,0x0b,0x80,0x02,0xd0,
0x0b,0x40,0x2d,0x00,0xb8,0x00,0x2f,0xff,0xff,0xff,0xff,0xff,0x80,0x02,0xff,0xff,0xff,0xff,0xff,0xf8,
0x00,0x00,0x00,0x3d,0x00,0x00,0x00,0x00,0x00,0x00,0x0b,0xc0,0x00,0x00,0x00,0x00,0x00,0x02,0xf4,0x00,
0x00,0x00,0x00,0x00,0x00,0xbf,0xff,0xff,0xff,0x80,0x00,0x00,0x2f,0xff,0xff,0xff,0xfc,0x00,0x00,0x1f,
0xd0,0x00,0x00,0x1f,0x80,0x00,0x1b,0xf0,0x00,0x00,0x03,0xf0,0x00,0x03,0xf8,0x1e,0x00,0x00,0xbd,0x00,
0x00,0x19,0x01,0xf8,0x00,0x1f,0x80,0x00,0x00,0x00,0x07,0xe0,0x07,0xe0,0x00,0x00,0x00,0x00,0x1f,0x82,
0xf8,0x00,0x00,0x00,0x00,0x00,0x7e,0xbe,0x00,0x00,0x00,0x00,0x00,0x01,0xff,0x40,0x00,0x00,0x00,0x00,
0x01,0xbf,0x90,0x00,0x00,0x00,0x00,0x02,0xff,0xd0,0x00,0x00,0x00,0x00,0x5b,0xff,0x90,0x00,0x00,0x00,
0x00,0x7f,0xff,0x90,0x00,0x00,0x00,0x00,0x02,0xf9,0x00,0x00,0x00,0x00,0x00,0x00,0x00,0x00,0x00,0x00,
0x00,0x00,0x00,0x01,0xff,0xff,0xff,0xff,0xff,0xfc,0x00,0x1f,0xaa,0xfa,0xaa,0xea,0xab,0xc0,0x01,0xe0,
0x0b,0x40,0x2e,0x00,0x7c,0x00,0x1e,0x00,0xb4,0x02,0xe0,0x07,0xc0,0x01,0xfa,0xaf,0xaa,0xbe,0xaa,0xbc,
0x00,0x1f,0xff,0xff,0xff,0xff,0xff,0xc0,0x00,0x00,0x00,0x1f,0x00,0x00,0x00,0x00,0x00,0x00,0x02,0xe0,
0x00,0x00,0x00,0x0f,0xff,0xff,0xff,0xff,0xff,0xfe,0x00,0xaa,0xaa,0xab,0xfa,0xaa,0xaa,0xa0,0x00,0x00,
0x00,0x3c,0x00,0x00,0x00,0x00,0x00,0xaa,0xab,0xea,0xaa,0xa0,0x00,0x00,0x1f,0xff,0xff,0xff,0xff,0x40,
0x00,0x01,0xf0,0x00,0x00,0x00,0xf4,0x00,0x00,0x1f,0x00,0x00,0x00,0x0f,0x40,0x00,0x01,0xff,0xff,0xff,
0xff,0xf4,0x00,0x00,0x1f,0x55,0x55,0x55,0x5f,0x40,0x00,0x01,0xf0,0x00,0x00,0x00,0xf4,0x00,0x00,0x1f,
0xff,0xff,0xff,0xff,0x40,0x00,0x01,0xf5,0x55,0x55,0x55,0xf4,0x00,0x00,0x1f,0x00,0x00,0x00,0x0f,0x40,
0x00,0x01,0xff,0xff,0xff,0xff,0xf4,0x00,0x00,0x1f,0x55,0x55,0x55,0x5f,0x40,0x00,0x01,0xf0,0x00,0x00,
0x00,0xf4,0x00,0x1a,0xaf,0xaa,0xaa,0xaa,0xaf,0xaa,0x41,0xff,0xff,0xff,0xff,0xff,0xff,0xf4,0x00,0x00,
0x00,0x00,0x00,0x10,0x00,0x00,0x00,0x2d,0x00,0x00,0x03,0xd0,0x00,0x00,0x01,0xf0,0x00,0x00,0xbc,0x00,
0x00,0x00,0x0f,0x80,0x00,0x0f,0x80,0x00,0x00,0x00,0x7d,0x00,0x01,0xf0,0x00,0x00,0x00,0x03,0x90,0x00,
0x3d,0x00,0x00,0x02,0xff,0xff,0xff,0xff,0xff,0xfc,0x00,0x2f,0xff,0xff,0xff,0xff,0xff,0xc0,0x00,0x55,
0x55,0x5f,0x55,0x55,0x54,0x00,0x00,0x00,0x01,0xf0,0x00,0x00,0x00,0x00,0x00,0x00,0x1f,0x00,0x00,0x00,
0x00,0x00,0x00,0x01,0xf0,0x00,0x00,0x00,0x00,0x00,0x00,0x1f,0x40,0x00,0x00,0x00,0x07,0xff,0xff,0xff,
0xff,0xfc,0x00,0x00,0x7f,0xff,0xff,0xff,0xff,0xc0,0x00,0x00,0x00,0x01,0xf0,0x00,0x00,0x00,0x00,0x00,
0x00,0x1f,0x00,0x00,0x00,0x00,0x00,0x00,0x01,0xf0,0x00,0x00,0x00,0x00,0x00,0x00,0x1f,0x00,0x00,0x00,
0x00,0x00,0x00,0x01,0xf4,0x00,0x00,0x00,0x1f,0xff,0xff,0xff,0xff,0xff,0xff,0x41,0xff,0xff,0xff,0xff,
0xff,0xff,0xf4,0x00,0x00,0x00,0x1f,0x00,0x00,0x00,0x00,0x00,0x00,0x01,0xf0,0x00,0x00,0x00,0x00,0x00,
0x00,0x1f,0x00,0x00,0x00,0x00,0x00,0x00,0x01,0xf0,0x00,0x00,0x00,0x00,0x00,0x00,0x1f,0x00,0x00,0x00,
0x00,0x00,0x00,0x01,0xf0,0x00,0x00,0x00,0x00,0x00,0x00,0x1f,0x00,0x00,0x00,0x00,0x00,0x00,0x00,0x50,
0x00,0x00,0x00,0x1f,0xff,0xff,0xff,0x00,0x00,0x00,0x01,0xaf,0xaa,0xaf,0xa5,0x55,0x56,0x40,0x00,0xf0,
0x00,0xf0,0xbf,0xff,0xfd,0x00,0x0f,0x55,0x5f,0x00,0x00,0x07,0xc0,0x00,0xff,0xff,0xf0,0x64,0x00,0xf4,
0x00,0x0f,0x00,0x0f,0x0b,0xe4,0x2f,0x00,0x00,0xf0,0x00,0xf0,0x1f,0xeb,0xd0,0x00,0x0f,0xff,0xff,0x00,
0x2f,0xf4,0x00,0x00,0xf9,0x55,0xf0,0x00,0xbf,0x40,0x00,0x0f,0x00,0x0f,0x00,0x7f,0xbe,0x00,0x01,0xf5,
0xaa,0xfe,0x6f,0x91,0xfd,0x02,0xff,0xff,0xaf,0xaf,0xe0,0x02,0xe0,0x19,0x50,0x00,0xf0,0x90,0x16,0x04,
0x00,0x00,0x00,0x55,0x6a,0xff,0xfc,0x00,0x01,0xff,0xff,0xff,0xfe,0x94,0x00,0x00,0x0b,0xea,0xa5,0xf4,
0x00,0x01,0x00,0x00,0x00,0x00,0x0f,0x40,0x01,0xf8,0x00,0x00,0x06,0xf9,0xf8,0x00,0xbe,0x00,0x00,0x6b,
0xfe,0x4f,0xe0,0xbf,0x40,0x01,0xff,0xf9,0x00,0xff,0xbf,0x40,0x00,0x07,0x90,0x01,0x4f,0x7f,0x80,0x00,
0x00,0x00,0x01,0xbf,0xf0,0xbe,0x40,0x00,0x00,0x06,0xff,0x8f,0x01,0xfe,0x40,0x00,0x1b,0xff,0x40,0xf0,
0x02,0xff,0x94,0x2f,0xfe,0x40,0x0f,0x00,0x02,0xff,0xc0,0xb9,0x00,0x00,0xf0,0x00,0x01,0xa4,0x00,0x00,
0x00,0x0f,0x00,0x00,0x00,0x00,0x00,0x00,0x00,0xa0,0x00,0x00,0x00,0x00,0x00,0x00,0x01,0x00,0x00,0x00,
0x00,0x00,0x00,0x00,0xb8,0x00,0x00,0x00,0x00,0x00,0x00,0x0f,0x40,0x00,0x00,0x00,0x00,0x00,0x00,0xf4,
0x00,0x00,0x00,0x00,0x00,0x00,0x0f,0x40,0x00,0x00,0x00,0x3f,0xff,0xff,0xff,0xff,0xff,0xc0,0x03,0xff,
0xff,0xff,0xff,0xff,0xfc,0x00,0x3d,0x55,0x57,0xe5,0x55,0x57,0xc0,0x03,0xc0,0x00,0x7e,0x00,0x00,0x3c,
0x00,0x3c,0x00,0x0b,0xf9,0x00,0x03,0xc0,0x03,0xc0,0x01,0xfb,0xf8,0x00,0x3c,0x00,0x3c,0x00,0x7e,0x0b,
0xf4,0x03,0xc0,0x03,0xc0,0x1f,0xc0,0x1f,0xd0,0x3c,0x00,0x3c,0x0b,0xf4,0x00,0x7f,0x83,0xc0,0x03,0xc7,
0xf8,0x0f,0x40,0xbc,0x3c,0x00,0x3c,0x2d,0x01,0xf0,0x02,0x43,0xc0,0x03,0xc0,0x00,0x2e,0x00,0x00,0x3c,
0x00,0x3c,0x00,0x03,0xe0,0x00,0x03,0xc0,0x03,0xc0,0x00,0x7f,0x80,0x00,0x3c,0x00,0x3c,0x00,0x0f,0xbf,
0x40,0x03,0xc0,0x03,0xc0,0x02,0xf1,0xfd,0x00,0x3c,0x00,0x3c,0x00,0xbd,0x02,0xf8,0x03,0xc0,0x03,0xc0,
0x7f,0x40,0x0b,0xe0,0x3c,0x00,0x3c,0x7f,0xd0,0x00,0x2f,0xc3,0xc0,0x03,0xc3,0xe0,0x00,0x00,0x74,0x3c,
0x00,0x3c,0x10,0x00,0x00,0x01,0x03,0xc0,0x03,0xc0,0x00,0x00,0x00,0x00,0x7c,0x00,0x3c,0x00,0x00,0x00,
0x0f,0xff,0xc0,0x03,0xc0,0x00,0x00,0x00,0xbf,0xf4,0x00,0x14,0x00,0x00,0x00,0x01,0x54,0x00,0x00,0x00,
0x00,0x00,0x00,0x00,0x00,0x00,0x3f,0xff,0x8b,0xff,0xff,0xfe,0x00,0x03,0xff,0xf8,0xbf,0xff,0xff,0xf4,
0x00,0x3c,0x07,0x80,0x00,0x02,0xfc,0x00,0x03,0xc0,0x78,0x00,0x00,0x7e,0x00,0x00,0x3c,0x07,0x80,0x00,
0x2f,0x80,0x00,0x03,0xc0,0x78,0x00,0x0b,0xe0,0x00,0x00,0x3c,0x07,0x80,0x07,0xf4,0x00,0x00,0x03,0xff,
0xf8,0x01,0xfd,0x00,0x00,0x00,0x3f,0xff,0x81,0xbe,0x00,0x00,0x00,0x03,0xc0,0x78,0x7f,0xff,0xff,0xff,
0x40,0x3c,0x07,0x83,0xff,0xff,0xff,0xf0,0x03,0xc0,0x78,0x10,0x3c,0x1f,0x0f,0x00,0x3c,0x07,0x80,0x07,
0x82,0xe0,0xf0,0x03,0xc0,0x78,0x00,0xb4,0x3d,0x1f,0x00,0x3c,0x07,0x80,0x1e,0x07,0xc1,0xe0,0x03,0xff,
0xf8,0x03,0xd0,0xb4,0x1e,0x00,0x7f,0xff,0x80,0xb8,0x0f,0x01,0xe0,0x07,0x80,0x78,0x1f,0x02,0xe0,0x2e,
0x00,0x78,0x07,0x87,0xd0,0x7c,0x02,0xd0,0x07,0x40,0x78,0xf4,0x0b,0x80,0x2d,0x00,0xb4,0x07,0x85,0x01,
0xf0,0x03,0xd0,0x0b,0x40,0x78,0x00,0x7d,0x00,0x3c,0x00,0xf0,0x07,0x80,0x1f,0x40,0x07,0xc0,0x1e,0x00,
0x78,0x07,0xe0,0x00,0xb8,0x02,0xe0,0x07,0x81,0xf8,0x00,0x0f,0x40,0x3d,0x1f,0xf8,0xbe,0x00,0xbf,0xf0,
0x02,0xc0,0xfe,0x07,0x40,0x07,0xf9,0x00,0x00,0x00,0x00,0x00,0x00,0x00,0x00,0x00,0x00,0x00,0x00,0x00,
0x00,0x00,0x00,0x00,0x00,0x00,0x00,0x7c,0x00,0x00,0x00,0x03,0xff,0xf4,0x0b,0x80,0x00,0x00,0x00,0x3f,
0xff,0x40,0xf4,0x00,0x00,0x00,0x03,0xc0,0xb4,0x1f,0x00,0x00,0x00,0x00,0x3c,0x0b,0x42,0xff,0xff,0xff,
0xf4,0x03,0xc0,0xb4,0x7f,0xff,0xff,0xff,0x40,0x3c,0x0b,0x4f,0x80,0x00,0x00,0xb4,0x03,0xc0,0xb6,0xf4,
0x00,0x00,0x0b,0x40,0x3f,0xff,0xfe,0x00,0x05,0x00,0xb4,0x03,0xff,0xff,0xc7,0x40,0xe1,0x4b,0x40,0x3c,
0x0b,0x69,0x38,0x1d,0x38,0xb4,0x03,0xc0,0xb4,0xb1,0xe3,0x83,0x8b,0x40,0x3c,0x0b,0x4b,0x0b,0xb4,0x38,
0xb4,0x03,0xc0,0xb4,0xb0,0x3f,0x03,0x8b,0x40,0x3c,0x0b,0x4b,0x02,0xe0,0x38,0xb4,0x03,0xc0,0xb4,0xb0,
0x3f,0x43,0x8b,0x40,0x3f,0xff,0x4b,0x0b,0xb8,0x38,0xb4,0x07,0xff,0xf4,0xb1,0xe2,0xd3,0x8b,0x40,0x78,
0x0b,0x4b,0x3d,0x0f,0x38,0xb4,0x07,0x80,0xb4,0xbb,0x40,0x7b,0x8b,0x40,0x74,0x0b,0x4b,0x60,0x02,0x38,
0xb4,0x0b,0x40,0xb4,0xb0,0x00,0x03,0x8b,0x40,0xb4,0x0b,0x4b,0xff,0xff,0xf8,0xf4,0x0f,0x00,0xb4,0xbf,
0xff,0xff,0x8f,0x41,0xf0,0x0b,0x40,0x00,0x00,0x00,0xf0,0x2e,0x00,0xb4,0x00,0x00,0x00,0x1f,0x03,0xd2,
0xff,0x40,0x00,0x03,0xff,0xe0,0x18,0x1f,0xe0,0x00,0x00,0x3f,0xf8,0x00,0x00,0x00,0x00,0x00,0x00,0x00,
0x00,0x00,0x00,0x00,0x01,0xf0,0x0b,0x80,0x00,0x2f,0xff,0xc0,0x1f,0x00,0xb8,0x00,0x02,0xff,0xfc,0x01,
0xf0,0x0b,0x80,0x00,0x2c,0x03,0xc0,0x1f,0x00,0xb8,0x00,0x02,0xc0,0x3c,0x7f,0xff,0xff,0xff,0x00,0x2c,
0x03,0xc7,0xff,0xff,0xff,0xf0,0x02,0xc0,0x3c,0x01,0xf0,0x0b,0x80,0x00,0x2c,0x03,0xc0,0x1f,0x00,0xb8,
0x00,0x02,0xff,0xfc,0x01,0xf0,0x0b,0x80,0x00,0x2f,0xff,0xc0,0x1f,0x00,0xb8,0x00,0x02,0xd0,0x3c,0xff,
0xff,0xff,0xff,0xc0,0x2c,0x03,0xcf,0xff,0xff,0xff,0xfc,0x03,0xc0,0x3c,0x00,0x00,0x00,0x00,0x00,0x3c,
0x03,0xc0,0x00,0x00,0x00,0x00,0x03,0xc0,0x3c,0x0b,0xff,0xff,0xf4,0x00,0x3d,0x03,0xc0,0xbf,0xff,0xff,
0x80,0x03,0xff,0xfc,0x0b,0x40,0x00,0xb8,0x00,0x3f,0xff,0xc0,0xb4,0x00,0x0b,0x80,0x03,0xc0,0x3c,0x0b,
0x40,0x00,0xb8,0x00,0x78,0x03,0xc0,0xbe,0xaa,0xaf,0x80,0x07,0x80,0x3c,0x0b,0xff,0xff,0xf8,0x00,0xb8,
0x03,0xc0,0xb4,0x00,0x0b,0x80,0x0b,0x40,0x3c,0x0b,0x40,0x00,0xb8,0x00,0xf4,0x03,0xc0,0xb4,0x00,0x0b,
0x80,0x0f,0x00,0x3c,0x0b,0x40,0x00,0xb8,0x01,0xe0,0x07,0xc0,0xbf,0xff,0xff,0x80,0x2d,0x1f,0xf8,0x0b,
0xff,0xff,0xf8,0x02,0xc0,0xfe,0x40,0xb4,0x00,0x0b,0x80,0x00,0x00,0x00,0x05,0x00,0x00,0x00,0x00,0x00,
0x00,0x00,0x01,0x00,0x00,0x00,0x00,0x00,0x00,0x00,0xf8,0x00,0x00,0x00,0x00,0x00,0x00,0x07,0xc0,0x00,
0x00,0x00,0x1f,0xff,0xff,0xff,0xff,0xff,0xf4,0x01,0xff,0xff,0xff,0xff,0xff,0xff,0x40,0x1f,0x00,0x04,
0x00,0x00,0x10,0x00,0x01,0xf0,0x01,0xe0,0x00,0x0b,0x40,0x00,0x1f,0x00,0x7c,0x00,0x00,0xb4,0x00,0x01,
0xf0,0x1f,0x5f,0xff,0xff,0xff,0x00,0x1f,0x0b,0xe0,0xaa,0xaa,0xfe,0xa0,0x01,0xf2,0xfe,0x02,0x40,0x0b,
0x40,0x00,0x1f,0x3d,0xe0,0x7e,0x00,0xb4,0x00,0x01,0xf0,0x1e,0x00,0xbd,0x0b,0x40,0x00,0x1e,0x01,0xe0,
0x01,0x80,0xb4,0x00,0x01,0xe0,0x1e,0x00,0x02,0xff,0x40,0x00,0x1e,0x00,0xa0,0x07,0x45,0x40,0x00,0x01,
0xe0,0x00,0x00,0xb4,0x00,0x00,0x00,0x1e,0x1f,0xff,0xff,0xff,0xff,0x80,0x02,0xe1,0xfa,0xaa,0xfa,0xaa,
0xb8,0x00,0x2d,0x1e,0x00,0x3e,0x40,0x07,0x80,0x02,0xd1,0xe0,0x1f,0xbf,0x40,0x78,0x00,0x3d,0x1e,0x1b,
0xd0,0x6f,0x87,0x80,0x03,0xc1,0xe3,0xe0,0xb0,0x6d,0x78,0x00,0x78,0x1e,0x00,0x2f,0x00,0x07,0x80,0x0b,
0x81,0xe0,0x0b,0xfe,0x40,0x78,0x00,0xf4,0x1e,0x1b,0xe0,0x7f,0x47,0x80,0x1f,0x01,0xe3,0xe4,0x00,0x78,
0x78,0x02,0xe0,0x1e,0x14,0x00,0x02,0xaf,0x80,0x1d,0x01,0xe0,0x00,0x00,0x3f,0xe0,0x00,0x00,0x00,0x00,
0x00,0x00,0x00,0x00,0x00,0x00,0x00,0x04,0x00,0x00,0x00,0x00,0x00,0x00,0x02,0xf0,0x00,0x00,0x00,0x00,
0x00,0x00,0x2e,0x00,0x00,0x00,0x00,0x00,0x00,0x03,0xd0,0x00,0x00,0x00,0x00,0x00,0x00,0x7c,0x00,0x00,
0x00,0x00,0x03,0xff,0xff,0xff,0xff,0xfe,0x00,0x00,0x3f,0xff,0xff,0xff,0xff,0xe0,0x00,0x03,0xd5,0x55,
0x55,0x55,0x6e,0x00,0x00,0x3c,0x00,0x00,0x00,0x02,0xe0,0x00,0x03,0xc0,0x00,0x00,0x00,0x2e,0x00,0x00,
0x3c,0x00,0x00,0x00,0x02,0xe0,0x00,0x03,0xd0,0x00,0x00,0x00,0x2e,0x00,0x00,0x3f,0xff,0xff,0xff,0xff,
0xe0,0x00,0x03,0xff,0xff,0xff,0xff,0xfe,0x00,0x00,0x3c,0x00,0x00,0x00,0x02,0xe0,0x00,0x03,0xc0,0x00,
0x00,0x00,0x2e,0x00,0x00,0x3c,0x00,0x00,0x00,0x02,0xe0,0x00,0x03,0xc0,0x00,0x00,0x00,0x2e,0x00,0x00,
0x3d,0x00,0x00,0x00,0x02,0xe0,0x00,0x03,0xff,0xff,0xff,0xff,0xfe,0x00,0x00,0x3f,0xff,0xff,0xff,0xff,
0xe0,0x00,0x03,0xc0,0x00,0x00,0x00,0x2e,0x00,0x00,0x3c,0x00,0x00,0x00,0x02,0xe0,0x00,0x03,0xc0,0x00,
0x00,0x00,0x2e,0x00,0x00,0x3c,0x00,0x00,0x00,0x02,0xe0,0x00,0x03,0xff,0xff,0xff,0xff,0xfe,0x00,0x00,
0x3f,0xff,0xff,0xff,0xff,0xe0,0x00,0x03,0xd0,0x00,0x00,0x00,0x2e,0x00,0x00,0x3c,0x00,0x00,0x00,0x02,
0xe0,0x00,0x00,0x00,0x00,0x00,0x00,0x00,0x00,0x00,0x00,0x00,0x00,0x00,0x00,0x00,0x00,0x00,0x07,0x80,
0x00,0x3d,0x00,0x00,0x00,0x00,0x78,0x00,0x03,0xd0,0x00,0x00,0x00,0x07,0xc0,0x00,0x3d,0x00,0x00,0x0f,
0xff,0xff,0xff,0xff,0xff,0xff,0x40,0xff,0xff,0xff,0xff,0xff,0xff,0xf4,0x00,0x00,0x78,0x00,0x03,0xd0,
0x00,0x00,0x00,0x07,0x80,0x00,0x3d,0x00,0x00,0x00,0x0f,0xb8,0x00,0x03,0xd0,0x00,0x00,0x00,0xf4,0x00,
0x00,0x00,0x00,0x00,0x00,0x0f,0x40,0x00,0x00,0x00,0x00,0x00,0x00,0xf0,0x00,0x07,0xff,0xff,0xd0,0x1f,
0xff,0xff,0xf8,0x7f,0xff,0xfd,0x01,0xff,0xff,0xff,0x87,0xc0,0x03,0xd0,0x00,0x1f,0x00,0xb8,0x7c,0x00,
0x3d,0x00,0x01,0xf0,0x0b,0x87,0xc0,0x03,0xd0,0x00,0x1e,0x00,0xb4,0x7c,0x00,0x3d,0x00,0x02,0xe0,0x0b,
0x47,0xc0,0x03,0xd0,0x00,0x2d,0x00,0xb4,0x7c,0x00,0x3d,0x00,0x03,0xd0,0x0b,0x47,0xc0,0x03,0xd0,0x00,
0x3c,0x00,0xf4,0x7c,0x00,0x3d,0x00,0x07,0x80,0x0f,0x47,0xc0,0x03,0xd0,0x00,0xb8,0x00,0xf0,0x7c,0x00,
0x3d,0x00,0x1f,0x40,0x0f,0x07,0xc0,0x03,0xd0,0x02,0xe0,0x01,0xf0,0x7c,0x00,0x3d,0x00,0x7d,0x00,0x1f,
0x07,0xff,0xff,0xd0,0x0f,0x80,0x02,0xe0,0x7f,0xff,0xfd,0x02,0xf0,0x1f,0xfd,0x07,0xc0,0x03,0xd0,0x1d,
0x00,0xff,0x80,0x7c,0x00,0x28,0x00,0x00,0x00,0x00,0x00,0x00,0x00,0x00,0x00,0x00,0x14,0x00,0x01,0x40,
0x00,0x00,0x00,0x07,0xc0,0x00,0x3c,0x00,0x00,0x00,0x00,0x7c,0x00,0x03,0xc0,0x00,0x01,0xff,0xff,0xff,
0xff,0xff,0xff,0xf4,0x1f,0xff,0xff,0xff,0xff,0xff,0xff,0x40,0x00,0x07,0xc0,0x00,0x3c,0x00,0x00,0x00,
0x00,0x7c,0x00,0x03,0xc0,0x00,0x00,0x00,0x01,0x40,0x00,0x1a,0xbc,0x00,0x00,0x01,0x55,0xaa,0xff,0xff,
0xe0,0x00,0x3f,0xff,0xff,0xff,0xfa,0x50,0x00,0x03,0xfe,0xaa,0x95,0x40,0x00,0x40,0x00,0x00,0x00,0x06,
0x80,0x00,0x1f,0x40,0x00,0x74,0x00,0x7c,0x00,0x02,0xe0,0x00,0x07,0xd0,0x02,0xe0,0x00,0x7d,0x00,0x00,
0x2e,0x00,0x1f,0x00,0x0f,0x80,0x00,0x00,0xf4,0x00,0xe0,0x02,0xe0,0x00,0x00,0x0b,0x40,0x05,0x00,0x2d,
0x00,0x00,0x00,0x00,0x01,0xf0,0x00,0x00,0x00,0x00,0x00,0x00,0x1f,0x00,0x00,0x00,0x01,0xff,0xff,0xff,
0xff,0xff,0xff,0xf4,0x1f,0xff,0xff,0xff,0xff,0xff,0xff,0x40,0x00,0x00,0x2f,0xff,0x80,0x00,0x00,0x00,
0x00,0x1f,0x9f,0x7e,0x00,0x00,0x00,0x00,0x0b,0xe1,0xf0,0xfd,0x00,0x00,0x00,0x07,0xf8,0x1f,0x02,0xfd,
0x00,0x00,0x0b,0xfd,0x01,0xf0,0x07,0xfe,0x00,0x1b,0xfd,0x00,0x1f,0x00,0x07,0xff,0x41,0xfe,0x00,0x01,
0xf0,0x00,0x07,0xf0,0x05,0x00,0x00,0x1f,0x00,0x00,0x05,0x00,0x00,0x00,0x00,0x50,0x00,0x00,0x00,0x00,
0x00,0x14,0x00,0x01,0x40,0x00,0x00,0x00,0x07,0xc0,0x00,0x3d,0x00,0x00,0x00,0x00,0x7c,0x00,0x03,0xd0,
0x00,0x01,0xff,0xff,0xff,0xff,0xff,0xff,0xf4,0x1f,0xff,0xff,0xff,0xff,0xff,0xff,0x40,0x00,0x07,0xc0,
0x00,0x3d,0x00,0x00,0x00,0x00,0x7c,0x00,0x03,0xd0,0x00,0x00,0x00,0x01,0x40,0x00,0xb4,0x00,0x00,0x07,
0xff,0xf4,0x00,0x0b,0xc0,0x00,0x00,0x7f,0xff,0x80,0x00,0x3d,0x00,0x00,0x07,0x80,0xb4,0xbf,0xff,0xff,
0xfe,0x00,0x78,0x0f,0x0b,0xff,0xff,0xff,0xe0,0x07,0x82,0xe0,0x02,0x80,0x03,0x80,0x00,0x78,0x3c,0x00,
0x3d,0x00,0x7c,0x00,0x07,0x87,0x80,0x01,0xf0,0x0f,0x40,0x00,0x78,0xb8,0x00,0x0e,0x01,0xe0,0x00,0x07,
0x83,0xd0,0xff,0xff,0xff,0xff,0x40,0x78,0x1f,0x0f,0xff,0xff,0xff,0xf4,0x07,0x80,0xb4,0xf0,0x00,0x00,
0x00,0x00,0x78,0x07,0x8f,0x00,0x00,0x00,0x00,0x07,0x80,0x78,0xf0,0x00,0x00,0x00,0x00,0x78,0x07,0x8f,
0x00,0x00,0x00,0x00,0x07,0x8b,0xf5,0xf0,0x00,0x00,0x00,0x00,0x78,0xbd,0x1e,0x00,0x00,0x00,0x00,0x07,
0x80,0x02,0xe0,0x00,0x00,0x00,0x00,0x78,0x00,0x3c,0x00,0x00,0x00,0x00,0x07,0x80,0x0b,0x80,0x00,0x00,
0x00,0x00,0x78,0x01,0xf4,0x00,0x00,0x00,0x00,0x07,0x80,0x1d,0x00,0x00,0x00,0x00,0x00,0x14,0x00,0x00,
0x00,0x00,0x00,0x00,0x00,0x00,0x14,0x00,0x01,0x40,0x00,0x00,0x00,0x07,0xc0,0x00,0x3d,0x00,0x00,0x00,
0x00,0x7c,0x00,0x03,0xd0,0x00,0x01,0xff,0xff,0xff,0xff,0xff,0xff,0xf4,0x1f,0xff,0xff,0xff,0xff,0xff,
0xff,0x40,0x00,0x07,0xc0,0x00,0x3d,0x00,0x00,0x00,0x00,0x7c,0x00,0x03,0xd0,0x00,0x00,0x00,0x01,0x40,
0x00,0x14,0x00,0x00,0x0f,0xff,0xff,0x40,0x07,0x80,0x00,0x00,0xff,0xff,0xf4,0x00,0x2d,0x00,0x00,0x00,
0x00,0x2e,0x7f,0xff,0xff,0xff,0x40,0x00,0x0b,0x87,0xff,0xff,0xff,0xf4,0x00,0x01,0xf0,0x00,0x7d,0x07,
0x40,0x00,0x00,0x3d,0x00,0x1f,0x40,0x7d,0x00,0x03,0x83,0xc0,0x07,0xd0,0x01,0xf4,0x00,0x38,0x3c,0x01,
0xff,0xff,0xff,0xd0,0x03,0x83,0xc0,0x2f,0xfe,0xaa,0xaf,0x00,0x38,0x3f,0xf9,0x40,0x00,0x00,0x90,0x03,
0x83,0xff,0x41,0x00,0x01,0x40,0x00,0x38,0x3c,0x00,0x74,0x38,0x2d,0x00,0x03,0x83,0xc0,0x07,0x43,0x82,
0xd0,0x00,0x38,0x3c,0x00,0x74,0x38,0x2d,0x00,0x03,0x83,0xc0,0x07,0x43,0x82,0xd0,0x00,0x38,0x3c,0x68,
0xb4,0x38,0x2d,0x00,0x03,0x87,0xff,0x8f,0x03,0x82,0xd1,0x81,0x7f,0xff,0x91,0xe0,0x38,0x2d,0x1d,0x2f,
0xf9,0x00,0x7d,0x03,0x82,0xd1,0xc1,0x94,0x00,0x1f,0x40,0x38,0x1f,0xbc,0x00,0x00,0x03,0xd0,0x01,0x40,
0xbf,0x40,0x00,0x00,0x00,0x00,0x00,0x00,0x00,0x00,0x04,0x00,0x00,0x00,0x00,0x00,0x00,0x02,0xc0,0x00,
0x19,0x00,0x00,0x00,0x00,0x2c,0x00,0x01,0xd0,0x00,0x00,0x00,0x02,0xc0,0x00,0x1d,0x7f,0xff,0xf8,0x00,
0x2c,0x00,0x51,0xd7,0xff,0xff,0x80,0x02,0xc0,0x0e,0x1d,0x00,0x74,0x00,0x0f,0xff,0xf4,0xe1,0xd0,0x07,
0x40,0x00,0xff,0xff,0x4e,0x1d,0x00,0x74,0x00,0x0e,0x1c,0x34,0xe1,0xd3,0xff,0xff,0x00,0xe1,0xc3,0x4e,
0x1d,0x3f,0xff,0xf0,0x0e,0x1c,0x34,0xe1,0xd3,0x87,0x4b,0x00,0xe1,0xc3,0x4e,0x1d,0x38,0x74,0xb0,0x0e,
0x1c,0x34,0xe1,0xd3,0x87,0x4b,0x00,0xe1,0xc3,0x4e,0x1d,0x38,0x74,0xb0,0x0e,0x1c,0x34,0xe1,0xd3,0x87,
0x4b,0x00,0xe1,0xc3,0x4e,0x2d,0x38,0x74,0xb0,0x0f,0xff,0xf4,0xe2,0xd3,0x87,0x4b,0x00,0xff,0xff,0x45,
0x2d,0x38,0x74,0xb0,0x0e,0x2c,0x00,0x02,0xc3,0x87,0x4b,0x00,0x92,0xc1,0x00,0x3c,0x38,0x74,0xb0,0x00,
0x2c,0xb0,0x03,0x83,0x87,0x4b,0x00,0x02,0xc7,0x40,0x78,0x38,0x74,0xb0,0x00,0x2c,0x38,0x0b,0x43,0x87,
0x4b,0x00,0x02,0xdb,0xc0,0xf0,0x38,0x7b,0xf0,0x05,0xbf,0xfd,0x1e,0x03,0x87,0x69,0x03,0xff,0xe5,0xe3,
0xd0,0x00,0x74,0x00,0x2e,0x40,0x04,0xb8,0x00,0x07,0x40,0x00,0x00,0x00,0x1f,0x00,0x00,0x74,0x00,0x00,
0x00,0x00,0xd0,0x00,0x07,0x40,0x00,0x00,0x00,0x00,0x00,0x00,0x10,0x00,0x00,0x04,0x00,0x00,0x00,0x00,
0x00,0x00,0x01,0xe0,0x00,0x00,0x00,0x00,0x00,0x00,0x1e,0x00,0x7f,0xff,0xff,0xfd,0x00,0x01,0xe0,0x07,
0xea,0xbe,0xab,0xd0,0x00,0x1e,0x00,0x78,0x03,0xc0,0x2d,0x00,0x01,0xe0,0x07,0x80,0x3c,0x02,0xd0,0x0b,
0xff,0xfd,0x7e,0xab,0xea,0xbd,0x00,0xbf,0xff,0xd7,0xff,0xff,0xff,0xd0,0x0b,0x0d,0x1d,0x78,0x03,0xc0,
0x2d,0x00,0xb0,0xd1,0xd7,0x80,0x3c,0x02,0xd0,0x0b,0x0d,0x1d,0x7e,0xab,0xea,0xbd,0x00,0xb0,0xd1,0xd7,
0xff,0xff,0xff,0xd0,0x0b,0x0d,0x1d,0x00,0x7d,0x00,0x00,0x00,0xb0,0xd1,0xd0,0x1f,0x40,0xb4,0x00,0x0b,
0x0d,0x1d,0x07,0xd0,0x2f,0x40,0x00,0xb0,0xd1,0xd2,0xff,0xff,0x80,0x00,0x0b,0xff,0xfd,0x2f,0xaf,0xe0,
0x40,0x00,0xbf,0xff,0xd0,0x07,0xf4,0x1e,0x00,0x0b,0x1e,0x00,0x06,0xf8,0x00,0xb4,0x00,0x51,0xe1,0x06,
0xfe,0x5a,0xaf,0xd0,0x00,0x1e,0x38,0xbf,0xff,0xff,0xff,0x00,0x01,0xe2,0xc6,0x55,0x2e,0x00,0xb4,0x00,
0x1e,0x1d,0x00,0x02,0xd0,0x42,0x00,0x01,0xea,0xe0,0x78,0x2d,0x2d,0x00,0x05,0xaf,0xff,0x0f,0x42,0xd1,
0xf4,0x02,0xff,0xf9,0xb3,0xe0,0x2d,0x07,0xc0,0x2e,0x90,0x06,0xf8,0x02,0xd0,0x2e,0x00,0x00,0x00,0x1f,
0x0a,0xbd,0x00,0xe0,0x00,0x00,0x00,0x40,0xbf,0x80,0x00,0x00,0x00,0x00,0x00,0x00,0x00,0x00,0x00,0x05,
0x55,0x55,0x55,0x55,0x55,0x55,0x01,0xff,0xff,0xff,0xff,0xff,0xff,0xf0,0x1f,0xff,0xff,0xff,0xff,0xff,
0xff,0x00,0x00,0x00,0x78,0x03,0xd0,0x00,0x00,0x00,0x00,0x07,0x80,0x3d,0x00,0x00,0x00,0x00,0x00,0x78,
0x03,0xd0,0x00,0x00,0x00,0x00,0x07,0x80,0x3d,0x00,0x00,0x00,0x00,0x00,0x78,0x03,0xd0,0x00,0x00,0x02,
0xff,0xff,0xff,0xff,0xff,0xf8,0x00,0x2f,0xff,0xff,0xff,0xff,0xff,0x80,0x02,0xe0,0x07,0x80,0x3d,0x00,
0x78,0x00,0x2e,0x00,0xb4,0x03,0xd0,0x07,0x80,0x02,0xe0,0x0f,0x40,0x3d,0x00,0x78,0x00,0x2e,0x01,0xf0,
0x03,0xd0,0x07,0x80,0x02,0xe0,0x2e,0x00,0x3d,0x00,0x78,0x00,0x2e,0x0b,0xc0,0x03,0xd0,0x0b,0x80,0x02,
0xe2,0xf4,0x00,0x2f,0xff,0xf8,0x00,0x2e,0xfd,0x00,0x01,0xbf,0xff,0x80,0x02,0xea,0x40,0x00,0x00,0x00,
0x78,0x00,0x2e,0x00,0x00,0x00,0x00,0x07,0x80,0x02,0xe0,0x00,0x00,0x00,0x00,0x78,0x00,0x2e,0x00,0x00,
0x00,0x00,0x07,0x80,0x02,0xe0,0x00,0x00,0x00,0x00,0x78,0x00,0x2f,0xff,0xff,0xff,0xff,0xff,0x80,0x02,
0xff,0xff,0xff,0xff,0xff,0xf8,0x00,0x2e,0x00,0x00,0x00,0x00,0x07,0x80,0x02,0xe0,0x00,0x00,0x00,0x00,
0x78,0x00,0x00,0x00,0x00,0x00,0x00,0x00,0x00,0x00,0x00,0x00,0x00,0x00,0x00,0x00,0x00,0x00,0x40,0x07,
0x80,0x00,0x38,0x00,0x00,0x3e,0x00,0x3d,0x00,0x0b,0xc0,0x00,0x01,0xf4,0x01,0xf0,0x01,0xf4,0x00,0x00,
0x07,0xd0,0x0f,0x40,0x3e,0x00,0x00,0x00,0x2d,0x00,0x64,0x0b,0x80,0x00,0x07,0xff,0xff,0xff,0xff,0xff,
0xfe,0x00,0x7f,0xff,0xff,0xff,0xff,0xff,0xe0,0x07,0x80,0x00,0x00,0x00,0x00,0x2e,0x00,0x78,0x00,0x00,
0x00,0x00,0x02,0xe0,0x07,0x80,0x00,0x00,0x00,0x00,0x2e,0x00,0x78,0xbf,0xff,0xff,0xff,0xe2,0xe0,0x01,
0x4b,0xff,0xff,0xff,0xfe,0x04,0x00,0x00,0xb4,0x00,0x00,0x02,0xe0,0x00,0x00,0x0b,0x40,0x05,0x00,0x2e,
0x00,0x00,0x00,0xb4,0x01,0xf0,0x02,0xe0,0x00,0x00,0x0b,0x40,0x1f,0x00,0x2e,0x00,0x00,0x00,0xb4,0x01,
0xf0,0x02,0xe0,0x00,0x00,0x0b,0x40,0x1f,0x00,0x2e,0x00,0x00,0x00,0xb4,0x01,0xf0,0x02,0xe0,0x00,0x00,
0x0b,0x40,0x2e,0x00,0x2e,0x00,0x00,0x00,0xb4,0x03,0xeb,0x82,0xe0,0x00,0x00,0x0a,0x40,0xbc,0xb8,0x1e,
0x00,0x00,0x00,0x00,0x1f,0x4b,0x80,0x00,0x00,0x00,0x00,0x0b,0xe0,0xb8,0x00,0x0a,0x00,0x00,0x07,0xf8,
0x0b,0x80,0x00,0xb4,0x00,0x07,0xfd,0x00,0xb8,0x00,0x0f,0x00,0x5b,0xfd,0x00,0x07,0xff,0xff,0xe0,0x07,
0xf9,0x00,0x00,0x2f,0xff,0xf8,0x00,0x14,0x00,0x00,0x00,0x00,0x00,0x00,0x00,0x00,0x00,0x00,0x01,0x00,
0x00,0x00,0x01,0x00,0x00,0x00,0x7c,0x00,0x00,0x00,0x78,0x00,0x00,0x07,0xc0,0x00,0x00,0x07,0xf0,0x00,
0x00,0x7c,0x00,0x00,0x00,0x1f,0xc0,0x00,0x07,0xc0,0x00,0x00,0x00,0x7f,0x00,0x00,0x78,0x00,0x00,0x00,
0x01,0xe0,0x00,0x07,0x80,0x00,0x00,0x00,0x04,0x00,0x00,0x78,0x00,0x00,0x00,0x00,0x00,0x00,0x07,0x80,
0x00,0x00,0x00,0x00,0x00,0x00,0xb8,0x00,0x00,0x00,0x00,0x00,0x00,0x0b,0x80,0x00,0x02,0xff,0xf8,0x00,
0x00,0xb8,0x00,0x00,0x2f,0xff,0x80,0x00,0x0b,0xc0,0x00,0x00,0x00,0xb8,0x00,0x00,0xfc,0x00,0x00,0x00,
0x0b,0x80,0x00,0x0f,0xd0,0x00,0x00,0x00,0xb8,0x00,0x00,0xfe,0x00,0x00,0x00,0x0b,0x80,0x00,0x1f,0xf0,
0x00,0x00,0x00,0xb8,0x00,0x02,0xef,0x40,0x00,0x00,0x0b,0x80,0x00,0x3d,0xb8,0x00,0x00,0x00,0xb8,0x00,
0x03,0xd7,0xc0,0x00,0x00,0x0b,0x80,0x00,0xbc,0x3d,0x00,0x00,0x00,0xb8,0x28,0x0f,0x81,0xe0,0x00,0x00,
0x0b,0x9f,0xc1,0xf0,0x0f,0x40,0x00,0x00,0xbf,0xe4,0x3e,0x00,0xbc,0x00,0x00,0x0b,0xf8,0x0b,0xc0,0x03,
0xe0,0x00,0x01,0xfd,0x01,0xf4,0x00,0x1f,0x80,0x00,0x3e,0x00,0xbe,0x00,0x00,0xbe,0x00,0x01,0x80,0x2f,
0x80,0x00,0x02,0xf8,0x00,0x00,0x00,0xa0,0x00,0x00,0x07,0x40,0x00,0x00,0x00,0x00,0x00,0x00,0x00,0x00,
0x10,0x00,0x00,0x1f,0x00,0x00,0x00,0x0b,0x80,0x00,0x01,0xf0,0x00,0x00,0x00,0x7e,0x00,0x00,0x1f,0x00,
0x00,0x00,0x01,0xf8,0x00,0x01,0xf0,0x00,0x00,0x00,0x07,0xe0,0x00,0x1f,0x00,0x00,0x00,0x00,0x1e,0x00,
0x01,0xf0,0x00,0x00,0x00,0x00,0x40,0x00,0x1f,0x00,0x00,0x00,0x00,0x00,0x00,0x01,0xf0,0x00,0x00,0x00,
0x00,0x00,0x00,0x1f,0x00,0x00,0x00,0x00,0x00,0x00,0x01,0xf0,0x00,0x00,0x2f,0xff,0x40,0x00,0x1f,0xff,
0xf8,0x02,0xff,0xf4,0x00,0x01,0xff,0xff,0x80,0x00,0x0f,0x40,0x00,0x1f,0x55,0x50,0x00,0x00,0xf4,0x00,
0x01,0xf0,0x00,0x00,0x00,0x0f,0x40,0x00,0x1f,0x00,0x00,0x00,0x00,0xf4,0x00,0x01,0xf0,0x00,0x00,0x00,
0x0f,0x40,0x00,0x1f,0x00,0x00,0x00,0x00,0xf4,0x00,0x01,0xf0,0x00,0x00,0x00,0x0f,0x40,0x00,0x1f,0x00,
0x00,0x00,0x00,0xf4,0x00,0x01,0xf0,0x00,0x00,0x00,0x0f,0x42,0x00,0x1f,0x00,0x00,0x00,0x00,0xf5,0xf4,
0x01,0xf0,0x00,0x00,0x00,0x0f,0xbe,0x00,0x1f,0x00,0x00,0x00,0x00,0xff,0x40,0x01,0xf0,0x00,0x00,0x00,
0x2f,0xd0,0x00,0x1f,0x00,0x00,0x00,0x07,0xe0,0xbf,0xff,0xff,0xff,0xf8,0x00,0x78,0x0b,0xff,0xff,0xff,
0xff,0x80,0x01,0x00,0x15,0x55,0x55,0x55,0x54,0x00,0x10,0x00,0x00,0x00,0x00,0x00,0x00,0x0f,0x40,0x00,
0x7f,0xff,0xf4,0x00,0x00,0xbd,0x00,0x07,0xff,0xff,0x40,0x00,0x02,0xf4,0x00,0x7c,0x00,0xf4,0x00,0x00,
0x0b,0xd0,0x07,0x80,0x0f,0x40,0x00,0x00,0x2d,0x00,0x78,0x00,0xf4,0x00,0x00,0x00,0x40,0x0b,0x80,0x0f,
0x40,0x00,0x00,0x00,0x00,0xf4,0x00,0xf4,0x00,0x00,0x00,0x00,0x1f,0x00,0x0b,0x40,0x00,0x00,0x00,0x07,
0xe0,0x00,0xbf,0xf4,0x2f,0xfe,0x01,0xf8,0x00,0x06,0xff,0x42,0xff,0xe0,0xbf,0x00,0x00,0x00,0x00,0x00,
0x1e,0x03,0x80,0x00,0x00,0x00,0x00,0x01,0xe0,0x00,0x00,0x00,0x00,0x00,0x00,0x1e,0x01,0xff,0xff,0xff,
0xf8,0x00,0x01,0xe0,0x1f,0xff,0xff,0xff,0x80,0x00,0x1e,0x00,0x3c,0x00,0x01,0xf4,0x00,0x01,0xe0,0x02,
0xe0,0x00,0x2e,0x00,0x00,0x1e,0x00,0x0f,0x40,0x07,0xd0,0x00,0x01,0xe0,0x00,0x7c,0x00,0xf8,0x00,0x00,
0x1e,0x00,0x02,0xf0,0x3e,0x00,0x00,0x01,0xe1,0xd0,0x0b,0xdf,0xc0,0x00,0x00,0x1e,0xbe,0x00,0x3f,0xf0,
0x00,0x00,0x02,0xff,0x80,0x02,0xfe,0x00,0x00,0x00,0x3f,0xd0,0x02,0xff,0xfe,0x00,0x00,0x0b,0xe0,0x06,
0xfe,0x47,0xfe,0x40,0x00,0x78,0x07,0xfe,0x40,0x0b,0xff,0x80,0x01,0x00,0x3e,0x40,0x00,0x06,0xf0,0x00,
0x00,0x00,0x00,0x00,0x00,0x01,0x00,0x00,0x00,0x00,0x00,0x00,0x00,0x00,0x00,0x04,0x00,0x00,0x00,0x00,
0x6b,0x00,0x02,0xe0,0x00,0x00,0x5a,0xff,0xf8,0x00,0x1f,0x80,0x2a,0xff,0xff,0xe5,0x00,0x00,0x7e,0x02,
0xff,0xab,0xc0,0x00,0x00,0x01,0xf8,0x14,0x00,0x7c,0x00,0x00,0x00,0x07,0x40,0x00,0x07,0xc0,0x00,0x00,
0x00,0x00,0x00,0x00,0x7c,0x00,0x00,0x00,0x00,0x00,0x00,0x07,0xc0,0x00,0x00,0x00,0x00,0x00,0x00,0x7c,
0x00,0x00,0x2f,0xfe,0x03,0xff,0xff,0xff,0xff,0x82,0xff,0xe0,0x3f,0xff,0xff,0xff,0xf8,0x2f,0xfe,0x00,
0x00,0x0b,0xc0,0x00,0x00,0x02,0xe0,0x00,0x00,0x7c,0x00,0x00,0x00,0x2e,0x00,0x00,0x07,0xc0,0x00,0x00,
0x02,0xe0,0x00,0x00,0x7c,0x00,0x00,0x00,0x2e,0x00,0x00,0x07,0xc0,0x00,0x00,0x02,0xe0,0x00,0x00,0x7c,
0x00,0x00,0x00,0x2e,0x00,0x7f,0xff,0xff,0xfc,0x00,0x02,0xe0,0x07,0xff,0xff,0xff,0xc0,0x00,0x2e,0x00,
0x78,0x00,0x00,0x7c,0x00,0x02,0xe0,0x87,0x80,0x00,0x07,0xc0,0x00,0x2e,0x7d,0x78,0x00,0x00,0x7c,0x00,
0x02,0xff,0xd7,0x80,0x00,0x07,0xc0,0x00,0x2f,0xe0,0x78,0x00,0x00,0x7c,0x00,0x07,0xf8,0x07,0x80,0x00,
0x07,0xc0,0x00,0xfd,0x00,0x7f,0xff,0xff,0xfc,0x00,0x07,0x40,0x07,0xff,0xff,0xff,0xc0,0x00,0x00,0x00,
0x78,0x00,0x00,0x7c,0x00,0x00,0x00,0x01,0x40,0x00,0x00,0x00,0x00,0x00,0x00,0x00,0x00,0x00,0x00,0x00,
0x04,0x00,0x02,0xc0,0x00,0x39,0x00,0x01,0xf0,0x00,0x2e,0x00,0x07,0xc0,0x00,0x0f,0xc0,0x01,0xf4,0x00,
0xb8,0x00,0x00,0x3f,0x00,0x0b,0x80,0x1f,0x40,0x00,0x00,0xf8,0x00,0x7d,0x02,0xe0,0x00,0x00,0x07,0xd0,
0x02,0x80,0x3d,0x00,0x00,0x00,0x14,0x1f,0xff,0xff,0xff,0x00,0x00,0x00,0x01,0xff,0xff,0xff,0xf0,0x00,
0x00,0x00,0x1e,0x00,0x00,0x0f,0x00,0x05,0x55,0x01,0xe0,0x00,0x00,0xf0,0x02,0xff,0xf0,0x1e,0x00,0x00,
0x0f,0x00,0x2f,0xff,0x01,0xe0,0x00,0x00,0xf0,0x00,0x01,0xf0,0x1e,0x00,0x00,0x0f,0x00,0x00,0x1f,0x01,
0xe0,0x00,0x00,0xf0,0x00,0x01,0xf0,0x1f,0xff,0xff,0xff,0x00,0x00,0x1f,0x01,0xff,0xff,0xff,0xf0,0x00,
0x01,0xf0,0x00,0x2e,0x0b,0x40,0x00,0x00,0x1f,0x00,0x03,0xd0,0xb4,0x00,0x00,0x01,0xf0,0x00,0x3d,0x0b,
0x40,0x00,0x00,0x1f,0x00,0x03,0xc0,0xb4,0x00,0x00,0x01,0xf0,0xa0,0x7c,0x0b,0x40,0x00,0x00,0x1f,0x7f,
0x0b,0x80,0xb4,0x00,0x00,0x01,0xff,0xd1,0xf4,0x0b,0x40,0x60,0x00,0x2f,0xe0,0x2f,0x00,0xb4,0x07,0x80,
0x07,0xf8,0x0b,0xd0,0x0b,0x40,0x78,0x00,0xbd,0x02,0xf8,0x00,0xb8,0x0b,0x40,0x03,0x02,0xfd,0x00,0x0b,
0xff,0xf4,0x00,0x00,0x1e,0x40,0x00,0x2f,0xfd,0x00,0x00,0x00,0x40,0x00,0x00,0x00,0x00,0x00,0x00,0x00,
0x00,0x00,0x00,0x00,0x00,0x00,0x00,0x02,0xc0,0x00,0xb4,0x00,0x02,0x80,0x00,0x2e,0x00,0x0f,0x00,0x00,
0x3e,0x00,0x00,0xf4,0x02,0xe0,0x00,0x01,0xf8,0x00,0x07,0x80,0x3c,0x00,0x00,0x07,0xe0,0xff,0xff,0xff,
0xff,0xe0,0x00,0x1f,0x4f,0xff,0xff,0xff,0xfe,0x00,0x00,0xa0,0x10,0x3c,0x0b,0x40,0x00,0x00,0x00,0x0b,
0x43,0xc0,0xb4,0x2d,0x00,0x00,0x00,0x7c,0x3c,0x0b,0x47,0x80,0x00,0x00,0x01,0xe3,0xc0,0xb4,0xf0,0x02,
0xff,0xe0,0x0e,0x3c,0x0b,0x5d,0x00,0x2f,0xfe,0x00,0x03,0xc0,0xb4,0x00,0x00,0x02,0xe3,0xff,0xff,0xff,
0xff,0xf8,0x00,0x2e,0x3f,0xff,0xff,0xff,0xff,0x80,0x02,0xe0,0x00,0x00,0x00,0x00,0x00,0x00,0x2e,0x00,
0x00,0x00,0x00,0x00,0x00,0x02,0xe0,0x0f,0xff,0xff,0xff,0x00,0x00,0x2e,0x00,0xff,0xff,0xff,0xf0,0x00,
0x02,0xe0,0x0f,0x00,0x00,0x0f,0x00,0x00,0x2e,0x00,0xf0,0x00,0x00,0xf0,0x00,0x02,0xe0,0x0f,0xaa,0xaa,
0xaf,0x00,0x00,0x2e,0x14,0xff,0xff,0xff,0xf0,0x00,0x02,0xeb,0x8f,0x00,0x00,0x0f,0x00,0x00,0x2f,0xf4,
0xf0,0x00,0x00,0xf0,0x00,0x03,0xfd,0x0f,0x00,0x00,0x0f,0x00,0x00,0xbe,0x00,0xff,0xff,0xff,0xf0,0x00,
0x07,0x40,0x0f,0xaa,0xaa,0xaf,0x00,0x00,0x10,0x00,0xf0,0x00,0x00,0xf0,0x00,0x00,0x00,0x05,0x00,0x00,
0x05,0x00,0x0b,0xff,0xff,0xff,0xff,0xff,0xfd,0x00,0xbf,0xff,0xff,0xff,0xff,0xff,0xd0,0x00,0x00,0x00,
0x00,0x00,0x00,0x00,0x00,0x00,0x00,0x00,0x00,0x00,0x00,0x00,0x00,0x00,0x00,0x00,0x00,0x00,0x00,0x00,
0x00,0x00,0x00,0x00,0x00,0x00,0x00,0x00,0x3f,0xff,0xff,0xff,0xff,0x40,0x00,0x03,0xff,0xff,0xff,0xff,
0xf4,0x00,0x00,0x3d,0x00,0x00,0x00,0x0f,0x40,0x00,0x03,0xd0,0x00,0x00,0x00,0xf4,0x00,0x00,0x3d,0x00,
0x00,0x00,0x0f,0x40,0x00,0x03,0xd0,0x00,0x00,0x00,0xf4,0x00,0x00,0x3d,0x00,0x00,0x00,0x0f,0x40,0x00,
0x03,0xd0,0x00,0x00,0x00,0xf4,0x00,0x00,0x3f,0xff,0xff,0xff,0xff,0x40,0x00,0x03,0xff,0xff,0xff,0xff,
0xf4,0x00,0x00,0x00,0x00,0x00,0x00,0x00,0x00,0x00,0x00,0x1e,0x00,0x00,0x0f,0x40,0x00,0x00,0x01,0xf4,
0x00,0x01,0xf4,0x00,0x00,0x00,0x0b,0x80,0x00,0x3e,0x00,0x00,0x00,0x00,0x7c,0x00,0x07,0xd0,0x00,0x00,
0x00,0x03,0xd0,0x00,0xb8,0x00,0x00,0x00,0x00,0x2e,0x00,0x1f,0x00,0x00,0x00,0x00,0x01,0x40,0x02,0xe0,
0x00,0x00,0x1f,0xff,0xff,0xff,0xff,0xff,0xff,0x41,0xff,0xff,0xff,0xff,0xff,0xff,0xf4,0x00,0x00,0x00,
0x00,0x00,0x00,0x00,0x00,0x00,0x00,0x00,0x00,0x00,0x00,0x00,0x00,0x00,0x00,0x00,0x00,0xb4,0x00,0x00,
0x07,0xff,0xff,0xd0,0x0f,0x40,0x00,0x00,0x7f,0xff,0xfd,0x01,0xf0,0x00,0x00,0x07,0x80,0x02,0xd0,0x1e,
0x00,0x00,0x00,0x78,0x00,0x2d,0x02,0xe0,0x00,0x00,0x07,0x82,0x82,0xd0,0x3f,0xff,0xff,0x40,0x78,0x3c,
0x2d,0x07,0xff,0xff,0xf4,0x07,0x83,0xc2,0xd0,0xb8,0x00,0xb4,0x00,0x78,0x3c,0x2d,0x0f,0x00,0x0f,0x00,
0x07,0x83,0xc2,0xd2,0xe0,0x00,0xf0,0x00,0x78,0x3c,0x2d,0x3f,0x00,0x0e,0x00,0x07,0x83,0xc2,0xdb,0xf4,
0x01,0xe0,0x00,0x78,0x3c,0x2d,0xfb,0x80,0x2d,0x00,0x07,0x83,0xc2,0xd6,0x3c,0x02,0xc0,0x00,0x78,0x3c,
0x2d,0x02,0xd0,0x3c,0x00,0x07,0x83,0xc2,0xd0,0x1e,0x07,0x80,0x00,0x78,0x38,0x2d,0x00,0xf0,0xb4,0x00,
0x07,0x87,0x82,0xd0,0x0b,0x8f,0x00,0x00,0x78,0x78,0x2d,0x00,0x3e,0xe0,0x00,0x07,0x8b,0x42,0xd0,0x02,
0xfc,0x00,0x00,0x00,0xf0,0x00,0x00,0x0f,0x80,0x00,0x00,0x1e,0x28,0x00,0x01,0xfd,0x00,0x00,0x02,0xd2,
0xe0,0x00,0x3f,0xf0,0x00,0x00,0x7c,0x1f,0x40,0x0b,0x8b,0xc0,0x00,0x1f,0x40,0x7c,0x02,0xf0,0x3f,0x40,
0x07,0xe0,0x02,0xe1,0xfc,0x00,0xfd,0x02,0xf8,0x00,0x1e,0xbe,0x00,0x02,0xf8,0x0d,0x00,0x00,0x43,0x80,
0x00,0x07,0x00,0x00,0x00,0x00,0x00,0x00,0x00,0x00,0x00,0x02,0xd0,0x00,0x00,0x00,0x00,0x00,0x00,0x2d,
0x00,0x0f,0xff,0xff,0xc0,0x00,0x02,0xd0,0x00,0xff,0xff,0xfc,0x00,0xbf,0xff,0xff,0x40,0x00,0x03,0xc0,
0x0b,0xff,0xff,0xf4,0x00,0x00,0x3c,0x00,0x00,0x2d,0x00,0x00,0x00,0x03,0xc0,0x00,0x02,0xd0,0x00,0x00,
0x00,0x3c,0x00,0x00,0x2d,0x00,0x00,0x00,0x03,0xc0,0x00,0x02,0xd0,0x00,0x00,0x00,0x3c,0x02,0xff,0xff,
0xff,0xc0,0x00,0x03,0xc0,0x2f,0xff,0xff,0xfc,0xbf,0xff,0xfc,0x00,0x00,0x1f,0x00,0x0b,0xff,0xff,0xc0,
0x00,0x01,0xe0,0x00,0xb8,0x00,0x28,0x00,0x14,0x1e,0x00,0x0b,0x80,0x00,0x00,0x03,0xc1,0xe0,0x00,0xb8,
0x00,0x00,0x00,0x3c,0x1e,0x00,0x0b,0x80,0x00,0x00,0x03,0xc1,0xff,0xf8,0xb8,0x00,0x00,0x00,0x3c,0x1f,
0xff,0x8b,0x80,0x00,0x74,0x07,0xc1,0xe0,0x00,0xb8,0x00,0x07,0x80,0x7d,0x1e,0x00,0x0b,0x80,0x00,0x78,
0x07,0xf1,0xe0,0x00,0x78,0x00,0x0b,0x40,0xbf,0x9e,0x00,0x07,0xff,0xff,0xf0,0x0b,0xbe,0xe0,0x00,0x2f,
0xff,0xfd,0x00,0xf6,0xfe,0x00,0x00,0x00,0x00,0x00,0x1f,0x0b,0xf9,0x40,0x00,0x00,0x00,0x02,0xe0,0x1f,
0xff,0xff,0xff,0xff,0xf8,0x3d,0x00,0x1a,0xff,0xff,0xff,0xff,0x42,0xc0,0x00,0x00,0x01,0x55,0x55,0x50,
0x00,0x00,0x00,0x00,0x00,0x00,0x00,0x00,0x00,0x04,0x00,0x00,0x00,0x00,0x00,0x00,0x01,0xf0,0x00,0x00,
0x00,0x00,0x00,0x00,0x1e,0x00,0x0f,0xff,0xff,0xf8,0x00,0x02,0xd0,0x00,0xff,0xff,0xff,0x80,0x2f,0xff,
0xff,0x80,0x00,0x02,0xf0,0x02,0xff,0xff,0xf8,0x00,0x00,0x7e,0x00,0x00,0x78,0x00,0x00,0x00,0x0f,0xc0,
0x00,0x0b,0x40,0x00,0x00,0x02,0xf4,0x00,0x00,0xf0,0x00,0x00,0x00,0xbd,0x00,0x00,0x0f,0x2d,0x00,0x00,
0x2f,0x80,0x00,0x01,0xe2,0xd0,0x00,0x1f,0xfe,0x00,0x00,0x2d,0x2d,0x00,0x0b,0xfa,0xfd,0x00,0x03,0xc2,
0xd0,0x06,0xfd,0x07,0xfd,0x00,0xb8,0x2d,0x02,0xfe,0x00,0x0b,0xf4,0x0f,0xff,0xff,0x6f,0x40,0x00,0x1f,
0x00,0xff,0xff,0xf5,0x40,0x00,0x00,0x10,0x09,0x02,0xd0,0x00,0x00,0x00,0x00,0x00,0x00,0x2d,0x00,0xbf,
0xff,0xff,0xd0,0x00,0x02,0xd0,0x0b,0xff,0xff,0xfd,0x00,0x00,0x2d,0x00,0x00,0x1f,0x00,0x00,0x00,0x02,
0xeb,0x80,0x01,0xf0,0x00,0x01,0x6b,0xff,0xf8,0x00,0x1f,0x00,0x00,0x2f,0xff,0xe0,0x00,0x01,0xf0,0x00,
0x01,0xa4,0x2d,0x00,0x00,0x1f,0x00,0x00,0x00,0x02,0xd0,0x00,0x01,0xf0,0x00,0x00,0x00,0x2d,0x00,0x00,
0x1f,0x00,0x00,0x00,0x02,0xd0,0x7f,0xff,0xff,0xff,0x80,0x00,0x2d,0x07,0xff,0xff,0xff,0xf8,0x00,0x02,
0xd0,0x00,0x00,0x00,0x00,0x00,0x00,0x00,0x00,0x00,0x00,0x00,0x00,0x00,0x01,0xe0,0x00,0x00,0x1f,0x00,
0x00,0x00,0x0f,0x40,0x00,0x01,0xf0,0x00,0x00,0x00,0x7c,0x00,0x00,0x1f,0x00,0x00,0x00,0x02,0xc0,0x2f,
0xff,0xff,0xff,0x81,0xff,0xff,0xfe,0xff,0xff,0xff,0xf8,0x1f,0xff,0xff,0xc0,0x01,0xf0,0x00,0x00,0x28,
0x00,0xa0,0x00,0x1f,0x00,0x00,0x02,0xd0,0x1f,0x00,0x01,0xf0,0x00,0x00,0x1e,0x02,0xe0,0xaa,0xbf,0xaa,
0xa0,0x00,0xf0,0x3c,0x0f,0xff,0xff,0xfe,0x00,0x0b,0x47,0x80,0xf0,0x1f,0x01,0xe0,0x00,0x50,0xb0,0x0f,
0x01,0xf0,0x1e,0x02,0xff,0xff,0xfd,0xf0,0x1f,0x01,0xe0,0x2f,0xff,0xff,0xdf,0x01,0xf0,0x1e,0x00,0x00,
0xb4,0x00,0xf0,0x1f,0x01,0xe0,0x00,0x0b,0x40,0x0f,0xff,0xff,0xfe,0x00,0x00,0xb4,0x00,0xaa,0xbf,0xea,
0xa0,0x00,0x0b,0x40,0x00,0x0b,0xfc,0x00,0x00,0xff,0xff,0xf8,0x01,0xff,0xe0,0x00,0x0f,0xff,0xff,0x80,
0x2e,0xfb,0x40,0x00,0x00,0xb4,0x00,0x0b,0x9f,0x3c,0x00,0x00,0x0f,0x40,0x02,0xf1,0xf1,0xe0,0x00,0x01,
0xf0,0x00,0xbd,0x1f,0x0b,0x80,0x00,0x2e,0x00,0x2f,0x41,0xf0,0x3e,0x00,0x07,0xd0,0x1b,0xd0,0x1f,0x01,
0xf8,0x00,0xf8,0x02,0xf4,0x01,0xf0,0x07,0x80,0x7e,0x00,0x09,0x00,0x1f,0x00,0x10,0x03,0x80,0x00,0x00,
0x01,0xf0,0x00,0x00,0x00,0x00,0x00,0x00,0x05,0x00,0x00,0x00,0x00,0x00,0x00,0x00,0x01,0x00,0x00,0x00,
0x00,0x00,0x00,0x01,0xf0,0x00,0x07,0x80,0x00,0x00,0x00,0x1f,0x00,0x00,0x2e,0x00,0x00,0x00,0x01,0xf0,
0x00,0x00,0xf8,0x00,0x00,0x00,0x1f,0x00,0x00,0x03,0xe0,0x00,0x00,0x01,0xf0,0x00,0x00,0x1f,0x4f,0xff,
0xff,0xff,0xff,0x00,0x00,0xa0,0xff,0xff,0xff,0xff,0xf0,0x00,0x00,0x00,0x00,0x00,0x1f,0x00,0x00,0x00,
0x00,0x00,0x00,0x01,0xf0,0x00,0x00,0x00,0x00,0x00,0x00,0x1f,0x00,0x00,0x00,0x00,0x1e,0x00,0x01,0xf0,
0x00,0x2f,0xff,0x00,0xf8,0x00,0x1f,0x00,0x02,0xff,0xf0,0x07,0xd0,0x01,0xf0,0x00,0x00,0x1f,0x00,0x2f,
0x00,0x1f,0x00,0x00,0x01,0xf0,0x00,0xf8,0x01,0xf0,0x00,0x00,0x1f,0x00,0x07,0xd0,0x1f,0x00,0x00,0x01,
0xf0,0x00,0x28,0x01,0xf0,0x00,0x00,0x1f,0x00,0x00,0x00,0x1f,0x00,0x00,0x01,0xf0,0x00,0x00,0x01,0xf0,
0x00,0x00,0x1f,0x00,0x00,0x00,0x1f,0x00,0x00,0x01,0xf0,0x00,0x05,0x56,0xf0,0x00,0x00,0x1f,0x00,0x00,
0xbf,0xfe,0x00,0x00,0x0b,0xf8,0x00,0x07,0xfe,0x40,0x00,0x02,0xfb,0xf4,0x00,0x00,0x00,0x00,0x00,0xfd,
0x0b,0xe9,0x00,0x00,0x05,0x54,0x2f,0x40,0x1f,0xff,0xff,0xff,0xff,0x80,0xd0,0x00,0x1b,0xff,0xff,0xff,
0xf4,0x04,0x00,0x00,0x00,0x00,0x00,0x00,0x00,0x01,0x00,0x00,0x00,0x00,0x00,0x00,0x00,0x78,0x00,0x2f,
0xff,0xff,0xff,0x80,0x07,0xf4,0x02,0xff,0xff,0xff,0xf8,0x00,0x1b,0xe0,0x00,0x00,0x00,0x00,0x00,0x00,
0x2f,0x80,0x00,0x00,0x00,0x00,0x00,0x00,0x70,0x00,0x00,0x00,0x00,0x00,0x00,0x00,0x00,0x00,0x00,0x00,
0x00,0x00,0x00,0x00,0x00,0x00,0x00,0x00,0x00,0x00,0x00,0x2f,0xff,0xff,0xff,0xff,0x80,0x00,0x02,0xff,
0xff,0xff,0xff,0xf8,0x2f,0xfe,0x00,0x02,0xf0,0x00,0x00,0x02,0xff,0xe0,0x00,0x3d,0x00,0x40,0x00,0x00,
0x2e,0x00,0x0b,0xc0,0x3c,0x00,0x00,0x02,0xe0,0x00,0xf8,0x02,0xe0,0x00,0x00,0x2e,0x00,0x2f,0x00,0x0f,
0x40,0x00,0x02,0xe0,0x03,0xd0,0x00,0xbc,0x00,0x00,0x2e,0x00,0xbc,0x00,0x03,0xe0,0x00,0x02,0xe0,0x1f,
0x40,0x01,0x6f,0x00,0x00,0x2e,0x07,0xfa,0xff,0xff,0xf8,0x00,0x02,0xe0,0x7f,0xff,0xff,0xab,0xd0,0x00,
0x2e,0x03,0xe9,0x54,0x00,0x2e,0x00,0x02,0xe0,0x00,0x00,0x00,0x01,0x80,0x00,0xbf,0x80,0x00,0x00,0x00,
0x00,0x00,0x3f,0xbf,0x40,0x00,0x00,0x00,0x00,0x0f,0xd0,0xbf,0x95,0x55,0x55,0x5a,0x82,0xf4,0x01,0xbf,
0xff,0xff,0xff,0xf8,0x0d,0x00,0x01,0x6b,0xff,0xff,0xfa,0x40,0x00,0x00,0x00,0x00,0x00,0x00,0x00,0x00,
0x00,0x00,0x00,0x00,0x01,0x64,0x00,0x28,0x00,0x00,0x55,0xab,0xff,0xd0,0x07,0xd0,0x01,0xff,0xff,0xff,
0xa4,0x00,0x2f,0x40,0x1f,0xea,0x95,0x00,0x00,0x00,0xbd,0x01,0xe0,0x00,0x00,0x00,0x00,0x03,0xf0,0x1e,
0x00,0x00,0x00,0x00,0x00,0x1d,0x01,0xe0,0x00,0x00,0x00,0x00,0x00,0x00,0x1e,0x00,0x00,0x00,0x00,0x00,
0x00,0x01,0xff,0xff,0xff,0xf8,0x00,0x00,0x00,0x1f,0xff,0xff,0xff,0x40,0x00,0x00,0x02,0xe0,0x00,0x00,
0xf0,0x02,0xff,0xd0,0x2e,0x14,0x00,0x2e,0x00,0x2f,0xfd,0x02,0xe7,0xd0,0x07,0xc0,0x00,0x02,0xd0,0x2d,
0x2f,0x80,0xf8,0x00,0x00,0x2d,0x03,0xd0,0xbe,0x2f,0x00,0x00,0x02,0xd0,0x7c,0x01,0xff,0xd0,0x00,0x00,
0x2d,0x07,0xc0,0x07,0xf8,0x00,0x00,0x02,0xd0,0xb8,0x00,0xbf,0xd0,0x00,0x00,0x2d,0x1f,0x40,0x2f,0xbf,
0x40,0x00,0x02,0xd2,0xf0,0x1f,0xe0,0xfd,0x00,0x00,0x2d,0x7d,0x1b,0xf4,0x02,0xf4,0x00,0x02,0xd7,0x83,
0xf8,0x00,0x0f,0xc0,0x00,0xbe,0x00,0x19,0x00,0x00,0x20,0x00,0x3f,0xfd,0x00,0x00,0x00,0x00,0x00,0x1f,
0xd2,0xfe,0x50,0x00,0x00,0x55,0x42,0xf4,0x06,0xff,0xff,0xff,0xff,0xf4,0x1d,0x00,0x06,0xbf,0xff,0xff,
0xff,0x40,0x40,0x00,0x00,0x00,0x00,0x00,0x00,0x01,0x40,0x00,0x00,0x00,0x00,0x00,0x00,0x7d,0x00,0x00,
0x00,0x00,0x00,0x00,0x02,0xf4,0x1f,0xff,0xff,0xff,0xfe,0x00,0x0b,0xd1,0xff,0xff,0xff,0xff,0xe0,0x00,
0x2f,0x45,0x55,0x5b,0xd5,0x55,0x00,0x00,0xf8,0x00,0x00,0xf8,0x00,0x00,0x00,0x01,0x00,0x00,0x2f,0x00,
0x00,0x00,0x00,0x00,0x00,0x03,0xe0,0x00,0x00,0x00,0x00,0x00,0x00,0xbe,0x00,0x00,0x00,0x00,0x00,0x00,
0x2f,0xe2,0x40,0x00,0x2f,0xfd,0x00,0x07,0xfe,0x7d,0x00,0x02,0xff,0xd0,0x01,0xfa,0xe2,0xf4,0x00,0x15,
0x7d,0x00,0x7e,0x2e,0x0b,0xd0,0x00,0x02,0xd0,0x1f,0x82,0xe0,0x2f,0x40,0x00,0x2d,0x0b,0xf0,0x2e,0x00,
0xfd,0x00,0x02,0xd7,0xf8,0x02,0xe0,0x03,0xf0,0x00,0x2d,0x3e,0x00,0x2e,0x00,0x1f,0x00,0x02,0xd0,0x40,
0x02,0xe0,0x00,0x40,0x00,0x2d,0x00,0x00,0x2e,0x00,0x00,0x00,0x02,0xd0,0x00,0x02,0xe0,0x00,0x00,0x00,
0x2d,0x00,0x00,0x2e,0x00,0x00,0x00,0x02,0xd0,0x00,0x02,0xe0,0x00,0x00,0x00,0x7e,0x00,0x00,0x2e,0x00,
0x00,0x00,0x2f,0xf8,0x00,0x02,0x90,0x00,0x00,0x0b,0xe7,0xf4,0x00,0x00,0x00,0x00,0x02,0xf8,0x0b,0xf9,
0x55,0x55,0x56,0xa8,0x3e,0x00,0x1f,0xff,0xff,0xff,0xff,0x81,0xc0,0x00,0x1a,0xff,0xff,0xfe,0xa4,0x00,
0x00,0x00,0x00,0x00,0x00,0x00,0x00,0x00,0x00,0x00,0x00,0x10,0x00,0x00,0x00,0x00,0x00,0x00,0x0f,0x40,
0x00,0x00,0x02,0x00,0x00,0x00,0xbc,0x00,0x00,0x00,0xf8,0x00,0x00,0x07,0xd0,0x00,0x00,0x07,0xe0,0x00,
0x00,0x2e,0x00,0x00,0x00,0x1f,0x80,0x00,0x01,0xe0,0x00,0x00,0x00,0x7e,0x3f,0xff,0xff,0xff,0xff,0x40,
0x02,0xd3,0xff,0xff,0xff,0xff,0xf4,0x00,0x00,0x00,0x00,0x00,0x0f,0x40,0x00,0x00,0x00,0x00,0x00,0x01,
0xf0,0x00,0x00,0x00,0x07,0x40,0x00,0x2e,0x00,0x00,0x00,0x00,0xbe,0x00,0x03,0xd0,0x00,0x00,0x00,0x02,
0xf8,0x00,0xbc,0x00,0x02,0xff,0xe0,0x07,0xf4,0x1f,0x40,0x00,0x2f,0xfe,0x00,0x0b,0xe2,0xe0,0x00,0x00,
0x02,0xe0,0x00,0x2f,0xfc,0x00,0x00,0x00,0x2e,0x00,0x00,0x7f,0x80,0x00,0x00,0x02,0xe0,0x00,0x0b,0xfe,
0x00,0x00,0x00,0x2e,0x00,0x02,0xfa,0xf8,0x00,0x00,0x02,0xe0,0x01,0xfd,0x07,0xf4,0x00,0x00,0x2e,0x01,
0xbf,0x40,0x1f,0xd0,0x00,0x02,0xe1,0xbf,0x80,0x00,0x3f,0x40,0x00,0x2e,0x3f,0x90,0x00,0x00,0xb8,0x00,
0x02,0xe1,0x80,0x00,0x00,0x02,0x00,0x01,0xff,0xd0,0x00,0x00,0x00,0x00,0x00,0xbf,0x6f,0xe5,0x00,0x00,
0x05,0x54,0x2f,0x80,0x7f,0xff,0xff,0xff,0xff,0x41,0xe0,0x00,0x6f,0xff,0xff,0xff,0xf4,0x04,0x00,0x00,
0x01,0x55,0x54,0x00,0x00,0x01,0x40,0x00,0x06,0x40,0x1a,0x00,0x00,0x7d,0x00,0x00,0xb8,0x01,0xf0,0x00,
0x02,0xf4,0x00,0x0b,0x80,0x1f,0x00,0x00,0x0b,0xd0,0x00,0xb8,0x01,0xf0,0x00,0x00,0x2f,0x40,0x0b,0x80,
0x1f,0x00,0x00,0x00,0xb4,0xff,0xff,0xff,0xff,0xe0,0x00,0x00,0x0f,0xff,0xff,0xff,0xfe,0x00,0x00,0x00,
0x15,0xb9,0x56,0xf5,0x40,0x00,0x00,0x00,0x0b,0x80,0x1f,0x00,0x00,0x00,0x00,0x00,0xb8,0x01,0xf0,0x00,
0x00,0x00,0x00,0x0b,0x80,0x1f,0x00,0x02,0xff,0xf0,0x00,0xb8,0x01,0xf0,0x00,0x2f,0xff,0x00,0x0b,0x80,
0x1f,0x00,0x00,0x01,0xf0,0xff,0xff,0xff,0xff,0xf4,0x00,0x1f,0x0f,0xff,0xff,0xff,0xff,0x40,0x01,0xf0,
0x55,0xf5,0x56,0xf5,0x50,0x00,0x1f,0x00,0x1f,0x00,0x1f,0x00,0x00,0x01,0xf0,0x02,0xe0,0x01,0xf0,0x00,
0x00,0x1f,0x00,0x3d,0x00,0x1f,0x00,0x00,0x01,0xf0,0x0b,0xc0,0x01,0xf0,0x00,0x00,0x1f,0x01,0xf4,0x00,
0x1f,0x00,0x00,0x01,0xf0,0x7e,0x00,0x01,0xf0,0x00,0x00,0xbf,0x82,0x80,0x00,0x1f,0x00,0x00,0x2f,0xbe,
0x40,0x00,0x00,0x00,0x00,0x0b,0xd0,0xbe,0x50,0x00,0x00,0x55,0x42,0xf4,0x01,0xff,0xff,0xff,0xff,0xf8,
0x0d,0x00,0x01,0xaf,0xff,0xff,0xfe,0x40,0x40,0x00,0x00,0x00,0x00,0x00,0x00,0x02,0x80,0x01,0xff,0xff,
0xff,0xd0,0x00,0x7e,0x00,0x1f,0xff,0xff,0xfe,0x00,0x01,0xf8,0x01,0xf0,0x00,0x02,0xe0,0x00,0x07,0xe0,
0x1f,0x00,0x00,0x2e,0x00,0x00,0x2f,0x41,0xf0,0x00,0x02,0xe0,0x00,0x00,0xa0,0x1f,0xff,0xff,0xfe,0x00,
0x00,0x00,0x01,0xfa,0xaa,0xab,0xe0,0x00,0x00,0x00,0x1f,0x00,0x00,0x2e,0x00,0x00,0x00,0x01,0xf0,0x00,
0x02,0xe0,0x00,0x00,0x00,0x1f,0x00,0x00,0x2e,0x00,0x1f,0xfe,0x01,0xff,0xff,0xff,0xe0,0x01,0xff,0xe0,
0x1f,0xff,0xff,0xfe,0x00,0x00,0x1e,0x01,0xf0,0x00,0x00,0x2d,0x00,0x01,0xe0,0x1f,0x02,0xd0,0x0b,0xd0,
0x00,0x1e,0x01,0xf0,0x2f,0x87,0xf4,0x00,0x01,0xe0,0x1f,0x00,0x7f,0xf8,0x00,0x00,0x1e,0x01,0xf0,0x00,
0xfd,0x00,0x00,0x01,0xe0,0x1f,0x00,0x42,0xf4,0x00,0x00,0x1e,0x01,0xf5,0xbd,0x0b,0xd0,0x00,0x01,0xe0,
0x2f,0xff,0x80,0x2f,0x40,0x00,0x1e,0x07,0xfe,0x40,0x00,0xbc,0x00,0x02,0xf4,0x28,0x00,0x00,0x02,0x40,
0x01,0xff,0xe0,0x00,0x00,0x00,0x00,0x00,0xbe,0x0b,0xe5,0x00,0x00,0x05,0x54,0x2f,0x40,0x1f,0xff,0xff,
0xff,0xff,0x80,0xd0,0x00,0x1a,0xff,0xff,0xff,0xa4,0x00,0x00,0x00,0x00,0x00,0x00,0x00,0x00,0x00,0x00,
0x00,0x00,0x00,0x00,0x00,0x00,0x00,0x00,0x00,0x00,0x00,0x6b,0x00,0x07,0x40,0x00,0x05,0x6a,0xff,0xf8,
0x00,0xbd,0x00,0x7f,0xff,0xff,0xa5,0x00,0x02,0xf4,0x03,0xea,0xaf,0x40,0x00,0x00,0x0b,0xd0,0x00,0x00,
0xf0,0x00,0x00,0x00,0x2e,0x00,0x00,0x0f,0x00,0x00,0x00,0x00,0x80,0x00,0x00,0xf0,0x00,0x00,0x00,0x00,
0x2f,0xff,0xff,0xff,0xff,0x80,0x00,0x02,0xff,0xff,0xff,0xff,0xf8,0x00,0x00,0x00,0x00,0x0f,0x40,0x00,
0x03,0xff,0xd0,0x00,0x00,0xf0,0x00,0x00,0x3f,0xfd,0x00,0x00,0x0f,0x00,0x00,0x00,0x02,0xd0,0x00,0x00,
0xf0,0x00,0x00,0x00,0x2d,0x01,0xff,0xff,0xff,0xf4,0x00,0x02,0xd0,0x1f,0xff,0xff,0xff,0x40,0x00,0x2d,
0x01,0xe0,0x00,0x00,0xb4,0x00,0x02,0xd0,0x1e,0x00,0x00,0x0b,0x40,0x00,0x2d,0x01,0xe0,0x00,0x00,0xb4,
0x00,0x02,0xd0,0x1e,0x00,0x00,0x0b,0x40,0x00,0x2d,0x01,0xe0,0x00,0x00,0xb4,0x00,0x02,0xd0,0x1f,0xff,
0xff,0xff,0x40,0x00,0x2d,0x01,0xff,0xff,0xff,0xf4,0x00,0x07,0xf4,0x00,0x00,0x00,0x00,0x00,0x02,0xff,
0xe0,0x00,0x00,0x00,0x00,0x00,0xbd,0x1b,0xe5,0x00,0x00,0x05,0x54,0x2f,0x40,0x1f,0xff,0xff,0xff,0xff,
0x41,0xd0,0x00,0x1a,0xff,0xff,0xff,0xa4,0x00,0x00,0x00,0x00,0x00,0x00,0x00,0x00,0x00,0x00,0x00,0x00,
0x00,0x00,0x00,0x00,0x00,0x00,0x01,0x00,0xf4,0x00,0x00,0x07,0x40,0x00,0x3d,0x0f,0x40,0x00,0x00,0xbd,
0x00,0x07,0xc0,0xf4,0x00,0x00,0x02,0xf4,0x00,0xb8,0x0f,0x40,0x00,0x00,0x0b,0xd0,0x0f,0xff,0xff,0xff,
0xd0,0x00,0x2f,0x02,0xff,0xff,0xff,0xfd,0x00,0x00,0xd0,0x7d,0x00,0xf4,0x00,0x00,0x00,0x00,0x0b,0xc0,
0x0f,0x40,0x00,0x00,0x00,0x00,0xb4,0x00,0xf4,0x00,0x00,0x00,0x00,0x01,0x00,0x0f,0x40,0x00,0x00,0x00,
0x00,0x00,0x00,0xf4,0x00,0x00,0x00,0x00,0x1f,0xff,0xff,0xff,0xff,0x81,0xff,0xe1,0xff,0xff,0xff,0xff,
0xf8,0x1f,0xfe,0x00,0x03,0xc0,0xb8,0x00,0x00,0x02,0xe0,0x00,0x7c,0x0b,0x80,0x00,0x00,0x2e,0x00,0x07,
0x80,0xb8,0x00,0x00,0x02,0xe0,0x00,0xf8,0x0b,0x80,0x00,0x00,0x2e,0x00,0x1f,0x00,0xb8,0x01,0x00,0x02,
0xe0,0x03,0xe0,0x0b,0x80,0x78,0x00,0x2e,0x00,0xbd,0x00,0xb8,0x07,0x80,0x02,0xe0,0x7f,0x40,0x0b,0x80,
0xb8,0x00,0x2e,0x2f,0xd0,0x00,0x7f,0xff,0x40,0x02,0xe1,0xe0,0x00,0x02,0xff,0xe0,0x00,0x2f,0x80,0x00,
0x00,0x00,0x00,0x00,0x1f,0xff,0x40,0x00,0x00,0x00,0x00,0x0b,0xe4,0xbf,0x95,0x40,0x15,0x55,0x41,0xf8,
0x01,0xbf,0xff,0xff,0xff,0xf8,0x0a,0x00,0x01,0x6b,0xff,0xff,0xfa,0x40,0x00,0x00,0x00,0x00,0x00,0x00,
0x00,0x00,0x00,0x50,0x00,0x00,0x00,0x00,0x00,0x00,0x1f,0x00,0x00,0x00,0x00,0x00,0x00,0x00,0xf4,0x00,
0x07,0xff,0xfe,0x00,0x00,0x0b,0x80,0x00,0x7f,0xff,0xf4,0x0b,0xff,0xff,0xff,0x87,0x80,0x2f,0x00,0xbf,
0xff,0xff,0xf8,0x78,0x03,0xd0,0x00,0x54,0x00,0x24,0x07,0x80,0x7c,0x00,0x0b,0x80,0x07,0xc0,0x78,0x0b,
0x80,0x00,0x7c,0x00,0xb8,0x07,0x80,0xf4,0x00,0x02,0xd0,0x0f,0x40,0x78,0x1f,0x00,0x00,0x1e,0x01,0xf0,
0x07,0x82,0xe0,0x00,0x01,0xf0,0x2e,0x00,0x78,0x3c,0x00,0x00,0x09,0x03,0xd0,0x07,0x87,0xc0,0x01,0xff,
0xff,0xff,0xfd,0x78,0x3d,0x00,0x1f,0xff,0xff,0xff,0xd7,0x80,0xf4,0x00,0x00,0x00,0x00,0x00,0x78,0x07,
0x80,0x00,0x00,0x00,0x00,0x07,0x80,0x3d,0x00,0x00,0x00,0x00,0x00,0x78,0x02,0xe0,0x02,0xff,0xff,0xff,
0x07,0x80,0x1f,0x00,0x2f,0xff,0xff,0xf0,0x78,0x00,0xf0,0x02,0xd0,0x00,0x1f,0x07,0x80,0x0f,0x00,0x2d,
0x00,0x01,0xf0,0x78,0x01,0xf0,0x02,0xd0,0x00,0x1f,0x07,0x80,0x6e,0x00,0x2d,0x00,0x01,0xf0,0x79,0xff,
0xd0,0x02,0xd0,0x00,0x1f,0x07,0x8f,0xe4,0x00,0x2d,0x00,0x01,0xf0,0x78,0x00,0x00,0x02,0xff,0xff,0xff,
0x07,0x80,0x00,0x00,0x2f,0xff,0xff,0xf0,0x78,0x00,0x00,0x02,0xd0,0x00,0x1f,0x07,0x80,0x00,0x00,0x14,
0x00,0x00,0x00,0x14,0x00,0x00,0x00,0x02,0xd0,0x01,0x00,0x00,0x00,0x00,0x00,0x2d,0x00,0x7c,0x00,0x00,
0x00,0x00,0x02,0xd0,0x0b,0x8f,0xff,0xff,0x40,0x7f,0xff,0xfd,0xf0,0xff,0xff,0xf8,0x07,0xff,0xff,0xfe,
0x0f,0x40,0x1f,0x00,0x00,0x2d,0x07,0xc0,0xf4,0x02,0xe0,0x00,0x02,0xd0,0xf4,0x0f,0x40,0x7c,0x00,0x00,
0x2d,0x2e,0x00,0xf4,0x0b,0x80,0x00,0x02,0xd7,0xd0,0x0f,0x40,0xf0,0x02,0xff,0xff,0xff,0xf8,0xf4,0x2e,
0x00,0x2f,0xff,0xff,0xff,0x8f,0x43,0xc0,0x00,0x00,0x1f,0x80,0x00,0xf4,0xb8,0x00,0x00,0x07,0xf0,0x00,
0x0f,0x47,0xd0,0x00,0x01,0xfc,0x00,0x00,0xf4,0x1f,0x40,0x00,0xbf,0xff,0xfd,0x0f,0x40,0x7c,0x00,0x7f,
0xff,0xff,0xd0,0xf4,0x02,0xe0,0x2f,0xf4,0x00,0x2d,0x0f,0x40,0x1f,0x03,0xfb,0x40,0x02,0xd0,0xf4,0x00,
0xf4,0x18,0xb4,0x00,0x2d,0x0f,0x40,0x0b,0x40,0x0b,0xea,0xab,0xd0,0xf4,0x00,0xb4,0x00,0xbf,0xff,0xfd,
0x0f,0x40,0x0f,0x40,0x0b,0x40,0x02,0xd0,0xf4,0x02,0xf4,0x00,0xb4,0x00,0x2d,0x0f,0x5f,0xfe,0x00,0x0b,
0x40,0x02,0xd0,0xf4,0xff,0x80,0x00,0xbf,0xff,0xfd,0x0f,0x40,0x00,0x00,0x0b,0xff,0xff,0xd0,0xf4,0x00,
0x00,0x00,0xb4,0x00,0x2d,0x0f,0x40,0x00,0x00,0x0b,0x40,0x01,0x90,0xf4,0x00,0x00,0x00,0x00,0x00,0x00,
0x00,0x00,0x00,0x00,0x00,0x00,0x04,0x00,0x00,0x00,0x00,0x00,0x00,0x02,0xe0,0x01,0xe0,0x00,0x00,0x02,
0x80,0x2e,0x00,0x3d,0x00,0x00,0x00,0x3e,0x02,0xe0,0x0b,0xea,0xaa,0xa0,0x00,0xf4,0x2e,0x02,0xff,0xff,
0xff,0x00,0x07,0xc2,0xe0,0xb8,0x00,0x02,0xe0,0x00,0x28,0x2e,0x7e,0x24,0x00,0xbc,0x00,0x00,0x07,0xeb,
0x87,0xd0,0x1f,0x40,0x00,0x0b,0xfe,0x10,0x1f,0x4b,0xd0,0x00,0x1b,0xfa,0xe0,0x00,0x7f,0xf4,0x00,0x0f,
0xf4,0x2e,0x01,0x6f,0xf8,0x00,0x00,0xb4,0x02,0xeb,0xff,0xe4,0x00,0x00,0x00,0x00,0x2e,0x3a,0x50,0x00,
0x00,0x00,0x00,0x00,0x00,0x00,0x00,0x00,0x00,0x0a,0xaa,0xaa,0xaa,0xaa,0xaa,0xaa,0x00,0xff,0xff,0xff,
0xff,0xff,0xff,0xf4,0x00,0x00,0x02,0xc0,0x78,0x00,0x00,0x00,0x0a,0xaa,0xbe,0xab,0xaa,0xaa,0x40,0x01,
0xff,0xff,0xff,0xff,0xff,0xf4,0x00,0x1e,0x00,0x78,0x07,0x80,0x0b,0x40,0x01,0xe0,0x1f,0x40,0x78,0x00,
0xb4,0x00,0x1e,0x6f,0x90,0x03,0xff,0xff,0x40,0x01,0xe3,0x90,0x00,0x05,0x55,0xb4,0x00,0x1e,0x00,0x00,
0x00,0x00,0x0b,0x40,0x01,0xff,0xff,0xff,0xff,0xff,0xf4,0x00,0x1e,0x55,0x55,0x55,0x55,0x5f,0x40,0x01,
0xf5,0x55,0x55,0x55,0x55,0xf4,0x00,0x1f,0xff,0xff,0xff,0xff,0xff,0x40,0x01,0xe0,0x00,0x00,0x00,0x00,
0xb4,0x00,0x05,0x00,0x00,0x00,0x00,0x05,0x00,0x00,0x00,0x00,0x00,0x00,0x00,0x00,0x00,0x00,0x00,0x00,
0x00,0x2d,0x00,0x00,0x2f,0xff,0xff,0xe0,0x07,0xd2,0x40,0x02,0xff,0xff,0xfe,0x00,0xf8,0x7c,0x00,0x00,
0x38,0xb0,0x00,0x2f,0x02,0xe0,0x00,0x03,0x8b,0x00,0x07,0xd0,0x0f,0x40,0x00,0x38,0xb0,0x01,0xf8,0x55,
0xb8,0x00,0x03,0x8b,0x00,0x3f,0xff,0xff,0xd0,0x0f,0xff,0xff,0xd3,0xff,0xfa,0xaf,0x00,0xff,0xff,0xfd,
0x15,0x40,0x00,0xe0,0x0e,0x28,0xa2,0xd0,0x0e,0x47,0x80,0x00,0xe2,0x8a,0x2d,0x02,0xe0,0x2e,0x00,0x0e,
0x28,0xa2,0xd0,0x7c,0x00,0xb8,0x00,0xe2,0x8a,0x2d,0x1f,0x40,0x03,0xe0,0x0e,0x34,0xa2,0xd7,0xd2,0x80,
0x1f,0x40,0xe7,0x0a,0x2d,0xf4,0x7c,0x00,0x74,0x0e,0xa0,0xbf,0xd1,0x0f,0x40,0x00,0x00,0xfc,0x01,0x6d,
0x02,0xff,0xff,0xc0,0x0e,0x00,0x02,0xd0,0x7e,0xaa,0xfc,0x00,0xe0,0x00,0x2d,0x1f,0xc0,0x0b,0x40,0x0f,
0xaa,0xab,0xd7,0xfe,0x01,0xf0,0x00,0xff,0xff,0xfd,0xb8,0xb4,0x7d,0x00,0x0e,0x00,0x02,0xd1,0x07,0xdf,
0x80,0x00,0xe0,0x00,0x2d,0x00,0x1f,0xf0,0x00,0x0e,0x00,0x02,0xd0,0x01,0xfd,0x00,0x00,0xfa,0xaa,0xbd,
0x00,0xbf,0xf8,0x00,0x0f,0xff,0xff,0xd0,0x7f,0x8b,0xf4,0x00,0xe0,0x00,0x2d,0xbf,0xd0,0x1f,0xf8,0x0e,
0x00,0x02,0xdf,0x90,0x00,0x1f,0x40,0x00,0x00,0x00,0x40,0x00,0x00,0x10,0x00,0x00,0x00,0x00,0x00,0x00,
0x00,0x00,0x00,0x00,0x01,0x55,0xab,0xf8,0x00,0x00,0xaf,0xff,0xff,0xff,0xfa,0x80,0x00,0x0b,0xff,0xff,
0xf5,0x40,0x00,0x00,0x00,0x00,0x10,0x1f,0x00,0x00,0x00,0x00,0x00,0x00,0x01,0xf0,0x00,0x00,0x00,0x1f,
0xff,0xff,0xff,0xff,0xff,0xff,0x41,0xff,0xff,0xff,0xff,0xff,0xff,0xf4,0x00,0x00,0x00,0x1f,0x00,0x00,
0x00,0x00,0x00,0x00,0x01,0xf0,0x00,0x00,0x00,0x00,0x7f,0xff,0xff,0xff,0xff,0xd0,0x00,0x07,0xea,0xaa,
0xfa,0xaa,0xbd,0x00,0x00,0x7c,0x00,0x1f,0x00,0x03,0xd0,0x00,0x07,0xc0,0x01,0xf0,0x00,0x3d,0x00,0x00,
0x7f,0xff,0xff,0xff,0xff,0xd0,0x00,0x07,0xea,0xaa,0xfa,0xaa,0xbd,0x00,0x00,0x7c,0x00,0x1f,0x00,0x03,
0xd0,0x00,0x07,0xc0,0x01,0xf0,0x00,0x3d,0x00,0x00,0x7f,0xff,0xff,0xff,0xff,0xd0,0x00,0x02,0xaa,0xaa,
0xfa,0xaa,0xa9,0x00,0x00,0x00,0x00,0x1f,0x00,0x00,0x00,0x00,0x00,0x00,0x01,0xf0,0x00,0x00,0x00,0x01,
0xff,0xff,0xff,0xff,0xff,0xf8,0x00,0x0a,0xaa,0xab,0xfa,0xaa,0xaa,0x40,0x00,0x00,0x00,0x1f,0x00,0x00,
0x00,0x00,0x00,0x00,0x01,0xf0,0x00,0x00,0x00,0x1a,0xaa,0xaa,0xbf,0xaa,0xaa,0xaa,0x41,0xff,0xff,0xff,
0xff,0xff,0xff,0xf4,0x00,0x00,0x00,0x00,0x05,0x00,0x00,0x00,0x03,0xd0,0x00,0x01,0xf0,0x90,0x00,0x00,
0x7c,0x00,0x00,0x1f,0x2f,0x80,0x00,0x0b,0x80,0x00,0x01,0xf0,0x7f,0x40,0x01,0xff,0xff,0x00,0x1f,0x00,
0xb0,0x00,0x3f,0xff,0xf0,0x01,0xf0,0x00,0x00,0x0b,0xd0,0x00,0x00,0x0f,0x16,0xbd,0x01,0xf4,0x00,0x00,
0x16,0xff,0xff,0xd0,0x2e,0x00,0x00,0x2f,0xff,0xfe,0x94,0x01,0xd0,0x00,0x01,0xfe,0xf4,0x00,0x00,0x06,
0xff,0xfe,0x04,0x0f,0x40,0x00,0x00,0x2f,0xff,0xe0,0x00,0xf4,0x00,0x00,0x00,0x0b,0x40,0x00,0x0b,0x41,
0x6b,0x00,0x00,0xb4,0x00,0x00,0xba,0xff,0xf4,0x00,0x0b,0x40,0x16,0xbf,0xff,0x94,0x00,0x00,0xb4,0x07,
0xff,0xf9,0x00,0x00,0x0f,0xff,0xff,0x7a,0x47,0xc0,0x0a,0x00,0xff,0xff,0xf4,0x00,0x3c,0x02,0xf0,0x00,
0x0b,0x40,0x00,0x03,0xd0,0x7d,0x00,0x00,0xb4,0x00,0x00,0x2d,0x1f,0x80,0x00,0x0b,0x40,0x00,0x02,0xe7,
0xe0,0x00,0x00,0xb4,0x00,0x00,0x1f,0xf8,0x00,0x00,0x0b,0x41,0x40,0x00,0xfe,0x00,0x00,0x00,0xb4,0xb8,
0x00,0x2f,0xc0,0x00,0x00,0x0b,0xbf,0x40,0x1f,0xfc,0x03,0x40,0x00,0xff,0x90,0x1f,0xe6,0xe0,0x38,0x00,
0x1f,0xd0,0x2f,0xf4,0x1f,0x87,0x40,0x03,0xe0,0x07,0xf4,0x00,0x7f,0xf0,0x00,0x14,0x00,0x14,0x00,0x01,
0xfd,0x00,0x00,0x00,0x00,0x00,0x00,0x00,0x00,0x00,0x00,0x00,0x00,0x00,0x00,0x00,0x00,0x03,0x80,0x00,
0x00,0x00,0x00,0x00,0x00,0x7c,0x00,0x0f,0xff,0xff,0xfc,0x00,0x0f,0x80,0x00,0xff,0xff,0xff,0xc0,0x01,
0xf4,0x00,0x0f,0x00,0x00,0x3c,0x00,0x3f,0xff,0xf0,0xf0,0x00,0x03,0xc0,0x0b,0xff,0xff,0x0f,0x00,0x00,
0x3c,0x01,0xf8,0x00,0x00,0xf0,0x00,0x03,0xc0,0x3f,0x00,0x00,0x0f,0xea,0xaa,0xfc,0x02,0xd0,0x00,0x00,
0xff,0xff,0xff,0xc0,0x07,0xff,0xfd,0x00,0x01,0xe0,0x00,0x00,0x3f,0xff,0xd0,0x00,0x1e,0x00,0x00,0x00,
0x1e,0x00,0x00,0x01,0xe0,0x00,0x00,0x01,0xe0,0x07,0xff,0xff,0xff,0xf4,0x00,0x1e,0x00,0x7f,0xff,0xff,
0xff,0x40,0x01,0xe0,0x07,0x80,0x2d,0x00,0xb4,0x1f,0xff,0xfd,0x78,0x03,0xc0,0x0b,0x41,0xff,0xff,0xd7,
0x80,0x7e,0x00,0xb4,0x00,0x1e,0x00,0x78,0x0b,0xf4,0x0b,0x40,0x01,0xe0,0x07,0x80,0xf7,0xd0,0xb4,0x00,
0x1e,0x00,0x78,0x2e,0x1f,0x4b,0x40,0x01,0xe0,0x07,0x87,0xd0,0x78,0xb4,0x00,0x1e,0x00,0x79,0xf8,0x02,
0xdb,0x40,0x01,0xe0,0x57,0xae,0x00,0x1d,0xb4,0x00,0x1e,0x6e,0x78,0x40,0x00,0x0b,0x40,0x02,0xff,0xd7,
0x80,0x00,0x00,0xb4,0x00,0x3f,0xe0,0x78,0x00,0x00,0x0f,0x40,0x07,0xe0,0x07,0x80,0x00,0xff,0xf0,0x00,
0x24,0x00,0x78,0x00,0x0b,0xf9,0x00,0x00,0x00,0x01,0x40,0x00,0x00,0x00,0x00,0x00,0x00,0x00,0x00,0x00,
0x00,0x00,0x00,0x2e,0x00,0x00,0x00,0x10,0x00,0x00,0x02,0xe0,0x00,0x00,0x0f,0xc0,0x00,0x00,0x2e,0x00,
0x00,0x02,0xf4,0x00,0x00,0x02,0xe0,0x00,0x01,0xfd,0x00,0x00,0x00,0x2e,0x00,0x00,0x7f,0x40,0x00,0x00,
0x02,0xe0,0x00,0x2f,0xd0,0x00,0x00,0x00,0x2e,0x00,0x1f,0xe0,0x00,0x00,0x00,0x02,0xe0,0x1b,0xf4,0x00,
0x00,0x00,0x00,0x2e,0x0b,0xf9,0x00,0x00,0x00,0x00,0x02,0xe0,0x7d,0x00,0x00,0x00,0x00,0x00,0x2e,0x00,
0x00,0x00,0x00,0x00,0x00,0x02,0xe0,0x00,0x00,0x00,0x00,0x01,0xff,0xff,0xff,0xff,0xff,0xff,0xf4,0x1f,
0xff,0xff,0xff,0xff,0xff,0xff,0x40,0x55,0x6e,0x55,0xbd,0x55,0x55,0x50,0x00,0x02,0xe0,0x03,0xe0,0x00,
0x00,0x00,0x00,0x2e,0x00,0x1f,0x00,0x00,0x00,0x00,0x02,0xe0,0x00,0xf8,0x00,0x00,0x00,0x00,0x2e,0x00,
0x07,0xd0,0x00,0x00,0x00,0x02,0xe0,0x00,0x2f,0x40,0x00,0x00,0x00,0x2e,0x00,0x00,0xfc,0x00,0x00,0x00,
0x02,0xe0,0x00,0x07,0xf4,0x00,0x00,0x00,0x2e,0x00,0x00,0x1f,0xe0,0x00,0x00,0x02,0xe0,0x1a,0xc0,0x7f,
0x90,0x00,0x00,0x2f,0xaf,0xfc,0x00,0xbf,0xd0,0x00,0x07,0xff,0xf9,0x40,0x02,0xff,0x80,0x00,0xbf,0xe4,
0x00,0x00,0x01,0xf0,0x00,0x03,0x50,0x00,0x00,0x00,0x00,0x00,0x00,0x00,0x00,0x00,0x00,0x00,0x00,0x00,
0x00,0x00,0x00,0x00,0x00,0x00,0x00,0x0b,0x40,0x00,0x00,0x00,0x00,0x00,0x00,0xbc,0x07,0xff,0xff,0xff,
0xfd,0x00,0x02,0xf0,0x7f,0xff,0xff,0xff,0xd0,0x00,0x0f,0x80,0x00,0x00,0x00,0x3d,0x00,0x00,0x7d,0x00,
0x00,0x00,0x03,0xd0,0x00,0x02,0xd0,0x00,0x00,0x00,0x3d,0x00,0x7c,0x04,0x00,0x00,0x00,0x03,0xd0,0x07,
0xc0,0x00,0x00,0x00,0x00,0x3d,0x00,0x7c,0x00,0x00,0x00,0x00,0x03,0xd0,0x07,0xc0,0x00,0x00,0x00,0x00,
0x3d,0x00,0x7c,0x00,0x00,0x00,0x00,0x03,0xd0,0x07,0xc0,0x00,0x00,0x00,0x00,0x3d,0x00,0x7c,0x00,0x00,
0x00,0x00,0x03,0xd0,0x07,0xc0,0x00,0x00,0x00,0x00,0x3d,0x00,0x7c,0x00,0x00,0x00,0x00,0x03,0xd0,0x07,
0xc0,0x00,0x00,0x00,0x00,0x3d,0x00,0x7c,0x00,0x00,0x00,0x00,0x03,0xd0,0x07,0xc0,0x00,0x00,0x00,0x00,
0x3d,0x00,0x7c,0x00,0x00,0x00,0x00,0x03,0xd0,0x07,0xc0,0x00,0x00,0x00,0x00,0x3d,0x00,0x7c,0x00,0x00,
0x00,0x00,0x03,0xd0,0x07,0xc0,0x00,0x00,0x00,0x00,0x3d,0x00,0x7c,0x00,0x00,0x00,0x00,0x03,0xd0,0x07,
0xc0,0x00,0x00,0x00,0x00,0x3d,0x00,0x7c,0x00,0x00,0x00,0x00,0x03,0xd0,0x07,0xc0,0x00,0x00,0x00,0x00,
0x3d,0x00,0x7c,0x00,0x00,0x00,0x1f,0xff,0xc0,0x07,0xc0,0x00,0x00,0x00,0xff,0xf4,0x00,0x14,0x00,0x00,
0x00,0x01,0x40,0x00,0x00,0x00,0x00,0x00,0x01,0x40,0x00,0x00,0x00,0x00,0x00,0x00,0x7c,0x00,0x00,0x03,
0xff,0xff,0x40,0x07,0xc0,0x00,0x00,0x3f,0xff,0xf8,0x00,0x7c,0x00,0x00,0x03,0xd0,0x1f,0x40,0x07,0x80,
0x00,0x00,0x3c,0x02,0xe0,0x00,0x78,0x00,0x00,0x03,0xc0,0x3d,0x00,0x07,0x80,0x00,0x00,0x3c,0x07,0xc0,
0x00,0x78,0x00,0x00,0x03,0xc0,0xb8,0x00,0x0b,0x80,0x00,0x00,0x3c,0x0f,0x40,0x00,0xb8,0x00,0x00,0x03,
0xc1,0xe0,0x00,0x0b,0x80,0x00,0x00,0x3c,0x1f,0x00,0x00,0xbc,0x00,0x00,0x03,0xc0,0xb8,0x00,0x0b,0xc0,
0x00,0x00,0x3c,0x03,0xd0,0x00,0xfd,0x00,0x00,0x03,0xc0,0x1f,0x00,0x0f,0xd0,0x00,0x00,0x3c,0x00,0xf0,
0x01,0xfe,0x00,0x00,0x03,0xc0,0x0b,0x40,0x1f,0xf0,0x00,0x00,0x3c,0x00,0xb4,0x02,0xef,0x40,0x00,0x03,
0xc0,0x0b,0x40,0x3d,0xb8,0x00,0x00,0x3c,0x01,0xf4,0x07,0xc7,0xc0,0x00,0x03,0xc3,0xfe,0x00,0xb8,0x3d,
0x00,0x00,0x3c,0x2f,0x80,0x1f,0x41,0xf0,0x00,0x03,0xc0,0x00,0x02,0xe0,0x0f,0x80,0x00,0x3c,0x00,0x00,
0x7d,0x00,0x7d,0x00,0x03,0xc0,0x00,0x1f,0x80,0x02,0xf0,0x00,0x3c,0x00,0x07,0xf0,0x00,0x1f,0x80,0x03,
0xc0,0x01,0xfd,0x00,0x00,0x7e,0x00,0x3c,0x00,0x7f,0x40,0x00,0x01,0xfc,0x03,0xc0,0x02,0xc0,0x00,0x00,
0x07,0x40,0x14,0x00,0x00,0x00,0x00,0x00,0x00,0x00,0x00,0x00,0x00,0x00,0x00,0x00,0x00,0x7f,0xff,0xd2,
0xff,0xff,0xff,0x40,0x07,0xff,0xfd,0x2f,0xff,0xff,0xf4,0x00,0x78,0x03,0xc2,0xd0,0x00,0x0b,0x40,0x07,
0x80,0x78,0x2d,0x00,0x00,0xb4,0x00,0x78,0x0b,0x42,0xd0,0x00,0x0b,0x40,0x07,0x80,0xf0,0x2d,0x00,0x00,
0xb4,0x00,0x78,0x1e,0x02,0xff,0xff,0xff,0x40,0x07,0x82,0xd0,0x2f,0xff,0xff,0xf4,0x00,0x78,0x3c,0x02,
0xd0,0x00,0x0b,0x40,0x07,0x83,0xc0,0x2d,0x00,0x00,0xb4,0x00,0x78,0x1e,0x02,0xd0,0x00,0x0b,0x40,0x07,
0x80,0xb4,0x2d,0x00,0x00,0xb4,0x00,0x78,0x07,0x82,0xff,0xff,0xff,0x40,0x07,0x80,0x3c,0x2f,0xff,0xff,
0xf4,0x00,0x78,0x02,0xd2,0xd0,0x78,0x00,0x00,0x07,0x80,0x2d,0x2d,0x03,0xc0,0x09,0x00,0x78,0x02,0xd2,
0xd0,0x3d,0x07,0xf0,0x07,0x80,0x7d,0x2d,0x02,0xe1,0xfd,0x00,0x78,0xbf,0x82,0xd0,0x0f,0xbe,0x00,0x07,
0x87,0xe0,0x2d,0x00,0xbf,0x40,0x00,0x78,0x00,0x02,0xd0,0x03,0xd0,0x00,0x07,0x80,0x00,0x2d,0x00,0x2f,
0x40,0x00,0x78,0x00,0x02,0xd0,0x00,0xbd,0x00,0x07,0x80,0x00,0x3d,0x5b,0x83,0xf4,0x00,0x78,0x00,0x03,
0xff,0xf8,0x0f,0xe4,0x07,0x80,0x00,0xbf,0xe5,0x00,0x2f,0x80,0x78,0x00,0x07,0x90,0x00,0x00,0x60,0x01,
0x00,0x00,0x00,0x00,0x00,0x00,0x00,0x00,0x00,0x00,0x00,0x00,0x40,0x00,0x00,0x00,0x00,0x00,0x00,0x2d,
0x00,0x00,0x0b,0xff,0xf4,0x00,0x07,0xd0,0x00,0x00,0xbf,0xff,0x80,0x01,0xff,0x00,0x00,0x0b,0x40,0xf4,
0x00,0x7e,0xb8,0x00,0x00,0xb4,0x1e,0x00,0x0f,0x82,0xf0,0x00,0x0b,0x42,0xd0,0x07,0xe0,0x0f,0xd0,0x00,
0xb4,0x3c,0x01,0xf8,0x00,0x2f,0x40,0x0b,0x47,0x80,0xbe,0x00,0x00,0xbe,0x40,0xb4,0xb0,0x7f,0x40,0x00,
0x01,0xfc,0x0b,0x5e,0x02,0x9f,0xff,0xff,0xe2,0x00,0xb4,0xb4,0x00,0xff,0xff,0xfe,0x00,0x0b,0x43,0xc0,
0x00,0x03,0xd0,0x00,0x00,0xb4,0x1e,0x00,0x00,0x3d,0x00,0x00,0x0b,0x40,0xf0,0x00,0x03,0xd0,0x00,0x00,
0xb4,0x0b,0x40,0x00,0x3d,0x00,0x00,0x0b,0x40,0xb7,0xff,0xff,0xff,0xff,0x80,0xb4,0x07,0xbf,0xff,0xff,
0xff,0xf8,0x0b,0x40,0xb4,0x00,0x03,0xd0,0x00,0x00,0xb4,0x1f,0x40,0x00,0x3d,0x00,0x00,0x0b,0x7f,0xf0,
0x0a,0x03,0xd2,0xc0,0x00,0xb6,0xf9,0x02,0xe0,0x3d,0x2f,0x00,0x0b,0x40,0x00,0x7d,0x03,0xd0,0xb8,0x00,
0xb4,0x00,0x0b,0x80,0x3d,0x03,0xd0,0x0b,0x40,0x02,0xf0,0x03,0xd0,0x1f,0x00,0xb4,0x00,0x7d,0x00,0x3d,
0x00,0xb8,0x0b,0x40,0x07,0x40,0x03,0xc0,0x02,0x40,0xb4,0x00,0x00,0x3f,0xfc,0x00,0x00,0x0b,0x40,0x00,
0x02,0xfe,0x40,0x00,0x00,0x00,0x00,0x00,0x00,0x00,0x00,0x00,0x00,0x00,0x00,0x00,0x00,0x40,0x00,0x00,
0x00,0x00,0x00,0x00,0x0f,0x00,0x00,0x0b,0xff,0xe0,0x00,0x01,0xe0,0x00,0x00,0xbf,0xfe,0x50,0x00,0x2e,
0x00,0x00,0x0b,0x42,0xef,0x43,0xff,0xff,0xff,0x80,0xb4,0x2d,0x7c,0x3f,0xff,0xff,0xf8,0x0b,0x43,0xc2,
0xe0,0x0b,0x40,0x00,0x00,0xb4,0x78,0x0f,0x00,0xf0,0x00,0x00,0x0b,0x47,0x40,0xa0,0x2e,0x00,0x00,0x00,
0xb4,0xb0,0x00,0x07,0xff,0xff,0xd0,0x0b,0x4e,0x00,0x00,0xff,0xaa,0xbd,0x00,0xb5,0xe0,0x00,0x3f,0xe0,
0x02,0xd0,0x0b,0x4f,0x00,0x0b,0xde,0x00,0x2d,0x00,0xb4,0x79,0xff,0x64,0xfa,0xab,0xd0,0x0b,0x43,0xdf,
0xf4,0x0f,0xff,0xfd,0x00,0xb4,0x2d,0x0b,0x40,0xe0,0x02,0xd0,0x0b,0x41,0xe0,0xb4,0x0e,0x00,0x2d,0x00,
0xb4,0x1e,0x0b,0x40,0xe0,0x02,0xd0,0x0b,0x41,0xe0,0xb4,0x0f,0xff,0xfd,0x00,0xb4,0x1e,0x0b,0x40,0xfa,
0xab,0xd0,0x0b,0x6f,0xd0,0xb4,0x0e,0x00,0x2d,0x00,0xb5,0xf4,0x0b,0x40,0xe0,0x02,0xd0,0x0b,0x40,0x00,
0xb4,0x0e,0x00,0x2d,0x00,0xb4,0x00,0x0b,0x40,0xe0,0x3f,0xd0,0x0b,0x40,0x03,0xfd,0x0a,0x01,0xa4,0x00,
0xb4,0x00,0xf9,0xf8,0x00,0x00,0x00,0x0b,0x40,0x2e,0x03,0xf9,0x40,0x05,0x40,0xb4,0x03,0xd0,0x0b,0xff,
0xff,0xf8,0x0b,0x40,0x18,0x00,0x1a,0xff,0xfe,0x40,0x54,0x00,0x00,0x00,0x00,0x00,0x00,0x00,0x00,0x00,
0x00,0x00,0x00,0x00,0x00,0x00,0x00,0x00,0x0b,0x8b,0x00,0x00,0x00,0x00,0x00,0x00,0xf4,0xb8,0x00,0x00,
0x00,0x00,0x00,0x1f,0x07,0xd0,0x00,0x1f,0xff,0xfe,0x02,0xe0,0x2e,0x00,0x01,0xff,0xff,0xe0,0x3d,0x01,
0x80,0x00,0x00,0x00,0x2e,0x0b,0xff,0xff,0xff,0x40,0x00,0x02,0xd0,0xff,0xff,0xff,0xf4,0x09,0x00,0x3d,
0x2f,0x40,0x3c,0x00,0x01,0xf0,0x03,0xc7,0xf4,0x03,0xc0,0x00,0x0b,0x80,0x7c,0xbf,0x40,0x3c,0x00,0x00,
0x3e,0x0b,0xaf,0xb4,0x03,0xc0,0x00,0x01,0xf4,0xf7,0xdb,0xff,0xff,0xfe,0x00,0x0b,0xdf,0x18,0xbf,0xff,
0xff,0xe0,0x00,0x3f,0xe0,0x0b,0x40,0x3c,0x00,0x00,0x01,0xfd,0x00,0xb4,0x03,0xc0,0x00,0x00,0x0f,0xc0,
0x0b,0x40,0x3c,0x00,0x00,0x00,0xbd,0x00,0xb4,0x03,0xc0,0x00,0x00,0x0f,0xe0,0x0b,0x40,0x3c,0x00,0x00,
0x02,0xff,0x40,0xbf,0xff,0xff,0xe0,0x00,0x3e,0xbc,0x0b,0xff,0xff,0xfe,0x00,0x0b,0xc3,0xd0,0xb4,0x03,
0xc0,0x00,0x02,0xf4,0x1f,0x0b,0x40,0x3c,0x00,0x00,0x7e,0x00,0xd0,0xb4,0x03,0xc0,0x00,0x1f,0x80,0x00,
0x0b,0x40,0x3c,0x00,0x02,0xe0,0x00,0x00,0xbf,0xff,0xff,0xf8,0x08,0x00,0x00,0x0b,0xff,0xff,0xff,0x80,
0x00,0x00,0x00,0xb4,0x00,0x00,0x00,0x00,0x00,0x00,0x0b,0x40,0x00,0x00,0x00,0x00,0x00,0x00,0x50,0x00,
0x00,0x00,0x00,0x00,0x00,0x00,0x00,0x00,0x00,0x00,0x00,0x78,0x00,0xf4,0x00,0x00,0x00,0x00,0x0f,0x40,
0x0f,0x40,0x00,0x00,0x00,0x01,0xff,0xff,0xff,0xff,0xfe,0x00,0x00,0x7e,0xaa,0xaf,0xaa,0xaa,0x90,0x00,
0x1f,0x80,0x00,0xf4,0x00,0x00,0x00,0x0a,0xfa,0xaa,0xaf,0xaa,0xaa,0xaa,0x00,0xff,0xff,0xff,0xff,0xff,
0xff,0xf0,0x00,0x00,0x00,0x00,0x00,0x00,0x00,0x00,0x01,0xaa,0xaa,0xaa,0xaa,0xa9,0x00,0x00,0x3f,0xff,
0xff,0xff,0xff,0xd0,0x00,0x03,0xd0,0x00,0x00,0x00,0x3d,0x00,0x00,0x3d,0x00,0x00,0x00,0x03,0xd0,0x00,
0x03,0xea,0xaa,0xaa,0xaa,0xbd,0x00,0x00,0x3f,0xff,0xff,0xff,0xff,0xd0,0x00,0x00,0x00,0x14,0x01,0x40,
0x00,0x00,0x00,0x00,0x07,0xc0,0x3d,0x00,0x00,0x00,0x6a,0xaa,0xbc,0x03,0xea,0xaa,0x90,0x0b,0xff,0xff,
0xc0,0x3f,0xff,0xff,0x00,0x00,0x00,0x7c,0x03,0xd0,0x00,0x00,0x00,0x00,0x07,0xc0,0x3d,0x00,0x00,0x00,
0x3f,0xff,0xfc,0x03,0xff,0xff,0xd0,0x02,0xaa,0xab,0xc0,0x3e,0xaa,0xa8,0x00,0x00,0x00,0x7c,0x03,0xd0,
0x00,0x00,0x1a,0xaa,0xab,0xc0,0x3e,0xaa,0xaa,0x42,0xff,0xff,0xfc,0x03,0xff,0xff,0xf8,0x00,0x00,0x07,
0xc0,0x3d,0x00,0x00,0x00,0x00,0x00,0x7c,0x03,0xd0,0x00,0x00,0x00,0x00,0x07,0xc0,0x3d,0x00,0x00,0x00,
0x00,0x00,0x14,0x00,0x40,0x00,0x00,0x00,0x00,0x00,0x00,0x00,0x00,0x00,0x01,0xff,0xff,0xff,0xff,0xff,
0xff,0xf4,0x1f,0xff,0xff,0xff,0xff,0xff,0xff,0x40,0x00,0x00,0x02,0xe0,0x00,0x00,0x00,0x00,0x00,0x00,
0x3e,0x00,0x00,0x00,0x00,0x00,0x00,0x07,0xd0,0x00,0x00,0x00,0x00,0x00,0x00,0x7c,0x00,0x00,0x00,0x00,
0x3f,0xff,0xff,0xff,0xff,0xff,0xc0,0x03,0xff,0xff,0xff,0xff,0xff,0xfc,0x00,0x3d,0x01,0xe0,0x00,0xf4,
0x07,0xc0,0x03,0xd0,0x1e,0x00,0x0f,0x00,0x7c,0x00,0x3d,0x01,0xe0,0x00,0xf0,0x07,0xc0,0x03,0xd0,0x1f,
0xaa,0xaf,0x00,0x7c,0x00,0x3d,0x01,0xff,0xff,0xf0,0x07,0xc0,0x03,0xd0,0x1e,0x00,0x0f,0x00,0x7c,0x00,
0x3d,0x01,0xe0,0x00,0xf0,0x07,0xc0,0x03,0xd0,0x1e,0x00,0x0f,0x00,0x7c,0x00,0x3d,0x01,0xe0,0x00,0xf0,
0x07,0xc0,0x03,0xd0,0x1f,0xff,0xff,0x00,0x7c,0x00,0x3d,0x01,0xff,0xff,0xf0,0x07,0xc0,0x03,0xd0,0x1e,
0x00,0x0f,0x00,0x7c,0x00,0x3d,0x01,0xe0,0x00,0xf0,0x07,0xc0,0x03,0xd0,0x1e,0x00,0x0f,0x00,0x7c,0x00,
0x3d,0x01,0xe0,0x00,0xf4,0x07,0xc0,0x03,0xff,0xff,0xff,0xff,0xff,0xfc,0x00,0x3f,0xff,0xff,0xff,0xff,
0xff,0xc0,0x03,0xd0,0x00,0x00,0x00,0x00,0x7c,0x00,0x14,0x00,0x00,0x00,0x00,0x05,0x40,0x00,0x01,0x00,
0x00,0x00,0x50,0x00,0x00,0x00,0xb8,0x00,0x00,0x2e,0x00,0x00,0x00,0x0b,0x80,0x00,0x02,0xe0,0x00,0x00,
0x00,0xb8,0x00,0x00,0x2e,0x00,0x00,0x2f,0xff,0xff,0xd0,0x02,0xe0,0x00,0x02,0xff,0xff,0xfd,0xff,0xff,
0xff,0xf4,0x00,0x0b,0x80,0x0f,0xff,0xff,0xff,0x40,0x00,0xb8,0x00,0x00,0x2e,0x00,0x00,0x00,0x0b,0x80,
0x00,0x02,0xe0,0x00,0x00,0xbf,0xff,0xf8,0x00,0x2e,0x00,0x00,0x0b,0xff,0xff,0x80,0x02,0xe0,0x00,0x00,
0xb4,0x00,0x78,0x7f,0xff,0xff,0xc0,0x0b,0x40,0x07,0x87,0xff,0xff,0xfc,0x00,0xbf,0xff,0xf8,0x00,0x2e,
0x00,0x00,0x0b,0xaa,0xaf,0x80,0x02,0xe0,0x00,0x00,0xb4,0x00,0x78,0x00,0x2e,0x00,0x00,0x0b,0x40,0x07,
0x8f,0xff,0xff,0xff,0x80,0xbf,0xff,0xf8,0xff,0xff,0xff,0xf8,0x0a,0xaf,0xea,0x80,0x02,0xe0,0x07,0x80,
0x00,0xb8,0x00,0x00,0x2e,0x00,0x78,0x00,0x0b,0x80,0x00,0x02,0xe0,0x0b,0x43,0xff,0xff,0xfd,0x00,0x2e,
0x00,0xb4,0x3f,0xff,0xff,0xd0,0x02,0xe0,0x0f,0x40,0x00,0xb8,0x00,0x00,0x2e,0x01,0xf0,0x00,0x0b,0x80,
0x00,0x02,0xe3,0xfe,0x00,0x00,0xb8,0x00,0x00,0x2e,0x3f,0x90,0x00,0x0b,0x80,0x00,0x02,0xe0,0x00,0x00,
0x00,0xb8,0x00,0x00,0x2e,0x00,0x00,0x00,0x0b,0x80,0x00,0x02,0xe0,0x00,0x00,0x00,0x50,0x00,0x00,0x00,
0x00,0x00,0x00,0x00,0x02,0xff,0xff,0xff,0xff,0x80,0x00,0x00,0x2f,0xff,0xff,0xff,0xf8,0x2f,0xff,0xfc,
0x00,0x0b,0x80,0x00,0x02,0xff,0xff,0xc0,0x00,0xf4,0x00,0x00,0x05,0x7e,0x50,0x00,0x1f,0x00,0x00,0x00,
0x03,0xd0,0x07,0xff,0xff,0xff,0x80,0x00,0x3d,0x00,0x7f,0xff,0xff,0xf8,0x00,0x03,0xd0,0x07,0x80,0x00,
0x0b,0x80,0x00,0x3d,0x00,0x78,0x01,0x00,0xb8,0x00,0x03,0xd0,0x07,0x80,0x78,0x0b,0x80,0x00,0x3d,0x00,
0x78,0x07,0x80,0xb8,0x00,0x03,0xd0,0x07,0x80,0x78,0x0b,0x80,0x00,0x3d,0x00,0x78,0x07,0x80,0xb8,0x00,
0x03,0xd0,0x07,0x80,0x78,0x0b,0x80,0x00,0x3d,0x00,0x78,0x07,0x80,0xb8,0x00,0x03,0xd0,0x07,0x80,0x78,
0x0b,0x80,0x00,0x3e,0x6d,0x78,0x0b,0x80,0xb8,0x00,0x07,0xff,0xd7,0x80,0xb8,0x0b,0x80,0x1b,0xff,0x90,
0x78,0x0f,0x40,0xb8,0x03,0xff,0x80,0x07,0x81,0xf4,0x06,0x80,0x2e,0x40,0x00,0x00,0x2e,0x14,0x00,0x00,
0x00,0x00,0x00,0x0b,0xd3,0xe0,0x00,0x00,0x00,0x00,0x02,0xf4,0x1f,0xd0,0x00,0x00,0x00,0x01,0xbe,0x00,
0x7f,0x40,0x00,0x00,0x01,0xbf,0x40,0x00,0xbe,0x00,0x00,0x00,0xff,0x80,0x00,0x02,0xf8,0x00,0x00,0x07,
0x80,0x00,0x00,0x07,0x00,0x00,0x00,0x00,0x00,0x00,0x00,0x00,0x00,0x01,0x40,0x00,0x00,0x00,0x00,0x00,
0x00,0x78,0x00,0x00,0x00,0x00,0x00,0x00,0x07,0x80,0x07,0xff,0xff,0xff,0x40,0x00,0x78,0x00,0x7f,0xff,
0xff,0xf4,0x00,0x07,0x80,0x00,0x00,0xb8,0x00,0x02,0xff,0xff,0xfe,0x00,0x0b,0x40,0x00,0x2f,0xff,0xff,
0xe0,0x00,0xf0,0x00,0x00,0x00,0x78,0x00,0x00,0x1e,0x00,0x00,0x00,0x07,0x80,0x01,0xff,0xff,0xfd,0x00,
0xa0,0x78,0x19,0x1f,0xff,0xff,0xd0,0x0f,0x07,0x81,0xd1,0xe0,0x00,0x2d,0x00,0xf0,0x78,0x1d,0x1e,0x06,
0x42,0xd0,0x0f,0x07,0x81,0xd1,0xe0,0x78,0x2d,0x00,0xf0,0x78,0x1d,0x1e,0x07,0x82,0xd0,0x0f,0x07,0x81,
0xd1,0xe0,0x78,0x2d,0x00,0xf0,0x78,0x1d,0x1e,0x0b,0x42,0xd0,0x0f,0x07,0x81,0xd1,0xe0,0xb4,0x2d,0x00,
0xff,0xff,0xfd,0x1e,0x0b,0x42,0xd0,0x0f,0xff,0xff,0xd1,0xe0,0xb4,0x2d,0x00,0x00,0x78,0x00,0x1e,0x0f,
0x02,0xd0,0x00,0x07,0x80,0x01,0xe1,0xf0,0x2d,0x00,0x00,0x78,0x00,0x19,0x1e,0x01,0x90,0x00,0x07,0x80,
0x60,0x03,0xd0,0x00,0x00,0x00,0x78,0x6f,0x00,0x7c,0xf4,0x00,0x00,0x07,0xef,0xe0,0x1f,0x4b,0xd0,0x00,
0x00,0xbf,0xe0,0x07,0xe0,0x1f,0x80,0x00,0x1f,0xe0,0x06,0xf8,0x00,0x7e,0x00,0x00,0xa0,0x02,0xfe,0x00,
0x01,0xf8,0x00,0x00,0x00,0x1e,0x00,0x00,0x07,0x40,0x00,0x00,0x00,0x00,0x00,0x00,0x00,0x00,0x00,0x00,
0x00,0x00,0x00,0x00,0x01,0xff,0xff,0xf4,0xff,0xff,0xff,0xf8,0x1f,0xff,0xff,0x8f,0xff,0xff,0xff,0x80,
0x00,0x02,0xf0,0x00,0x0f,0x80,0x00,0x00,0x00,0x7d,0x00,0x00,0xf4,0x00,0x00,0x14,0x1f,0x40,0x00,0x1f,
0x00,0x00,0x03,0xe7,0xe0,0x03,0xff,0xff,0xfe,0x00,0x1f,0xf8,0x00,0x3f,0xff,0xff,0xe0,0x00,0x2f,0x80,
0x03,0xc0,0x00,0x2e,0x00,0x00,0x7f,0x00,0x3c,0x00,0x02,0xe0,0x00,0x01,0xf8,0x03,0xc0,0xa4,0x2e,0x03,
0xff,0xff,0xfe,0x3c,0x0f,0x42,0xe0,0x3f,0xff,0xff,0xe3,0xc0,0xf4,0x2e,0x00,0x00,0xf4,0x2d,0x3c,0x0f,
0x42,0xe0,0x00,0x0f,0x43,0xc3,0xc0,0xf4,0x2e,0x00,0x00,0xf4,0x78,0x3c,0x0f,0x42,0xe0,0x00,0x0f,0x4b,
0x43,0xc0,0xf4,0x2e,0x00,0x00,0xf4,0xe0,0x3c,0x0f,0x02,0xe0,0x00,0x0f,0x40,0x03,0xc0,0xf0,0x2e,0x00,
0x00,0xf4,0x00,0x3c,0x1f,0x02,0xe0,0x00,0x0f,0x40,0x03,0xc2,0xe0,0x2e,0x00,0x00,0xf4,0x00,0x00,0x3d,
0x10,0x00,0x00,0x0f,0x40,0x00,0x0b,0xcb,0x40,0x00,0x00,0xf4,0x00,0x02,0xf4,0xbe,0x00,0x00,0x0f,0x40,
0x00,0xbd,0x02,0xf8,0x00,0x00,0xf4,0x00,0xbf,0x40,0x07,0xe0,0x0b,0xff,0x00,0x7f,0x80,0x00,0x1f,0x80,
0x7f,0xd0,0x02,0x90,0x00,0x00,0x60,0x00,0x00,0x00,0x00,0x00,0x00,0x00,0x00,0x00,0x00,0x00,0x00,0x00,
0x00,0x00,0x00,0x00,0x00,0x00,0xf8,0x00,0x00,0x00,0x00,0x00,0x00,0x2f,0x80,0x00,0x00,0x00,0x00,0x00,
0x0b,0xfe,0x00,0x00,0x00,0x00,0x00,0x02,0xf5,0xf8,0x00,0x00,0x00,0x00,0x00,0xbd,0x07,0xf4,0x00,0x00,
0x00,0x00,0x7f,0x68,0x0b,0xe0,0x00,0x00,0x00,0x6f,0x82,0xe0,0x2f,0xe0,0x00,0x00,0x2f,0xe0,0x0f,0x40,
0x6f,0xe4,0x00,0x6f,0xff,0xff,0xff,0xff,0xff,0xf8,0x2f,0xfb,0xff,0xff,0xff,0xfe,0x7f,0x80,0xf4,0xb8,
0x00,0x00,0x02,0xd0,0x60,0x00,0x0b,0x80,0x00,0x00,0x2d,0x00,0x00,0x00,0xb8,0x00,0x00,0x02,0xd0,0x00,
0x00,0x0b,0xff,0xff,0xff,0xfd,0x00,0x00,0x00,0xbe,0xaa,0xaa,0xab,0xd0,0x00,0x00,0x0b,0x80,0x00,0x00,
0x2d,0x00,0x00,0x00,0xb8,0x00,0x00,0x02,0xd0,0x00,0x00,0x0b,0xff,0xff,0xff,0xfd,0x00,0x00,0x00,0xbf,
0xff,0xff,0xff,0xed,0x00,0x00,0x0b,0x80,0x04,0x00,0x07,0xe0,0x00,0x00,0xb8,0x01,0xf4,0x02,0xf4,0x00,
0x00,0x0b,0x80,0x0b,0xf5,0xf9,0x00,0x00,0x00,0xb8,0x00,0x1b,0xfe,0x00,0x00,0x00,0x0b,0x80,0x00,0x1f,
0xe0,0x00,0x00,0x00,0xb8,0x5a,0xf0,0x2f,0xd0,0x00,0x00,0x0f,0xff,0xff,0x00,0x6f,0x80,0x00,0x01,0xff,
0xe9,0x00,0x00,0xbf,0x00,0x00,0x0e,0x50,0x00,0x00,0x01,0xd0,0x00,0x00,0x00,0x00,0x00,0x00,0x00,0x00,
0x00,0x00,0x50,0x00,0x00,0x00,0x00,0x00,0x00,0x1e,0x00,0x00,0x00,0x00,0x00,0x00,0x01,0xff,0xfc,0xbf,
0xff,0xf8,0x00,0x00,0x1f,0x55,0x4a,0xaa,0xaf,0x80,0x00,0x2e,0xe0,0x00,0x10,0x01,0xf0,0x00,0x07,0xff,
0xfe,0x07,0xd0,0x7d,0x00,0x01,0xf5,0x57,0xe0,0x2f,0xdf,0x40,0x00,0xbd,0x00,0x7c,0x00,0x2f,0xe0,0x00,
0x2f,0x68,0x1f,0x40,0x07,0xff,0x40,0x00,0x82,0xfb,0xd0,0xb7,0xf9,0xbe,0x00,0x00,0x0b,0xf4,0x2f,0x59,
0x01,0xfc,0x00,0x02,0xf8,0x0b,0xfe,0x00,0x03,0x80,0x06,0xfd,0x07,0xf1,0xfd,0x00,0x00,0x00,0xfd,0x02,
0xf8,0x42,0xf9,0x00,0x00,0x05,0x06,0xfd,0x1e,0x06,0xfd,0x00,0x00,0x06,0xfe,0x00,0xb4,0x07,0xfe,0x50,
0x1b,0xff,0xff,0xff,0xff,0xfe,0xff,0x80,0xf9,0x3d,0x55,0x55,0x57,0xd1,0xa0,0x00,0x03,0xd5,0x55,0x55,
0x7d,0x00,0x00,0x00,0x3f,0xff,0xff,0xff,0xd0,0x00,0x00,0x03,0xd0,0x00,0x00,0x3d,0x00,0x00,0x00,0x3e,
0x55,0x55,0x57,0xd0,0x00,0x00,0x03,0xff,0xff,0xff,0xfd,0xe0,0x00,0x00,0x3d,0x00,0x39,0x00,0x7d,0x00,
0x00,0x03,0xd0,0x06,0xfe,0x5f,0x40,0x00,0x00,0x3d,0x00,0x51,0xff,0xd0,0x00,0x00,0x07,0xea,0xfe,0x01,
0xbf,0x80,0x00,0x01,0xff,0xfe,0x90,0x00,0xbf,0x40,0x00,0x0e,0x94,0x00,0x00,0x00,0xb0,0x00,0x00,0x00,
0x00,0x00,0x00,0x00,0x00,0x00,0x00,0x00,0x00,0x01,0x40,0x00,0x00,0x0b,0x80,0x00,0x00,0x3d,0x00,0x00,
0x00,0xb4,0x00,0x00,0x03,0xd0,0x00,0x00,0x0f,0x40,0x00,0x00,0x3d,0x00,0x00,0x01,0xf0,0x00,0x00,0x03,
0xd0,0x00,0x00,0x1f,0x00,0x0b,0xff,0xff,0xff,0xf8,0x02,0xff,0xff,0xbf,0xff,0xff,0xff,0x80,0x3f,0xff,
0xe0,0x00,0x3d,0x00,0x00,0x07,0xc0,0x2d,0x00,0x03,0xd0,0x00,0x00,0xb8,0x03,0xc0,0x00,0x3d,0x00,0x40,
0x0f,0x40,0x78,0x3d,0x03,0xd0,0x2d,0x02,0xf0,0x0b,0x43,0xd0,0x3d,0x02,0xd0,0x3d,0x28,0x10,0x3d,0x03,
0xd0,0x2d,0x01,0x83,0xc0,0x03,0xd0,0x3d,0x02,0xd0,0x00,0x3c,0x00,0x3d,0x03,0xd0,0x2d,0x00,0x03,0xc0,
0x03,0xd0,0x3d,0x02,0xd0,0x00,0x3c,0x00,0x3d,0x03,0xd0,0x2d,0x00,0x03,0xc0,0x03,0xd0,0x3d,0x02,0xd0,
0x00,0x3c,0x00,0x3f,0xff,0xff,0xfd,0x00,0x03,0xc0,0x03,0xff,0xff,0xff,0xd0,0x00,0x3c,0x00,0x00,0x03,
0xd0,0x3d,0x00,0x03,0xc0,0x00,0x00,0x3d,0x02,0xd0,0x00,0x3c,0x1d,0x00,0x03,0xd0,0x14,0x00,0x03,0xdb,
0xe0,0x00,0x3d,0x00,0x20,0x00,0x3f,0xf8,0x00,0x03,0xd0,0x07,0xc0,0x07,0xfd,0x00,0x00,0x3d,0x00,0x78,
0x00,0xbe,0x00,0x00,0x02,0xe0,0x0b,0x80,0x1f,0x40,0x00,0x00,0x2f,0xff,0xf4,0x00,0x90,0x00,0x00,0x00,
0xbf,0xfa,0x00,0x00,0x00,0x00,0x00,0x00,0x00,0x00,0x00,0x0b,0x40,0x00,0x00,0x00,0x01,0x40,0x00,0xb4,
0x00,0x00,0x00,0x06,0xfd,0x00,0x0f,0x40,0x00,0x16,0xaf,0xff,0xd0,0x00,0xf0,0x00,0x2f,0xff,0xfe,0x90,
0x00,0x1f,0x00,0x02,0xfa,0x54,0x00,0x00,0x02,0xff,0xfe,0x2d,0x00,0x00,0x00,0x00,0x3f,0xff,0xe2,0xd0,
0x00,0x00,0x00,0x07,0xc0,0x2d,0x2d,0x00,0x00,0x00,0x00,0xb8,0x03,0xc2,0xd0,0x00,0x00,0x00,0x0f,0x40,
0x78,0x2f,0xff,0xff,0xfd,0x02,0xf1,0x4b,0x02,0xff,0xff,0xff,0xc0,0x3d,0x3c,0x10,0x2d,0xb4,0x00,0x78,
0x01,0xc3,0xc0,0x03,0xd7,0x80,0x0b,0x80,0x00,0x3c,0x00,0x3d,0x3c,0x00,0xf4,0x00,0x03,0xc0,0x03,0xd2,
0xd0,0x1f,0x00,0x00,0x3c,0x00,0x3c,0x1e,0x02,0xe0,0x00,0x03,0xc0,0x03,0xc0,0xf0,0x3d,0x00,0x00,0x3c,
0x00,0x7c,0x0b,0x4b,0xc0,0x00,0x03,0xc0,0x07,0x80,0x7d,0xf4,0x00,0x00,0x3c,0x00,0xb8,0x02,0xff,0x00,
0x00,0x03,0xc0,0x0f,0x40,0x1f,0xd0,0x00,0x00,0x3c,0x38,0xf0,0x01,0xfc,0x00,0x00,0x03,0xdf,0x9f,0x00,
0x7f,0xe0,0x00,0x00,0x3f,0xd2,0xe0,0x1f,0xdf,0x80,0x00,0x07,0xf4,0x3d,0x07,0xf0,0x7e,0x00,0x01,0xfd,
0x0b,0x87,0xf8,0x02,0xfd,0x00,0x1f,0x00,0xf5,0xfe,0x00,0x07,0xf8,0x00,0x80,0x0a,0x0a,0x40,0x00,0x0b,
0x00,0x00,0x00,0x00,0x00,0x00,0x00,0x00,0x00,0x00,0x00,0x00,0x01,0x00,0x00,0x00,0x07,0x80,0x00,0x00,
0xb4,0x00,0x00,0x00,0xb8,0x00,0x00,0x0b,0xc0,0x00,0x00,0x0f,0x40,0x00,0x00,0x3d,0x00,0x00,0x00,0xf4,
0x00,0x00,0x01,0x90,0x00,0x00,0x1f,0x00,0x07,0xff,0xff,0xff,0xf8,0x01,0xff,0xff,0xbf,0xff,0xff,0xff,
0x80,0x2f,0xff,0xf0,0x00,0x00,0x00,0x00,0x03,0xd0,0x1e,0x00,0xa0,0x07,0x40,0x00,0x7c,0x02,0xd0,0x1f,
0x00,0x7d,0x00,0x0b,0x80,0x78,0x03,0xd0,0x02,0xf0,0x01,0xf5,0x5b,0x40,0xb8,0x00,0x0b,0x80,0x2e,0x2e,
0x10,0x2f,0x00,0x00,0x3e,0x01,0xd2,0xe0,0x0b,0xd0,0x00,0x01,0xf4,0x04,0x2e,0x01,0xfb,0xc0,0x03,0xd7,
0xc0,0x02,0xe0,0x0a,0x3d,0x00,0x7c,0x24,0x00,0x2e,0x00,0x01,0xe0,0x0b,0x80,0x00,0x02,0xe0,0x00,0x0f,
0x40,0xf4,0x00,0x00,0x2e,0x00,0x00,0xb8,0x2e,0x00,0x00,0x02,0xe0,0x00,0x03,0xd7,0xd0,0x00,0x00,0x2e,
0x00,0x00,0x1f,0xb8,0x00,0x00,0x02,0xe0,0x00,0x00,0xbf,0x00,0x00,0x00,0x2e,0x09,0x00,0x0b,0xe0,0x00,
0x00,0x02,0xe7,0xe0,0x02,0xff,0x80,0x00,0x00,0x2f,0xf8,0x00,0xbe,0x7f,0x40,0x00,0x02,0xfd,0x00,0x7f,
0x41,0xfd,0x00,0x00,0x7e,0x00,0x6f,0xd0,0x07,0xfd,0x00,0x0f,0x80,0x2f,0xe0,0x00,0x0b,0xf8,0x00,0x60,
0x01,0xe0,0x00,0x00,0x0b,0x00,0x00,0x00,0x00,0x00,0x00,0x00,0x00,0x00,0x00,0x00,0x00,0x00,0x00,0x00,
0x00,0x0b,0x40,0x00,0x00,0x00,0x00,0x00,0x00,0xb4,0x00,0x7f,0xff,0xff,0xfc,0x00,0x0f,0x40,0x07,0xff,
0xff,0xff,0xc0,0x00,0xf0,0x00,0x78,0x00,0x00,0x7c,0x00,0x1e,0x00,0x07,0x80,0x00,0x07,0xc0,0x02,0xff,
0xfe,0x78,0x00,0x00,0x7c,0x00,0x3f,0xff,0xd7,0xff,0xff,0xff,0xc0,0x07,0xc0,0x3c,0x7e,0xaa,0xaa,0xbc,
0x00,0xb8,0x07,0x87,0x80,0x00,0x07,0xc0,0x0f,0x40,0xb4,0x78,0x00,0x00,0x7c,0x01,0xf0,0x1e,0x07,0xff,
0xff,0xff,0xc0,0x3e,0x00,0x90,0x7f,0xff,0xff,0xfc,0x02,0xc1,0x40,0x00,0x00,0x00,0x00,0x00,0x04,0x3d,
0x00,0x00,0x00,0x60,0x00,0x00,0x03,0xd0,0x03,0xc0,0x07,0x80,0x00,0x00,0x3d,0x00,0x3c,0x00,0x78,0x00,
0x00,0x03,0xd0,0x03,0xc0,0x07,0x80,0x50,0x00,0x3d,0x00,0x3c,0x00,0x78,0x2f,0x40,0x03,0xd0,0x03,0xff,
0xd7,0xaf,0xe0,0x00,0x3d,0x00,0x3f,0xfd,0x7f,0xe0,0x00,0x03,0xd0,0x03,0xc0,0x07,0xd0,0x00,0x00,0x3d,
0x00,0x3c,0x00,0x78,0x00,0x00,0x03,0xd1,0xc3,0xc0,0x07,0x80,0x10,0x00,0x3d,0xbd,0x3c,0x00,0x78,0x03,
0x80,0x03,0xff,0x43,0xc1,0x57,0x80,0x38,0x00,0x7f,0x80,0x7e,0xfd,0x78,0x07,0x80,0x0b,0xd0,0x0f,0xfe,
0x97,0xff,0xf4,0x00,0x60,0x00,0xb9,0x00,0x2f,0xfe,0x00,0x00,0x00,0x00,0x00,0x00,0x00,0x00,0x00,0x00,
0x00,0x00,0x50,0x01,0x40,0x00,0x0b,0x40,0x00,0x0f,0x00,0xb8,0x00,0x00,0xb4,0x00,0x00,0xf0,0x0b,0x80,
0x00,0x0f,0x40,0x0b,0xff,0xff,0xff,0xf4,0x01,0xf0,0x00,0xbf,0xff,0xff,0xff,0x40,0x1f,0x00,0x00,0x0f,
0x00,0xb8,0x00,0x02,0xff,0xfe,0x00,0xf0,0x0b,0x80,0x00,0x3f,0xff,0xd0,0x05,0x00,0x10,0x00,0x07,0xc0,
0x3c,0x1f,0xff,0xff,0xfd,0x00,0xb8,0x07,0xc1,0xfa,0xaa,0xab,0xd0,0x0f,0x40,0xb4,0x1e,0x00,0x00,0x3d,
0x01,0xf0,0x0f,0x01,0xe0,0x00,0x03,0xd0,0x3e,0x2d,0x50,0x1f,0xff,0xff,0xfd,0x01,0xc3,0xc0,0x01,0xfa,
0xaa,0xab,0xd0,0x00,0x3c,0x00,0x1e,0x00,0x00,0x3d,0x00,0x03,0xc0,0x01,0xe0,0x00,0x03,0xd0,0x00,0x3c,
0x00,0x1f,0xff,0xff,0xfd,0x00,0x03,0xc0,0x01,0xaa,0xbe,0xaa,0x80,0x00,0x3c,0x00,0x00,0x03,0xc0,0x00,
0x00,0x03,0xc0,0x00,0x00,0x7c,0x00,0x00,0x00,0x3c,0x00,0x7f,0xff,0xff,0xff,0x40,0x03,0xc0,0x07,0xff,
0xff,0xff,0xf4,0x00,0x3c,0x28,0x00,0x0f,0xf4,0x00,0x00,0x03,0xdb,0xc0,0x02,0xf7,0xc0,0x00,0x00,0x3f,
0xf4,0x00,0x7d,0x2e,0x00,0x00,0x03,0xf8,0x00,0x2f,0x80,0xf9,0x00,0x00,0x7e,0x00,0x1f,0xe0,0x07,0xf9,
0x00,0x0f,0x80,0x1f,0xf4,0x00,0x0b,0xf8,0x00,0x60,0x00,0xe4,0x00,0x00,0x1f,0x00,0x00,0x00,0x00,0x00,
0x00,0x00,0x00,0x00,0x55,0x55,0x55,0x55,0x54,0x00,0x00,0x0f,0xff,0xff,0xff,0xff,0xd0,0x00,0x00,0xff,
0xff,0xff,0xff,0xfd,0x00,0x00,0x00,0x00,0x00,0x00,0x03,0xd0,0x00,0x00,0x00,0x00,0x00,0x00,0x3d,0x00,
0x00,0x00,0x68,0x00,0x00,0x03,0xc0,0x00,0x00,0x07,0xc0,0x00,0x00,0x7c,0x00,0x00,0x00,0x7c,0x00,0x00,
0x07,0xc0,0x00,0x00,0x07,0x80,0x00,0x00,0x78,0x00,0x00,0x00,0xb8,0x00,0x00,0x0b,0x80,0x00,0x00,0x0b,
0x80,0x00,0x00,0xb8,0x00,0x00,0x00,0xb4,0x00,0x00,0x0b,0x40,0x00,0x00,0x0f,0x40,0x00,0x00,0xf4,0x00,
0x00,0x00,0xff,0xff,0xff,0xff,0xff,0xe0,0x00,0x0f,0xff,0xff,0xff,0xff,0xfd,0x00,0x00,0x00,0x00,0x00,
0x00,0x03,0xd0,0x00,0x00,0x00,0x00,0x00,0x00,0x3d,0x00,0x00,0x00,0x00,0x00,0x00,0x03,0xc0,0x00,0x00,
0x00,0x00,0x00,0x00,0x7c,0x01,0xff,0xff,0xff,0xff,0xfd,0x07,0xc0,0x1f,0xff,0xff,0xff,0xff,0xd0,0xb8,
0x00,0x00,0x00,0x00,0x00,0x00,0x0b,0x80,0x00,0x00,0x00,0x00,0x00,0x00,0xf4,0x00,0x00,0x00,0x00,0x00,
0x00,0x1f,0x00,0x00,0x00,0x00,0x00,0x00,0x03,0xf0,0x00,0x00,0x00,0x00,0x02,0xff,0xfd,0x00,0x00,0x00,
0x00,0x00,0x1f,0xff,0x40,0x00,0x00,0x00,0x00,0x00,0x00,0x00,0x00,0x00,0x00,0x05,0x00,0x00,0x00,0x00,
0x00,0x00,0x01,0xf4,0x00,0x00,0x00,0x00,0x00,0x00,0x3e,0x00,0x00,0x00,0x00,0x00,0x00,0x0b,0xff,0xff,
0xf8,0x00,0x00,0x00,0x01,0xff,0xff,0xff,0x80,0x00,0x00,0x00,0x7e,0x00,0x01,0xf4,0x00,0x00,0x00,0x1f,
0x80,0x00,0x3e,0x00,0x00,0x00,0x07,0xf0,0x00,0x0b,0xc0,0x00,0x00,0x01,0xfd,0x00,0x01,0xf4,0x00,0x00,
0x00,0x7f,0xff,0xff,0xff,0xff,0xfd,0x00,0x0f,0xff,0xff,0xff,0xff,0xff,0xd0,0x00,0x63,0xc0,0x00,0xf0,
0x00,0x2d,0x00,0x00,0x3c,0x00,0x0f,0x00,0x02,0xd0,0x00,0x03,0xc0,0x00,0xf0,0x00,0x2d,0x00,0x00,0x3c,
0x00,0x0f,0x00,0x02,0xd0,0x00,0x03,0xff,0xff,0xff,0xff,0xfd,0x00,0x00,0x3f,0xff,0xff,0xff,0xff,0xd0,
0x00,0x03,0xc0,0x00,0xf0,0x00,0x2d,0x00,0x00,0x3c,0x00,0x0f,0x00,0x02,0xd0,0x00,0x03,0xc0,0x00,0xf0,
0x00,0x2d,0x00,0x00,0x3c,0x00,0x0f,0x00,0x02,0xd0,0x00,0x03,0xff,0xff,0xff,0xff,0xfd,0x00,0x00,0x3f,
0xff,0xff,0xff,0xff,0xd0,0x00,0x00,0x00,0x00,0x00,0x00,0x00,0x00,0x00,0x00,0x00,0x00,0x00,0x00,0x00,
0x00,0x00,0x00,0x00,0x00,0x00,0x00,0x00,0x1f,0xff,0xff,0xff,0xff,0xff,0xff,0x41,0xff,0xff,0xff,0xff,
0xff,0xff,0xf4,0x00,0x04,0x00,0x00,0x00,0x00,0x00,0x00,0x02,0xe0,0x00,0x06,0x00,0x02,0x40,0x00,0x3d,
0x00,0x00,0xb4,0x00,0x7c,0x00,0x07,0xea,0xa4,0x03,0xc0,0x0b,0x40,0x00,0xbf,0xff,0xc0,0x2d,0x01,0xf0,
0x00,0x0f,0x00,0xb4,0x01,0xd0,0x2d,0x00,0x02,0xe0,0x0f,0x00,0x00,0x07,0xc0,0x00,0x7c,0x01,0xe0,0x3f,
0xff,0xff,0xf4,0x0b,0x80,0x3c,0x03,0xff,0xff,0xff,0x42,0xff,0xff,0xfe,0x00,0x07,0x80,0x00,0x1f,0xeb,
0xeb,0xe0,0x00,0x78,0x00,0x00,0x74,0x2c,0x1e,0x00,0x07,0x80,0x00,0x07,0x42,0xc1,0xe0,0x00,0x78,0x00,
0x00,0x74,0x2c,0x1e,0x00,0x07,0x80,0x00,0x07,0xeb,0xea,0xe1,0xff,0xff,0xfe,0x00,0x7f,0xff,0xfe,0x1f,
0xff,0xff,0xe0,0x07,0x42,0xc1,0xe0,0x00,0x78,0x00,0x00,0x74,0x2c,0x1e,0x00,0x07,0x80,0x00,0x07,0x42,
0xc1,0xe0,0x00,0x78,0x00,0x00,0x74,0x2c,0x1e,0x00,0x07,0x80,0x00,0x07,0xeb,0xeb,0xeb,0xff,0xff,0xff,
0x80,0x7f,0xff,0xfe,0xbf,0xff,0xff,0xf8,0x00,0x00,0x00,0x00,0x00,0x78,0x00,0x00,0x00,0x00,0x00,0x00,
0x07,0x80,0x00,0x00,0x00,0x15,0xa0,0x00,0x78,0x00,0x01,0x6a,0xff,0xff,0x40,0x07,0x80,0x00,0x1f,0xff,
0xfa,0x50,0x00,0x78,0x00,0x01,0xa5,0x40,0x00,0x00,0x07,0x80,0x00,0x00,0x00,0x00,0x00,0x00,0x78,0x00,
0x00,0x00,0x00,0x00,0x00,0x01,0x40,0x00,0x00,0x50,0x00,0x00,0x00,0x00,0x00,0x00,0x0b,0x00,0x00,0x00,
0x00,0x00,0x00,0x00,0xf0,0x00,0x07,0xff,0xff,0xfc,0x00,0x1f,0xaa,0x80,0x7e,0xaa,0xab,0xc0,0x02,0xff,
0xfc,0x07,0x80,0x00,0x7c,0x00,0x3c,0x07,0x40,0x7f,0xff,0xff,0xc0,0x07,0x80,0xb0,0x07,0xd5,0x55,0xbc,
0x00,0xf4,0x1e,0x00,0x78,0x00,0x07,0xc0,0x1f,0x02,0xc0,0x07,0xea,0xaa,0xbc,0x02,0xff,0xff,0xe0,0x7f,
0xff,0xff,0xc0,0x1f,0xaf,0xae,0x00,0x00,0x00,0x00,0x00,0xb0,0xb0,0xe0,0x55,0x55,0x55,0x50,0x0b,0x0b,
0x0e,0x1f,0xff,0xff,0xff,0x00,0xb0,0xb0,0xe1,0xe0,0xe0,0xe0,0xf0,0x0b,0xaf,0xae,0x1e,0x0e,0x0e,0x0f,
0x00,0xbf,0xff,0xe1,0xe0,0xe0,0xe0,0xf0,0x0b,0x0b,0x0e,0x1f,0xff,0xff,0xff,0x00,0xb0,0xb0,0xe0,0x55,
0x55,0x55,0x50,0x0b,0x0b,0x0e,0x00,0x00,0x00,0x00,0x00,0xb0,0xb0,0xe1,0xaa,0xaa,0xaa,0x80,0x0b,0xaf,
0xae,0x2f,0xff,0xff,0xfc,0x00,0xbf,0xff,0xe0,0x3e,0x00,0x0f,0x40,0x00,0x00,0x00,0x01,0xf4,0x02,0xe0,
0x00,0x00,0x00,0x00,0x07,0xe1,0xf8,0x00,0x00,0x01,0x6b,0x00,0x1f,0xfe,0x00,0x01,0x6b,0xff,0xf0,0x00,
0xbf,0xd0,0x00,0x1f,0xfe,0x50,0x01,0xbf,0xff,0xe4,0x01,0x94,0x00,0x07,0xff,0x90,0xbf,0xf8,0x00,0x00,
0x00,0x7e,0x40,0x00,0x6f,0x40,0x00,0x00,0x01,0x00,0x00,0x00,0x00,0x00,0x00,0x00,0x00,0x00,0x00,0x00,
0x00,0x00,0x00,0x00,0x00,0x7c,0x00,0x00,0x00,0x00,0x00,0x00,0x0b,0x80,0x00,0x00,0x00,0x00,0x00,0x00,
0xf0,0x00,0x00,0x1f,0xff,0xff,0x1f,0xff,0xff,0xf0,0x01,0xff,0xff,0xf1,0xfa,0xaa,0xaf,0x00,0x00,0x00,
0x1e,0x1f,0x00,0x00,0xf0,0x00,0x00,0x01,0xe1,0xf0,0x90,0x0f,0x00,0x01,0x00,0x2d,0x1f,0x0f,0x81,0xf0,
0x00,0xb4,0x03,0xd1,0xf0,0x2e,0x1e,0x00,0x07,0xc0,0x3c,0x1f,0x00,0xa1,0xe0,0x00,0x2e,0x07,0x81,0xf0,
0x00,0x2e,0x00,0x00,0xf4,0xb4,0x1f,0x00,0xab,0xd0,0x00,0x07,0xdf,0x01,0xf0,0x0b,0xf8,0x00,0x00,0x2f,
0xe0,0x1f,0x00,0x00,0x00,0x00,0x01,0xfe,0x01,0xf0,0x00,0x00,0x00,0x00,0x0b,0xd0,0x1f,0xaa,0xaa,0xaa,
0x00,0x00,0xbd,0x01,0xff,0xff,0xff,0xf0,0x00,0x0f,0xf0,0x00,0x00,0x00,0x1f,0x00,0x02,0xff,0x80,0x00,
0x00,0x01,0xe0,0x00,0x7d,0x7c,0x00,0x00,0x00,0x1e,0x00,0x0f,0x83,0xe3,0xff,0xff,0xf1,0xe0,0x02,0xf0,
0x1d,0x7f,0xff,0xff,0x5e,0x00,0xbd,0x00,0x00,0x00,0x00,0x02,0xe0,0x2f,0x80,0x00,0x00,0x00,0x00,0x2d,
0x02,0xe0,0x00,0x00,0x00,0x00,0x02,0xd0,0x08,0x00,0x00,0x00,0x00,0x00,0x3d,0x00,0x00,0x00,0x00,0x00,
0x06,0xaf,0xc0,0x00,0x00,0x00,0x00,0x00,0x3f,0xf4,0x00,0x00,0x00,0x00,0x00,0x00,0x00,0x00,0x00,0x00,
0x00,0x01,0x40,0x00,0x00,0x00,0x00,0x00,0x00,0xb8,0x00,0x00,0x00,0x00,0x00,0x00,0x07,0xd0,0x00,0x00,
0x00,0x00,0x00,0x00,0x3e,0x00,0x00,0x00,0x03,0xff,0xff,0xff,0xff,0xff,0xff,0x40,0x3f,0xff,0xff,0xff,
0xff,0xff,0xf4,0x03,0xd5,0x55,0x55,0x55,0x55,0x55,0x00,0x3d,0x00,0x78,0x00,0x02,0xd0,0x00,0x03,0xd0,
0x07,0x80,0x00,0x2d,0x00,0x00,0x3d,0x00,0x78,0x00,0x02,0xd0,0x00,0x03,0xd0,0x07,0x80,0x00,0x2d,0x00,
0x00,0x3d,0x00,0x78,0x00,0x02,0xd0,0x00,0x03,0xdb,0xff,0xff,0x7f,0xff,0xff,0x40,0x3d,0xbf,0xff,0xf6,
0xff,0xff,0xf4,0x03,0xd0,0x0f,0xc0,0x00,0x7f,0x40,0x00,0x3d,0x01,0xfe,0x00,0x0b,0xfc,0x00,0x03,0xd0,
0x2f,0xf8,0x00,0xff,0xd0,0x00,0x3d,0x03,0xfa,0xe0,0x2e,0xee,0x00,0x03,0xc0,0xbb,0x8f,0x47,0xad,0xb0,
0x00,0x7c,0x0e,0x78,0x74,0xb6,0xd7,0x80,0x07,0xc2,0xd7,0x81,0x1e,0x2d,0x3d,0x00,0x78,0x7c,0x78,0x03,
0xd2,0xd1,0xe0,0x0b,0x9f,0x47,0x80,0xf8,0x2d,0x0f,0x80,0xf6,0xe0,0x78,0x2e,0x02,0xd0,0x7c,0x0f,0x48,
0x07,0x81,0xc0,0x2d,0x02,0x41,0xf0,0x00,0x78,0x00,0x02,0xd0,0x00,0x3e,0x00,0x07,0x80,0x00,0x2d,0x00,
0x03,0xd0,0x00,0x78,0x00,0x02,0xd0,0x00,0x18,0x00,0x07,0x80,0x00,0x2d,0x00,0x00,0x00,0x00,0x10,0x00,
0x00,0x40,0x00,0x00,0x00,0x00,0x00,0x00,0x00,0x00,0x00,0x00,0x03,0xd0,0x00,0x7c,0x00,0x00,0x00,0x00,
0x3d,0x00,0x07,0xc0,0x00,0x00,0x00,0x03,0xd0,0x00,0x7c,0x00,0x00,0x01,0xff,0xff,0xff,0xff,0xff,0xf4,
0x00,0x1f,0xff,0xff,0xff,0xff,0xff,0x40,0x00,0x00,0x3d,0x00,0x07,0xc0,0x00,0x00,0x00,0x03,0xd0,0x00,
0x7c,0x00,0x00,0x00,0x00,0x3d,0x00,0x07,0xc0,0x00,0x01,0xff,0xff,0xff,0xff,0xff,0xff,0xf4,0x1f,0xff,
0xff,0xff,0xff,0xff,0xff,0x40,0x00,0x00,0x01,0xf0,0x00,0x00,0x00,0x00,0x00,0x00,0x1f,0x00,0x00,0x00,
0x00,0x03,0xff,0xff,0xff,0xff,0xfd,0x00,0x00,0x3e,0xaa,0xaf,0xaa,0xab,0xd0,0x00,0x03,0xc0,0x01,0xf0,
0x00,0x3d,0x00,0x00,0x3c,0x00,0x1f,0x00,0x03,0xd0,0x00,0x03,0xea,0xaa,0xfa,0xaa,0xbd,0x00,0x00,0x3f,
0xff,0xff,0xff,0xff,0xd0,0x00,0x03,0xc0,0x01,0xf0,0x00,0x3d,0x00,0x00,0x3c,0x00,0x1f,0x00,0x03,0xd0,
0x00,0x03,0xc0,0x01,0xf0,0x00,0x3d,0x00,0x00,0x3f,0xff,0xff,0xff,0xff,0xd0,0x00,0x02,0xaa,0xaa,0xaa,
0xaa,0xa9,0x00,0x00,0x00,0x19,0x00,0x06,0x40,0x00,0x00,0x00,0x1b,0xf4,0x00,0xff,0x90,0x00,0x00,0x1f,
0xf8,0x00,0x01,0xbf,0x90,0x00,0xbf,0xf8,0x00,0x00,0x00,0x7f,0xe0,0x0b,0xe4,0x00,0x00,0x00,0x00,0x6d,
0x00,0x10,0x00,0x00,0x00,0x00,0x00,0x00,0x00,0x00,0x00,0x00,0x00,0x00,0x00,0x00,0x00,0x00,0x00,0x00,
0x0b,0x40,0x00,0x07,0xff,0xff,0xf8,0x00,0xb4,0x40,0x00,0x7a,0xae,0xab,0x80,0x0b,0xbc,0x00,0x07,0x40,
0xd0,0x78,0x00,0xb5,0xe0,0x00,0x77,0x4d,0x37,0x80,0x0b,0x4b,0x40,0x07,0x68,0xd7,0x78,0x00,0xb4,0x3c,
0x00,0x75,0x8d,0x67,0x80,0x0b,0x41,0xd0,0x07,0x5c,0xd9,0x78,0x00,0xb4,0x04,0x00,0x75,0x8e,0xc7,0x80,
0x0b,0x80,0x00,0x07,0x40,0xd0,0x7a,0xff,0xff,0xff,0x40,0x7f,0xff,0xff,0xaf,0xff,0xff,0xf4,0x06,0xaa,
0xfa,0xa4,0x00,0xb8,0x00,0x00,0x00,0x1e,0x00,0x00,0x0b,0x80,0x00,0x00,0x01,0xe0,0x00,0x00,0xfc,0x00,
0x00,0x6a,0xbf,0xaa,0x40,0x0f,0xd0,0x00,0x0b,0xff,0xff,0xf8,0x01,0xfd,0x00,0x00,0x00,0x1e,0x00,0x00,
0x2e,0xe0,0x00,0x00,0x01,0xe0,0x00,0x02,0xdf,0x00,0x00,0x01,0x6f,0xff,0xc0,0x3c,0xb4,0x00,0x1f,0xff,
0xff,0xe8,0x07,0xc7,0x80,0x00,0xe9,0x54,0x00,0x00,0xb4,0x3c,0x00,0x01,0x00,0x00,0x50,0x1f,0x02,0xe0,
0x00,0x38,0xa3,0x8b,0x02,0xe0,0x0f,0x40,0x07,0x4a,0x2c,0x74,0x7d,0x00,0xb8,0x00,0xb0,0xa1,0xc3,0x8f,
0x80,0x03,0xe0,0x1e,0x0b,0x1d,0x26,0xf0,0x00,0x1f,0x42,0xc0,0xb0,0xd0,0x7d,0x00,0x00,0xbc,0x14,0x05,
0x00,0x02,0x80,0x00,0x02,0x40,0x00,0x00,0x00,0x00,0x00,0x00,0x00,0x00,0x05,0x40,0x00,0x00,0x00,0x00,
0x00,0x00,0xfc,0x00,0x00,0x00,0x00,0x00,0x00,0x0f,0xc0,0x00,0x00,0x00,0x00,0x00,0x00,0xfc,0x00,0x00,
0x00,0x00,0x00,0x00,0x0f,0xc0,0x00,0x00,0x00,0x00,0x00,0x00,0xfc,0x00,0x00,0x00,0x00,0x00,0x00,0x0f,
0xc0,0x00,0x00,0x00,0x00,0x00,0x00,0xfc,0x00,0x00,0x00,0x00,0x00,0x00,0x0f,0xc0,0x00,0x00,0x00,0x00,
0x00,0x00,0xf8,0x00,0x00,0x00,0x00,0x00,0x00,0x0b,0x80,0x00,0x00,0x00,0x00,0x00,0x00,0xb8,0x00,0x00,
0x00,0x00,0x00,0x00,0x0b,0x80,0x00,0x00,0x00,0x00,0x00,0x00,0xb8,0x00,0x00,0x00,0x00,0x00,0x00,0x0b,
0x80,0x00,0x00,0x00,0x00,0x00,0x00,0xb8,0x00,0x00,0x00,0x00,0x00,0x00,0x05,0x40,0x00,0x00,0x00,0x00,
0x00,0x00,0x00,0x00,0x00,0x00,0x00,0x00,0x00,0x00,0x00,0x00,0x00,0x00,0x00,0x00,0x00,0x00,0x00,0x00,
0x00,0x00,0x00,0x00,0x0b,0x80,0x00,0x00,0x00,0x00,0x00,0x01,0xfd,0x00,0x00,0x00,0x00,0x00,0x00,0x1f,
0xd0,0x00,0x00,0x00,0x00,0x00,0x00,0xb8,0x00,0x00,0x00,0x00,0x00,0x00,0x01,0x00,0x00,0x00,0x00,0x00,
0x00,0x01,0xfc,0x00,0x00,0x00,0x00,0x00,0x00,0x3f,0xe0,0x00,0x00,0x00,0x00,0x00,0x02,0xfe,0x00,0x00,
0x00,0x00,0x00,0x00,0x1f,0xf0,0x00,0x00,0x00,0x00,0x00,0x00,0x1e,0x00,0x00,0x00,0x00,0x00,0x00,0x02,
0xd0,0x00,0x00,0x00,0x00,0x00,0x00,0x7c,0x00,0x00,0x00,0x00,0x00,0x00,0x1f,0x40,0x00,0x00,0x00,0x00,
0x00,0x0b,0xd0,0x00,0x00,0x00,0x00,0x00,0x00,0xa4,0x00,0x00,0x00,0x00,0x00,0x00,0x00,0x00,0x00,0x00,
0x00,0x00,0x00,0x00,0x6f,0xe4,0x00,0x00,0x00,0x00,0x00,0x2f,0xff,0xf4,0x00,0x00,0x00,0x00,0x1f,0xe5,
0x6f,0x80,0x00,0x00,0x00,0x02,0xf4,0x00,0xbd,0x00,0x00,0x00,0x00,0x08,0x00,0x03,0xe0,0x00,0x00,0x00,
0x00,0x00,0x00,0x3e,0x00,0x00,0x00,0x00,0x00,0x00,0x03,0xe0,0x00,0x00,0x00,0x00,0x00,0x00,0x7d,0x00,
0x00,0x00,0x00,0x00,0x00,0x0f,0xc0,0x00,0x00,0x00,0x00,0x00,0x02,0xf4,0x00,0x00,0x00,0x00,0x00,0x00,
0xbd,0x00,0x00,0x00,0x00,0x00,0x00,0x2f,0x40,0x00,0x00,0x00,0x00,0x00,0x07,0xe0,0x00,0x00,0x00,0x00,
0x00,0x00,0xf8,0x00,0x00,0x00,0x00,0x00,0x00,0x0f,0x40,0x00,0x00,0x00,0x00,0x00,0x01,0xf4,0x00,0x00,
0x00,0x00,0x00,0x00,0x05,0x00,0x00,0x00,0x00,0x00,0x00,0x00,0x00,0x00,0x00,0x00,0x00,0x00,0x00,0x00,
0x00,0x00,0x00,0x00,0x00,0x00,0x00,0x00,0x00,0x00,0x00,0x00,0x00,0x00,0x1f,0x40,0x00,0x00,0x00,0x00,
0x00,0x02,0xfc,0x00,0x00,0x00,0x00,0x00,0x00,0x2f,0xc0,0x00,0x00,0x00,0x00,0x00,0x01,0xf4,0x00,0x00,
0x00,0x00,0x00,0x00,0x0a,0x80,0x00,0x00,0x2a,0x00,0x00,0x00,0xbd,0x00,0x00,0x07,0xe0,0x00,0x00,0x03,
0xf0,0x00,0x00,0xfc,0x00,0x00,0x00,0x2f,0x80,0x00,0x2f,0x40,0x00,0x00,0x00,0xfc,0x00,0x03,0xe0,0x00,
0x00,0x00,0x07,0xe0,0x00,0xbd,0x00,0x00,0x00,0x00,0x2f,0x40,0x1f,0x80,0x00,0x00,0x00,0x00,0xf8,0x02,
0xf0,0x00,0x00,0x00,0x00,0x07,0xd0,0x7d,0x00,0x00,0x00,0x00,0x00,0x2f,0x0b,0x80,0x00,0x00,0x00,0x00,
0x00,0xf5,0xf0,0x00,0x00,0x00,0x00,0x00,0x07,0xfd,0x00,0x00,0x00,0x00,0x01,0xff,0xff,0xff,0xf4,0x00,
0x00,0x00,0x1a,0xaa,0xfa,0xaa,0x40,0x00,0x00,0x00,0x00,0x1f,0x40,0x00,0x00,0x00,0x00,0x00,0x01,0xf4,
0x00,0x00,0x00,0x00,0x01,0xff,0xff,0xff,0xf4,0x00,0x00,0x00,0x1a,0xaa,0xfa,0xaa,0x00,0x00,0x00,0x00,
0x00,0x1f,0x40,0x00,0x00,0x00,0x00,0x00,0x01,0xf4,0x00,0x00,0x00,0x00,0x00,0x00,0x1f,0x40,0x00,0x00,
0x00,0x00,0x00,0x01,0xf4,0x00,0x00,0x00,0x00,0x00,0x00,0x1a,0x40,0x00,0x00,0x00 };
static const lv_font_fmt_txt_glyph_dsc_t glyphs[]={ {0},
{.bitmap_index=0,.adv_w=112,.box_w=7,.box_h=0,.ofs_x=0,.ofs_y=0},
{.bitmap_index=0,.adv_w=160,.box_w=10,.box_h=23,.ofs_x=0,.ofs_y=0},
{.bitmap_index=58,.adv_w=224,.box_w=14,.box_h=23,.ofs_x=0,.ofs_y=0},
{.bitmap_index=139,.adv_w=272,.box_w=17,.box_h=23,.ofs_x=0,.ofs_y=0},
{.bitmap_index=237,.adv_w=272,.box_w=17,.box_h=30,.ofs_x=0,.ofs_y=-4},
{.bitmap_index=365,.adv_w=448,.box_w=28,.box_h=22,.ofs_x=0,.ofs_y=0},
{.bitmap_index=519,.adv_w=320,.box_w=20,.box_h=22,.ofs_x=0,.ofs_y=0},
{.bitmap_index=629,.adv_w=128,.box_w=8,.box_h=23,.ofs_x=0,.ofs_y=0},
{.bitmap_index=675,.adv_w=160,.box_w=10,.box_h=31,.ofs_x=0,.ofs_y=-6},
{.bitmap_index=753,.adv_w=160,.box_w=10,.box_h=31,.ofs_x=0,.ofs_y=-6},
{.bitmap_index=831,.adv_w=224,.box_w=14,.box_h=24,.ofs_x=0,.ofs_y=0},
{.bitmap_index=915,.adv_w=272,.box_w=17,.box_h=19,.ofs_x=0,.ofs_y=0},
{.bitmap_index=996,.adv_w=128,.box_w=8,.box_h=10,.ofs_x=0,.ofs_y=-6},
{.bitmap_index=1016,.adv_w=160,.box_w=10,.box_h=10,.ofs_x=0,.ofs_y=0},
{.bitmap_index=1041,.adv_w=128,.box_w=8,.box_h=5,.ofs_x=0,.ofs_y=0},
{.bitmap_index=1051,.adv_w=192,.box_w=12,.box_h=30,.ofs_x=0,.ofs_y=-6},
{.bitmap_index=1141,.adv_w=272,.box_w=17,.box_h=22,.ofs_x=0,.ofs_y=0},
{.bitmap_index=1235,.adv_w=272,.box_w=17,.box_h=22,.ofs_x=0,.ofs_y=0},
{.bitmap_index=1329,.adv_w=272,.box_w=17,.box_h=22,.ofs_x=0,.ofs_y=0},
{.bitmap_index=1423,.adv_w=272,.box_w=17,.box_h=22,.ofs_x=0,.ofs_y=0},
{.bitmap_index=1517,.adv_w=272,.box_w=17,.box_h=22,.ofs_x=0,.ofs_y=0},
{.bitmap_index=1611,.adv_w=272,.box_w=17,.box_h=22,.ofs_x=0,.ofs_y=0},
{.bitmap_index=1705,.adv_w=272,.box_w=17,.box_h=22,.ofs_x=0,.ofs_y=0},
{.bitmap_index=1799,.adv_w=272,.box_w=17,.box_h=22,.ofs_x=0,.ofs_y=0},
{.bitmap_index=1893,.adv_w=272,.box_w=17,.box_h=22,.ofs_x=0,.ofs_y=0},
{.bitmap_index=1987,.adv_w=272,.box_w=17,.box_h=22,.ofs_x=0,.ofs_y=0},
{.bitmap_index=2081,.adv_w=128,.box_w=8,.box_h=17,.ofs_x=0,.ofs_y=0},
{.bitmap_index=2115,.adv_w=128,.box_w=8,.box_h=22,.ofs_x=0,.ofs_y=-6},
{.bitmap_index=2159,.adv_w=272,.box_w=17,.box_h=18,.ofs_x=0,.ofs_y=0},
{.bitmap_index=2236,.adv_w=272,.box_w=17,.box_h=16,.ofs_x=0,.ofs_y=0},
{.bitmap_index=2304,.adv_w=272,.box_w=17,.box_h=18,.ofs_x=0,.ofs_y=0},
{.bitmap_index=2381,.adv_w=224,.box_w=14,.box_h=24,.ofs_x=0,.ofs_y=0},
{.bitmap_index=2465,.adv_w=448,.box_w=28,.box_h=27,.ofs_x=0,.ofs_y=-5},
{.bitmap_index=2654,.adv_w=288,.box_w=19,.box_h=22,.ofs_x=0,.ofs_y=0},
{.bitmap_index=2759,.adv_w=320,.box_w=20,.box_h=22,.ofs_x=0,.ofs_y=0},
{.bitmap_index=2869,.adv_w=304,.box_w=19,.box_h=22,.ofs_x=0,.ofs_y=0},
{.bitmap_index=2974,.adv_w=336,.box_w=21,.box_h=22,.ofs_x=0,.ofs_y=0},
{.bitmap_index=3090,.adv_w=288,.box_w=18,.box_h=22,.ofs_x=0,.ofs_y=0},
{.bitmap_index=3189,.adv_w=272,.box_w=17,.box_h=22,.ofs_x=0,.ofs_y=0},
{.bitmap_index=3283,.adv_w=336,.box_w=21,.box_h=22,.ofs_x=0,.ofs_y=0},
{.bitmap_index=3399,.adv_w=352,.box_w=22,.box_h=22,.ofs_x=0,.ofs_y=0},
{.bitmap_index=3520,.adv_w=144,.box_w=9,.box_h=22,.ofs_x=0,.ofs_y=0},
{.bitmap_index=3570,.adv_w=256,.box_w=16,.box_h=22,.ofs_x=0,.ofs_y=0},
{.bitmap_index=3658,.adv_w=304,.box_w=20,.box_h=22,.ofs_x=0,.ofs_y=0},
{.bitmap_index=3768,.adv_w=256,.box_w=16,.box_h=22,.ofs_x=0,.ofs_y=0},
{.bitmap_index=3856,.adv_w=384,.box_w=24,.box_h=22,.ofs_x=0,.ofs_y=0},
{.bitmap_index=3988,.adv_w=352,.box_w=22,.box_h=22,.ofs_x=0,.ofs_y=0},
{.bitmap_index=4109,.adv_w=352,.box_w=22,.box_h=22,.ofs_x=0,.ofs_y=0},
{.bitmap_index=4230,.adv_w=304,.box_w=19,.box_h=22,.ofs_x=0,.ofs_y=0},
{.bitmap_index=4335,.adv_w=352,.box_w=22,.box_h=28,.ofs_x=0,.ofs_y=-6},
{.bitmap_index=4489,.adv_w=304,.box_w=19,.box_h=22,.ofs_x=0,.ofs_y=0},
{.bitmap_index=4594,.adv_w=288,.box_w=18,.box_h=22,.ofs_x=0,.ofs_y=0},
{.bitmap_index=4693,.adv_w=288,.box_w=18,.box_h=22,.ofs_x=0,.ofs_y=0},
{.bitmap_index=4792,.adv_w=352,.box_w=22,.box_h=22,.ofs_x=0,.ofs_y=0},
{.bitmap_index=4913,.adv_w=272,.box_w=18,.box_h=22,.ofs_x=0,.ofs_y=0},
{.bitmap_index=5012,.adv_w=416,.box_w=26,.box_h=22,.ofs_x=0,.ofs_y=0},
{.bitmap_index=5155,.adv_w=272,.box_w=17,.box_h=22,.ofs_x=0,.ofs_y=0},
{.bitmap_index=5249,.adv_w=256,.box_w=17,.box_h=22,.ofs_x=-1,.ofs_y=0},
{.bitmap_index=5343,.adv_w=288,.box_w=18,.box_h=22,.ofs_x=0,.ofs_y=0},
{.bitmap_index=5442,.adv_w=160,.box_w=10,.box_h=29,.ofs_x=0,.ofs_y=-5},
{.bitmap_index=5515,.adv_w=192,.box_w=12,.box_h=30,.ofs_x=0,.ofs_y=-6},
{.bitmap_index=5605,.adv_w=160,.box_w=10,.box_h=29,.ofs_x=0,.ofs_y=-5},
{.bitmap_index=5678,.adv_w=272,.box_w=17,.box_h=23,.ofs_x=0,.ofs_y=0},
{.bitmap_index=5776,.adv_w=272,.box_w=17,.box_h=4,.ofs_x=0,.ofs_y=-4},
{.bitmap_index=5793,.adv_w=288,.box_w=18,.box_h=26,.ofs_x=0,.ofs_y=0},
{.bitmap_index=5910,.adv_w=272,.box_w=17,.box_h=16,.ofs_x=0,.ofs_y=0},
{.bitmap_index=5978,.adv_w=304,.box_w=19,.box_h=24,.ofs_x=0,.ofs_y=0},
{.bitmap_index=6092,.adv_w=240,.box_w=15,.box_h=16,.ofs_x=0,.ofs_y=0},
{.bitmap_index=6152,.adv_w=304,.box_w=19,.box_h=24,.ofs_x=0,.ofs_y=0},
{.bitmap_index=6266,.adv_w=272,.box_w=17,.box_h=16,.ofs_x=0,.ofs_y=0},
{.bitmap_index=6334,.adv_w=160,.box_w=11,.box_h=24,.ofs_x=0,.ofs_y=0},
{.bitmap_index=6400,.adv_w=272,.box_w=17,.box_h=23,.ofs_x=0,.ofs_y=-7},
{.bitmap_index=6498,.adv_w=288,.box_w=18,.box_h=24,.ofs_x=0,.ofs_y=0},
{.bitmap_index=6606,.adv_w=128,.box_w=8,.box_h=23,.ofs_x=0,.ofs_y=0},
{.bitmap_index=6652,.adv_w=128,.box_w=10,.box_h=30,.ofs_x=-2,.ofs_y=-7},
{.bitmap_index=6727,.adv_w=272,.box_w=17,.box_h=24,.ofs_x=0,.ofs_y=0},
{.bitmap_index=6829,.adv_w=144,.box_w=9,.box_h=25,.ofs_x=0,.ofs_y=0},
{.bitmap_index=6886,.adv_w=448,.box_w=28,.box_h=16,.ofs_x=0,.ofs_y=0},
{.bitmap_index=6998,.adv_w=288,.box_w=18,.box_h=16,.ofs_x=0,.ofs_y=0},
{.bitmap_index=7070,.adv_w=288,.box_w=18,.box_h=16,.ofs_x=0,.ofs_y=0},
{.bitmap_index=7142,.adv_w=304,.box_w=19,.box_h=23,.ofs_x=0,.ofs_y=-7},
{.bitmap_index=7252,.adv_w=304,.box_w=19,.box_h=23,.ofs_x=0,.ofs_y=-7},
{.bitmap_index=7362,.adv_w=192,.box_w=12,.box_h=16,.ofs_x=0,.ofs_y=0},
{.bitmap_index=7410,.adv_w=224,.box_w=14,.box_h=16,.ofs_x=0,.ofs_y=0},
{.bitmap_index=7466,.adv_w=176,.box_w=11,.box_h=21,.ofs_x=0,.ofs_y=0},
{.bitmap_index=7524,.adv_w=288,.box_w=18,.box_h=16,.ofs_x=0,.ofs_y=0},
{.bitmap_index=7596,.adv_w=256,.box_w=16,.box_h=16,.ofs_x=0,.ofs_y=0},
{.bitmap_index=7660,.adv_w=384,.box_w=24,.box_h=16,.ofs_x=0,.ofs_y=0},
{.bitmap_index=7756,.adv_w=240,.box_w=15,.box_h=16,.ofs_x=0,.ofs_y=0},
{.bitmap_index=7816,.adv_w=256,.box_w=16,.box_h=23,.ofs_x=0,.ofs_y=-7},
{.bitmap_index=7908,.adv_w=224,.box_w=14,.box_h=16,.ofs_x=0,.ofs_y=0},
{.bitmap_index=7964,.adv_w=160,.box_w=10,.box_h=29,.ofs_x=0,.ofs_y=-5},
{.bitmap_index=8037,.adv_w=128,.box_w=8,.box_h=34,.ofs_x=0,.ofs_y=-9},
{.bitmap_index=8105,.adv_w=160,.box_w=10,.box_h=29,.ofs_x=0,.ofs_y=-5},
{.bitmap_index=8178,.adv_w=272,.box_w=17,.box_h=14,.ofs_x=0,.ofs_y=0},
{.bitmap_index=8238,.adv_w=480,.box_w=30,.box_h=15,.ofs_x=0,.ofs_y=0},
{.bitmap_index=8351,.adv_w=480,.box_w=30,.box_h=10,.ofs_x=0,.ofs_y=-3},
{.bitmap_index=8426,.adv_w=480,.box_w=30,.box_h=13,.ofs_x=0,.ofs_y=0},
{.bitmap_index=8524,.adv_w=480,.box_w=30,.box_h=24,.ofs_x=0,.ofs_y=-1},
{.bitmap_index=8704,.adv_w=480,.box_w=30,.box_h=27,.ofs_x=0,.ofs_y=-2},
{.bitmap_index=8907,.adv_w=480,.box_w=30,.box_h=27,.ofs_x=0,.ofs_y=-4},
{.bitmap_index=9110,.adv_w=480,.box_w=30,.box_h=27,.ofs_x=0,.ofs_y=-4},
{.bitmap_index=9313,.adv_w=480,.box_w=30,.box_h=29,.ofs_x=0,.ofs_y=-4},
{.bitmap_index=9531,.adv_w=480,.box_w=30,.box_h=30,.ofs_x=0,.ofs_y=-4},
{.bitmap_index=9756,.adv_w=480,.box_w=30,.box_h=29,.ofs_x=0,.ofs_y=-3},
{.bitmap_index=9974,.adv_w=480,.box_w=30,.box_h=28,.ofs_x=0,.ofs_y=-3},
{.bitmap_index=10184,.adv_w=480,.box_w=30,.box_h=29,.ofs_x=0,.ofs_y=-4},
{.bitmap_index=10402,.adv_w=480,.box_w=30,.box_h=30,.ofs_x=0,.ofs_y=-4},
{.bitmap_index=10627,.adv_w=480,.box_w=30,.box_h=27,.ofs_x=0,.ofs_y=-2},
{.bitmap_index=10830,.adv_w=480,.box_w=30,.box_h=29,.ofs_x=0,.ofs_y=-4},
{.bitmap_index=11048,.adv_w=480,.box_w=30,.box_h=29,.ofs_x=0,.ofs_y=-3},
{.bitmap_index=11266,.adv_w=480,.box_w=30,.box_h=28,.ofs_x=0,.ofs_y=-4},
{.bitmap_index=11476,.adv_w=480,.box_w=30,.box_h=27,.ofs_x=0,.ofs_y=-4},
{.bitmap_index=11679,.adv_w=480,.box_w=30,.box_h=30,.ofs_x=0,.ofs_y=-4},
{.bitmap_index=11904,.adv_w=480,.box_w=30,.box_h=30,.ofs_x=0,.ofs_y=-4},
{.bitmap_index=12129,.adv_w=480,.box_w=30,.box_h=30,.ofs_x=0,.ofs_y=-4},
{.bitmap_index=12354,.adv_w=480,.box_w=30,.box_h=27,.ofs_x=0,.ofs_y=-3},
{.bitmap_index=12557,.adv_w=480,.box_w=30,.box_h=30,.ofs_x=0,.ofs_y=-4},
{.bitmap_index=12782,.adv_w=480,.box_w=30,.box_h=30,.ofs_x=0,.ofs_y=-4},
{.bitmap_index=13007,.adv_w=480,.box_w=30,.box_h=29,.ofs_x=0,.ofs_y=-4},
{.bitmap_index=13225,.adv_w=480,.box_w=30,.box_h=30,.ofs_x=0,.ofs_y=-4},
{.bitmap_index=13450,.adv_w=480,.box_w=30,.box_h=30,.ofs_x=0,.ofs_y=-4},
{.bitmap_index=13675,.adv_w=480,.box_w=30,.box_h=27,.ofs_x=0,.ofs_y=-3},
{.bitmap_index=13878,.adv_w=480,.box_w=30,.box_h=29,.ofs_x=0,.ofs_y=-3},
{.bitmap_index=14096,.adv_w=480,.box_w=30,.box_h=28,.ofs_x=0,.ofs_y=-2},
{.bitmap_index=14306,.adv_w=480,.box_w=30,.box_h=30,.ofs_x=0,.ofs_y=-4},
{.bitmap_index=14531,.adv_w=480,.box_w=30,.box_h=29,.ofs_x=0,.ofs_y=-4},
{.bitmap_index=14749,.adv_w=480,.box_w=30,.box_h=28,.ofs_x=0,.ofs_y=-4},
{.bitmap_index=14959,.adv_w=480,.box_w=30,.box_h=28,.ofs_x=0,.ofs_y=-4},
{.bitmap_index=15169,.adv_w=480,.box_w=30,.box_h=30,.ofs_x=0,.ofs_y=-4},
{.bitmap_index=15394,.adv_w=480,.box_w=30,.box_h=30,.ofs_x=0,.ofs_y=-4},
{.bitmap_index=15619,.adv_w=480,.box_w=30,.box_h=30,.ofs_x=0,.ofs_y=-4},
{.bitmap_index=15844,.adv_w=480,.box_w=30,.box_h=26,.ofs_x=0,.ofs_y=-4},
{.bitmap_index=16039,.adv_w=480,.box_w=30,.box_h=29,.ofs_x=0,.ofs_y=-4},
{.bitmap_index=16257,.adv_w=480,.box_w=30,.box_h=28,.ofs_x=0,.ofs_y=-4},
{.bitmap_index=16467,.adv_w=480,.box_w=30,.box_h=30,.ofs_x=0,.ofs_y=-4},
{.bitmap_index=16692,.adv_w=480,.box_w=30,.box_h=29,.ofs_x=0,.ofs_y=-4},
{.bitmap_index=16910,.adv_w=480,.box_w=30,.box_h=30,.ofs_x=0,.ofs_y=-4},
{.bitmap_index=17135,.adv_w=480,.box_w=30,.box_h=29,.ofs_x=0,.ofs_y=-4},
{.bitmap_index=17353,.adv_w=480,.box_w=30,.box_h=30,.ofs_x=0,.ofs_y=-4},
{.bitmap_index=17578,.adv_w=480,.box_w=30,.box_h=30,.ofs_x=0,.ofs_y=-4},
{.bitmap_index=17803,.adv_w=480,.box_w=30,.box_h=29,.ofs_x=0,.ofs_y=-3},
{.bitmap_index=18021,.adv_w=480,.box_w=30,.box_h=30,.ofs_x=0,.ofs_y=-4},
{.bitmap_index=18246,.adv_w=480,.box_w=30,.box_h=30,.ofs_x=0,.ofs_y=-4},
{.bitmap_index=18471,.adv_w=480,.box_w=30,.box_h=28,.ofs_x=0,.ofs_y=-4},
{.bitmap_index=18681,.adv_w=480,.box_w=30,.box_h=25,.ofs_x=0,.ofs_y=-3},
{.bitmap_index=18869,.adv_w=480,.box_w=30,.box_h=26,.ofs_x=0,.ofs_y=-3},
{.bitmap_index=19064,.adv_w=480,.box_w=30,.box_h=27,.ofs_x=0,.ofs_y=-3},
{.bitmap_index=19267,.adv_w=480,.box_w=30,.box_h=29,.ofs_x=0,.ofs_y=-3},
{.bitmap_index=19485,.adv_w=480,.box_w=30,.box_h=30,.ofs_x=0,.ofs_y=-4},
{.bitmap_index=19710,.adv_w=480,.box_w=30,.box_h=28,.ofs_x=0,.ofs_y=-4},
{.bitmap_index=19920,.adv_w=480,.box_w=30,.box_h=28,.ofs_x=0,.ofs_y=-4},
{.bitmap_index=20130,.adv_w=480,.box_w=30,.box_h=30,.ofs_x=0,.ofs_y=-4},
{.bitmap_index=20355,.adv_w=480,.box_w=30,.box_h=30,.ofs_x=0,.ofs_y=-4},
{.bitmap_index=20580,.adv_w=480,.box_w=30,.box_h=30,.ofs_x=0,.ofs_y=-4},
{.bitmap_index=20805,.adv_w=480,.box_w=30,.box_h=30,.ofs_x=0,.ofs_y=-4},
{.bitmap_index=21030,.adv_w=480,.box_w=30,.box_h=30,.ofs_x=0,.ofs_y=-4},
{.bitmap_index=21255,.adv_w=480,.box_w=30,.box_h=28,.ofs_x=0,.ofs_y=-4},
{.bitmap_index=21465,.adv_w=480,.box_w=30,.box_h=28,.ofs_x=0,.ofs_y=-4},
{.bitmap_index=21675,.adv_w=480,.box_w=30,.box_h=28,.ofs_x=0,.ofs_y=-4},
{.bitmap_index=21885,.adv_w=480,.box_w=30,.box_h=28,.ofs_x=0,.ofs_y=-4},
{.bitmap_index=22095,.adv_w=480,.box_w=30,.box_h=29,.ofs_x=0,.ofs_y=-3},
{.bitmap_index=22313,.adv_w=480,.box_w=30,.box_h=28,.ofs_x=0,.ofs_y=-2},
{.bitmap_index=22523,.adv_w=480,.box_w=30,.box_h=30,.ofs_x=0,.ofs_y=-4},
{.bitmap_index=22748,.adv_w=480,.box_w=30,.box_h=30,.ofs_x=0,.ofs_y=-4},
{.bitmap_index=22973,.adv_w=480,.box_w=30,.box_h=27,.ofs_x=0,.ofs_y=-4},
{.bitmap_index=23176,.adv_w=480,.box_w=30,.box_h=30,.ofs_x=0,.ofs_y=-4},
{.bitmap_index=23401,.adv_w=480,.box_w=30,.box_h=30,.ofs_x=0,.ofs_y=-4},
{.bitmap_index=23626,.adv_w=480,.box_w=30,.box_h=30,.ofs_x=0,.ofs_y=-4},
{.bitmap_index=23851,.adv_w=480,.box_w=30,.box_h=30,.ofs_x=0,.ofs_y=-4},
{.bitmap_index=24076,.adv_w=480,.box_w=30,.box_h=30,.ofs_x=0,.ofs_y=-4},
{.bitmap_index=24301,.adv_w=480,.box_w=30,.box_h=30,.ofs_x=0,.ofs_y=-4},
{.bitmap_index=24526,.adv_w=480,.box_w=30,.box_h=30,.ofs_x=0,.ofs_y=-4},
{.bitmap_index=24751,.adv_w=480,.box_w=30,.box_h=30,.ofs_x=0,.ofs_y=-4},
{.bitmap_index=24976,.adv_w=480,.box_w=30,.box_h=28,.ofs_x=0,.ofs_y=-4},
{.bitmap_index=25186,.adv_w=480,.box_w=30,.box_h=30,.ofs_x=0,.ofs_y=-4},
{.bitmap_index=25411,.adv_w=480,.box_w=30,.box_h=29,.ofs_x=0,.ofs_y=-3},
{.bitmap_index=25629,.adv_w=480,.box_w=30,.box_h=30,.ofs_x=0,.ofs_y=-4},
{.bitmap_index=25854,.adv_w=480,.box_w=30,.box_h=30,.ofs_x=0,.ofs_y=-4},
{.bitmap_index=26079,.adv_w=480,.box_w=30,.box_h=30,.ofs_x=0,.ofs_y=-4},
{.bitmap_index=26304,.adv_w=480,.box_w=30,.box_h=30,.ofs_x=0,.ofs_y=-4},
{.bitmap_index=26529,.adv_w=480,.box_w=30,.box_h=30,.ofs_x=0,.ofs_y=-4},
{.bitmap_index=26754,.adv_w=480,.box_w=30,.box_h=29,.ofs_x=0,.ofs_y=-4},
{.bitmap_index=26972,.adv_w=480,.box_w=30,.box_h=30,.ofs_x=0,.ofs_y=-4},
{.bitmap_index=27197,.adv_w=480,.box_w=30,.box_h=27,.ofs_x=0,.ofs_y=-3},
{.bitmap_index=27400,.adv_w=480,.box_w=30,.box_h=28,.ofs_x=0,.ofs_y=-3},
{.bitmap_index=27610,.adv_w=480,.box_w=30,.box_h=27,.ofs_x=0,.ofs_y=-3},
{.bitmap_index=27813,.adv_w=480,.box_w=30,.box_h=29,.ofs_x=0,.ofs_y=-4},
{.bitmap_index=28031,.adv_w=480,.box_w=30,.box_h=27,.ofs_x=0,.ofs_y=-4},
{.bitmap_index=28234,.adv_w=480,.box_w=30,.box_h=30,.ofs_x=0,.ofs_y=-4},
{.bitmap_index=28459,.adv_w=480,.box_w=30,.box_h=30,.ofs_x=0,.ofs_y=-4},
{.bitmap_index=28684,.adv_w=480,.box_w=30,.box_h=28,.ofs_x=0,.ofs_y=-4},
{.bitmap_index=28894,.adv_w=480,.box_w=30,.box_h=30,.ofs_x=0,.ofs_y=-4},
{.bitmap_index=29119,.adv_w=480,.box_w=30,.box_h=30,.ofs_x=0,.ofs_y=-4},
{.bitmap_index=29344,.adv_w=480,.box_w=30,.box_h=27,.ofs_x=0,.ofs_y=-3},
{.bitmap_index=29547,.adv_w=480,.box_w=30,.box_h=30,.ofs_x=0,.ofs_y=-4},
{.bitmap_index=29772,.adv_w=480,.box_w=30,.box_h=30,.ofs_x=0,.ofs_y=-4},
{.bitmap_index=29997,.adv_w=480,.box_w=30,.box_h=30,.ofs_x=0,.ofs_y=-4},
{.bitmap_index=30222,.adv_w=480,.box_w=30,.box_h=29,.ofs_x=0,.ofs_y=-3},
{.bitmap_index=30440,.adv_w=480,.box_w=30,.box_h=29,.ofs_x=0,.ofs_y=-3},
{.bitmap_index=30658,.adv_w=480,.box_w=30,.box_h=29,.ofs_x=0,.ofs_y=-3},
{.bitmap_index=30876,.adv_w=480,.box_w=30,.box_h=30,.ofs_x=0,.ofs_y=-4},
{.bitmap_index=31101,.adv_w=480,.box_w=30,.box_h=30,.ofs_x=0,.ofs_y=-4},
{.bitmap_index=31326,.adv_w=480,.box_w=30,.box_h=30,.ofs_x=0,.ofs_y=-4},
{.bitmap_index=31551,.adv_w=480,.box_w=30,.box_h=30,.ofs_x=0,.ofs_y=-4},
{.bitmap_index=31776,.adv_w=480,.box_w=30,.box_h=30,.ofs_x=0,.ofs_y=-4},
{.bitmap_index=32001,.adv_w=480,.box_w=30,.box_h=30,.ofs_x=0,.ofs_y=-4},
{.bitmap_index=32226,.adv_w=480,.box_w=30,.box_h=30,.ofs_x=0,.ofs_y=-4},
{.bitmap_index=32451,.adv_w=480,.box_w=30,.box_h=30,.ofs_x=0,.ofs_y=-4},
{.bitmap_index=32676,.adv_w=480,.box_w=30,.box_h=30,.ofs_x=0,.ofs_y=-4},
{.bitmap_index=32901,.adv_w=480,.box_w=30,.box_h=30,.ofs_x=0,.ofs_y=-4},
{.bitmap_index=33126,.adv_w=480,.box_w=30,.box_h=30,.ofs_x=0,.ofs_y=-4},
{.bitmap_index=33351,.adv_w=480,.box_w=30,.box_h=28,.ofs_x=0,.ofs_y=-2},
{.bitmap_index=33561,.adv_w=480,.box_w=30,.box_h=30,.ofs_x=0,.ofs_y=-4},
{.bitmap_index=33786,.adv_w=480,.box_w=30,.box_h=26,.ofs_x=0,.ofs_y=-3},
{.bitmap_index=33981,.adv_w=480,.box_w=30,.box_h=28,.ofs_x=0,.ofs_y=-4},
{.bitmap_index=34191,.adv_w=480,.box_w=30,.box_h=30,.ofs_x=0,.ofs_y=-4},
{.bitmap_index=34416,.adv_w=480,.box_w=30,.box_h=30,.ofs_x=0,.ofs_y=-4},
{.bitmap_index=34641,.adv_w=480,.box_w=30,.box_h=30,.ofs_x=0,.ofs_y=-4},
{.bitmap_index=34866,.adv_w=480,.box_w=30,.box_h=30,.ofs_x=0,.ofs_y=-4},
{.bitmap_index=35091,.adv_w=480,.box_w=30,.box_h=30,.ofs_x=0,.ofs_y=-4},
{.bitmap_index=35316,.adv_w=480,.box_w=30,.box_h=29,.ofs_x=0,.ofs_y=-4},
{.bitmap_index=35534,.adv_w=480,.box_w=30,.box_h=30,.ofs_x=0,.ofs_y=-4},
{.bitmap_index=35759,.adv_w=480,.box_w=30,.box_h=28,.ofs_x=0,.ofs_y=-4},
{.bitmap_index=35969,.adv_w=480,.box_w=30,.box_h=29,.ofs_x=0,.ofs_y=-3},
{.bitmap_index=36187,.adv_w=480,.box_w=30,.box_h=30,.ofs_x=0,.ofs_y=-4},
{.bitmap_index=36412,.adv_w=480,.box_w=30,.box_h=30,.ofs_x=0,.ofs_y=-4},
{.bitmap_index=36637,.adv_w=480,.box_w=30,.box_h=30,.ofs_x=0,.ofs_y=-4},
{.bitmap_index=36862,.adv_w=480,.box_w=30,.box_h=30,.ofs_x=0,.ofs_y=-4},
{.bitmap_index=37087,.adv_w=480,.box_w=30,.box_h=30,.ofs_x=0,.ofs_y=-4},
{.bitmap_index=37312,.adv_w=480,.box_w=30,.box_h=30,.ofs_x=0,.ofs_y=-4},
{.bitmap_index=37537,.adv_w=480,.box_w=30,.box_h=30,.ofs_x=0,.ofs_y=-4},
{.bitmap_index=37762,.adv_w=480,.box_w=30,.box_h=30,.ofs_x=0,.ofs_y=-4},
{.bitmap_index=37987,.adv_w=480,.box_w=30,.box_h=30,.ofs_x=0,.ofs_y=-4},
{.bitmap_index=38212,.adv_w=480,.box_w=30,.box_h=30,.ofs_x=0,.ofs_y=-4},
{.bitmap_index=38437,.adv_w=480,.box_w=30,.box_h=25,.ofs_x=0,.ofs_y=-2},
{.bitmap_index=38625,.adv_w=480,.box_w=30,.box_h=30,.ofs_x=0,.ofs_y=-4},
{.bitmap_index=38850,.adv_w=480,.box_w=30,.box_h=29,.ofs_x=0,.ofs_y=-4},
{.bitmap_index=39068,.adv_w=480,.box_w=30,.box_h=29,.ofs_x=0,.ofs_y=-4},
{.bitmap_index=39286,.adv_w=480,.box_w=30,.box_h=29,.ofs_x=0,.ofs_y=-4},
{.bitmap_index=39504,.adv_w=480,.box_w=30,.box_h=28,.ofs_x=0,.ofs_y=-3},
{.bitmap_index=39714,.adv_w=480,.box_w=30,.box_h=29,.ofs_x=0,.ofs_y=-4},
{.bitmap_index=39932,.adv_w=480,.box_w=30,.box_h=28,.ofs_x=0,.ofs_y=-3},
{.bitmap_index=40142,.adv_w=480,.box_w=30,.box_h=30,.ofs_x=0,.ofs_y=-4},
{.bitmap_index=40367,.adv_w=480,.box_w=30,.box_h=30,.ofs_x=0,.ofs_y=-4},
{.bitmap_index=40592,.adv_w=480,.box_w=30,.box_h=30,.ofs_x=0,.ofs_y=-4},
{.bitmap_index=40817,.adv_w=480,.box_w=30,.box_h=30,.ofs_x=0,.ofs_y=-4},
{.bitmap_index=41042,.adv_w=480,.box_w=30,.box_h=30,.ofs_x=0,.ofs_y=-4},
{.bitmap_index=41267,.adv_w=480,.box_w=30,.box_h=30,.ofs_x=0,.ofs_y=-4},
{.bitmap_index=41492,.adv_w=480,.box_w=30,.box_h=30,.ofs_x=0,.ofs_y=-4},
{.bitmap_index=41717,.adv_w=480,.box_w=30,.box_h=28,.ofs_x=0,.ofs_y=-3},
{.bitmap_index=41927,.adv_w=480,.box_w=30,.box_h=30,.ofs_x=0,.ofs_y=-4},
{.bitmap_index=42152,.adv_w=480,.box_w=30,.box_h=29,.ofs_x=0,.ofs_y=-4},
{.bitmap_index=42370,.adv_w=480,.box_w=30,.box_h=30,.ofs_x=0,.ofs_y=-4},
{.bitmap_index=42595,.adv_w=480,.box_w=30,.box_h=30,.ofs_x=0,.ofs_y=-4},
{.bitmap_index=42820,.adv_w=480,.box_w=30,.box_h=28,.ofs_x=0,.ofs_y=-3},
{.bitmap_index=43030,.adv_w=480,.box_w=30,.box_h=28,.ofs_x=0,.ofs_y=-3},
{.bitmap_index=43240,.adv_w=480,.box_w=30,.box_h=30,.ofs_x=0,.ofs_y=-4},
{.bitmap_index=43465,.adv_w=480,.box_w=30,.box_h=30,.ofs_x=0,.ofs_y=-4},
{.bitmap_index=43690,.adv_w=480,.box_w=30,.box_h=30,.ofs_x=0,.ofs_y=-4},
{.bitmap_index=43915,.adv_w=480,.box_w=30,.box_h=30,.ofs_x=0,.ofs_y=-4},
{.bitmap_index=44140,.adv_w=480,.box_w=30,.box_h=29,.ofs_x=0,.ofs_y=-4},
{.bitmap_index=44358,.adv_w=480,.box_w=30,.box_h=30,.ofs_x=0,.ofs_y=-4},
{.bitmap_index=44583,.adv_w=480,.box_w=30,.box_h=30,.ofs_x=0,.ofs_y=-4},
{.bitmap_index=44808,.adv_w=480,.box_w=30,.box_h=30,.ofs_x=0,.ofs_y=-4},
{.bitmap_index=45033,.adv_w=480,.box_w=30,.box_h=30,.ofs_x=0,.ofs_y=-4},
{.bitmap_index=45258,.adv_w=480,.box_w=30,.box_h=30,.ofs_x=0,.ofs_y=-4},
{.bitmap_index=45483,.adv_w=480,.box_w=30,.box_h=30,.ofs_x=0,.ofs_y=-4},
{.bitmap_index=45708,.adv_w=480,.box_w=30,.box_h=29,.ofs_x=0,.ofs_y=-3},
{.bitmap_index=45926,.adv_w=480,.box_w=30,.box_h=27,.ofs_x=0,.ofs_y=-4},
{.bitmap_index=46129,.adv_w=480,.box_w=30,.box_h=29,.ofs_x=0,.ofs_y=-4},
{.bitmap_index=46347,.adv_w=480,.box_w=30,.box_h=30,.ofs_x=0,.ofs_y=-4},
{.bitmap_index=46572,.adv_w=480,.box_w=30,.box_h=30,.ofs_x=0,.ofs_y=-4},
{.bitmap_index=46797,.adv_w=480,.box_w=30,.box_h=30,.ofs_x=0,.ofs_y=-4},
{.bitmap_index=47022,.adv_w=480,.box_w=30,.box_h=29,.ofs_x=0,.ofs_y=-3},
{.bitmap_index=47240,.adv_w=480,.box_w=30,.box_h=29,.ofs_x=0,.ofs_y=-3},
{.bitmap_index=47458,.adv_w=480,.box_w=30,.box_h=30,.ofs_x=0,.ofs_y=-4},
{.bitmap_index=47683,.adv_w=480,.box_w=30,.box_h=30,.ofs_x=0,.ofs_y=-4},
{.bitmap_index=47908,.adv_w=480,.box_w=30,.box_h=30,.ofs_x=0,.ofs_y=-4},
{.bitmap_index=48133,.adv_w=480,.box_w=30,.box_h=27,.ofs_x=0,.ofs_y=-4},
{.bitmap_index=48336,.adv_w=480,.box_w=30,.box_h=30,.ofs_x=0,.ofs_y=-4},
{.bitmap_index=48561,.adv_w=480,.box_w=30,.box_h=30,.ofs_x=0,.ofs_y=-4},
{.bitmap_index=48786,.adv_w=480,.box_w=30,.box_h=30,.ofs_x=0,.ofs_y=-4},
{.bitmap_index=49011,.adv_w=480,.box_w=30,.box_h=29,.ofs_x=0,.ofs_y=-3},
{.bitmap_index=49229,.adv_w=480,.box_w=30,.box_h=30,.ofs_x=0,.ofs_y=-4},
{.bitmap_index=49454,.adv_w=480,.box_w=30,.box_h=30,.ofs_x=0,.ofs_y=-4},
{.bitmap_index=49679,.adv_w=480,.box_w=30,.box_h=30,.ofs_x=0,.ofs_y=-4},
{.bitmap_index=49904,.adv_w=480,.box_w=30,.box_h=29,.ofs_x=0,.ofs_y=-3},
{.bitmap_index=50122,.adv_w=480,.box_w=30,.box_h=30,.ofs_x=0,.ofs_y=-4},
{.bitmap_index=50347,.adv_w=480,.box_w=30,.box_h=30,.ofs_x=0,.ofs_y=-4},
{.bitmap_index=50572,.adv_w=480,.box_w=30,.box_h=30,.ofs_x=0,.ofs_y=-4},
{.bitmap_index=50797,.adv_w=480,.box_w=30,.box_h=30,.ofs_x=0,.ofs_y=-4},
{.bitmap_index=51022,.adv_w=480,.box_w=30,.box_h=30,.ofs_x=0,.ofs_y=-4},
{.bitmap_index=51247,.adv_w=480,.box_w=30,.box_h=29,.ofs_x=0,.ofs_y=-4},
{.bitmap_index=51465,.adv_w=480,.box_w=30,.box_h=28,.ofs_x=0,.ofs_y=-3},
{.bitmap_index=51675,.adv_w=480,.box_w=30,.box_h=28,.ofs_x=0,.ofs_y=-3},
{.bitmap_index=51885,.adv_w=480,.box_w=30,.box_h=30,.ofs_x=0,.ofs_y=-4},
{.bitmap_index=52110,.adv_w=480,.box_w=30,.box_h=29,.ofs_x=0,.ofs_y=-3},
{.bitmap_index=52328,.adv_w=480,.box_w=30,.box_h=30,.ofs_x=0,.ofs_y=-4},
{.bitmap_index=52553,.adv_w=480,.box_w=30,.box_h=28,.ofs_x=0,.ofs_y=-4},
{.bitmap_index=52763,.adv_w=480,.box_w=30,.box_h=26,.ofs_x=0,.ofs_y=-2},
{.bitmap_index=52958,.adv_w=480,.box_w=30,.box_h=30,.ofs_x=0,.ofs_y=-4},
{.bitmap_index=53183,.adv_w=480,.box_w=30,.box_h=28,.ofs_x=0,.ofs_y=-4},
{.bitmap_index=53393,.adv_w=480,.box_w=30,.box_h=30,.ofs_x=0,.ofs_y=-4},
{.bitmap_index=53618,.adv_w=480,.box_w=30,.box_h=29,.ofs_x=0,.ofs_y=-4},
{.bitmap_index=53836,.adv_w=480,.box_w=30,.box_h=30,.ofs_x=0,.ofs_y=-4},
{.bitmap_index=54061,.adv_w=480,.box_w=30,.box_h=29,.ofs_x=0,.ofs_y=-4},
{.bitmap_index=54279,.adv_w=480,.box_w=30,.box_h=30,.ofs_x=0,.ofs_y=-4},
{.bitmap_index=54504,.adv_w=480,.box_w=30,.box_h=30,.ofs_x=0,.ofs_y=-4},
{.bitmap_index=54729,.adv_w=480,.box_w=30,.box_h=30,.ofs_x=0,.ofs_y=-4},
{.bitmap_index=54954,.adv_w=480,.box_w=30,.box_h=30,.ofs_x=0,.ofs_y=-4},
{.bitmap_index=55179,.adv_w=480,.box_w=30,.box_h=30,.ofs_x=0,.ofs_y=-4},
{.bitmap_index=55404,.adv_w=480,.box_w=30,.box_h=30,.ofs_x=0,.ofs_y=-4},
{.bitmap_index=55629,.adv_w=480,.box_w=30,.box_h=30,.ofs_x=0,.ofs_y=-4},
{.bitmap_index=55854,.adv_w=480,.box_w=30,.box_h=30,.ofs_x=0,.ofs_y=-4},
{.bitmap_index=56079,.adv_w=480,.box_w=30,.box_h=28,.ofs_x=0,.ofs_y=-4},
{.bitmap_index=56289,.adv_w=480,.box_w=30,.box_h=30,.ofs_x=0,.ofs_y=-4},
{.bitmap_index=56514,.adv_w=480,.box_w=30,.box_h=30,.ofs_x=0,.ofs_y=-4},
{.bitmap_index=56739,.adv_w=480,.box_w=30,.box_h=28,.ofs_x=0,.ofs_y=-3},
{.bitmap_index=56949,.adv_w=480,.box_w=30,.box_h=29,.ofs_x=0,.ofs_y=-4},
{.bitmap_index=57167,.adv_w=480,.box_w=30,.box_h=30,.ofs_x=0,.ofs_y=-4},
{.bitmap_index=57392,.adv_w=480,.box_w=30,.box_h=30,.ofs_x=0,.ofs_y=-4},
{.bitmap_index=57617,.adv_w=480,.box_w=30,.box_h=30,.ofs_x=0,.ofs_y=-4},
{.bitmap_index=57842,.adv_w=480,.box_w=30,.box_h=27,.ofs_x=0,.ofs_y=-3},
{.bitmap_index=58045,.adv_w=480,.box_w=30,.box_h=30,.ofs_x=0,.ofs_y=-4},
{.bitmap_index=58270,.adv_w=480,.box_w=30,.box_h=29,.ofs_x=0,.ofs_y=-4},
{.bitmap_index=58488,.adv_w=480,.box_w=30,.box_h=29,.ofs_x=0,.ofs_y=-3},
{.bitmap_index=58706,.adv_w=480,.box_w=30,.box_h=30,.ofs_x=0,.ofs_y=-4},
{.bitmap_index=58931,.adv_w=480,.box_w=30,.box_h=29,.ofs_x=0,.ofs_y=-3},
{.bitmap_index=59149,.adv_w=480,.box_w=30,.box_h=28,.ofs_x=0,.ofs_y=-4},
{.bitmap_index=59359,.adv_w=480,.box_w=30,.box_h=28,.ofs_x=0,.ofs_y=-3},
{.bitmap_index=59569,.adv_w=480,.box_w=30,.box_h=29,.ofs_x=0,.ofs_y=-4},
{.bitmap_index=59787,.adv_w=480,.box_w=30,.box_h=29,.ofs_x=0,.ofs_y=-3},
{.bitmap_index=60005,.adv_w=480,.box_w=30,.box_h=28,.ofs_x=0,.ofs_y=-3},
{.bitmap_index=60215,.adv_w=480,.box_w=30,.box_h=27,.ofs_x=0,.ofs_y=-3},
{.bitmap_index=60418,.adv_w=480,.box_w=30,.box_h=29,.ofs_x=0,.ofs_y=-3},
{.bitmap_index=60636,.adv_w=480,.box_w=30,.box_h=30,.ofs_x=0,.ofs_y=-4},
{.bitmap_index=60861,.adv_w=480,.box_w=30,.box_h=30,.ofs_x=0,.ofs_y=-4},
{.bitmap_index=61086,.adv_w=480,.box_w=30,.box_h=29,.ofs_x=0,.ofs_y=-4},
{.bitmap_index=61304,.adv_w=480,.box_w=30,.box_h=30,.ofs_x=0,.ofs_y=-4},
{.bitmap_index=61529,.adv_w=480,.box_w=30,.box_h=30,.ofs_x=0,.ofs_y=-4},
{.bitmap_index=61754,.adv_w=480,.box_w=30,.box_h=28,.ofs_x=0,.ofs_y=-2},
{.bitmap_index=61964,.adv_w=480,.box_w=30,.box_h=30,.ofs_x=0,.ofs_y=-4},
{.bitmap_index=62189,.adv_w=480,.box_w=30,.box_h=30,.ofs_x=0,.ofs_y=-4},
{.bitmap_index=62414,.adv_w=480,.box_w=30,.box_h=30,.ofs_x=0,.ofs_y=-4},
{.bitmap_index=62639,.adv_w=480,.box_w=30,.box_h=30,.ofs_x=0,.ofs_y=-4},
{.bitmap_index=62864,.adv_w=480,.box_w=30,.box_h=30,.ofs_x=0,.ofs_y=-4},
{.bitmap_index=63089,.adv_w=480,.box_w=30,.box_h=29,.ofs_x=0,.ofs_y=-4},
{.bitmap_index=63307,.adv_w=480,.box_w=30,.box_h=30,.ofs_x=0,.ofs_y=-4},
{.bitmap_index=63532,.adv_w=480,.box_w=30,.box_h=30,.ofs_x=0,.ofs_y=-4},
{.bitmap_index=63757,.adv_w=480,.box_w=30,.box_h=30,.ofs_x=0,.ofs_y=-4},
{.bitmap_index=63982,.adv_w=480,.box_w=30,.box_h=30,.ofs_x=0,.ofs_y=-4},
{.bitmap_index=64207,.adv_w=480,.box_w=30,.box_h=28,.ofs_x=0,.ofs_y=-4},
{.bitmap_index=64417,.adv_w=480,.box_w=30,.box_h=30,.ofs_x=0,.ofs_y=-4},
{.bitmap_index=64642,.adv_w=480,.box_w=30,.box_h=28,.ofs_x=0,.ofs_y=-4},
{.bitmap_index=64852,.adv_w=480,.box_w=30,.box_h=30,.ofs_x=0,.ofs_y=-4},
{.bitmap_index=65077,.adv_w=480,.box_w=30,.box_h=29,.ofs_x=0,.ofs_y=-4},
{.bitmap_index=65295,.adv_w=480,.box_w=30,.box_h=30,.ofs_x=0,.ofs_y=-4},
{.bitmap_index=65520,.adv_w=480,.box_w=30,.box_h=30,.ofs_x=0,.ofs_y=-4},
{.bitmap_index=65745,.adv_w=480,.box_w=30,.box_h=29,.ofs_x=0,.ofs_y=-3},
{.bitmap_index=65963,.adv_w=480,.box_w=30,.box_h=30,.ofs_x=0,.ofs_y=-4},
{.bitmap_index=66188,.adv_w=480,.box_w=30,.box_h=30,.ofs_x=0,.ofs_y=-4},
{.bitmap_index=66413,.adv_w=480,.box_w=30,.box_h=30,.ofs_x=0,.ofs_y=-4},
{.bitmap_index=66638,.adv_w=480,.box_w=30,.box_h=30,.ofs_x=0,.ofs_y=-4},
{.bitmap_index=66863,.adv_w=480,.box_w=30,.box_h=28,.ofs_x=0,.ofs_y=-4},
{.bitmap_index=67073,.adv_w=480,.box_w=30,.box_h=28,.ofs_x=0,.ofs_y=-2},
{.bitmap_index=67283,.adv_w=480,.box_w=30,.box_h=30,.ofs_x=0,.ofs_y=-4},
{.bitmap_index=67508,.adv_w=480,.box_w=30,.box_h=30,.ofs_x=0,.ofs_y=-4},
{.bitmap_index=67733,.adv_w=480,.box_w=30,.box_h=30,.ofs_x=0,.ofs_y=-4},
{.bitmap_index=67958,.adv_w=480,.box_w=30,.box_h=30,.ofs_x=0,.ofs_y=-4},
{.bitmap_index=68183,.adv_w=480,.box_w=30,.box_h=30,.ofs_x=0,.ofs_y=-4},
{.bitmap_index=68408,.adv_w=480,.box_w=30,.box_h=30,.ofs_x=0,.ofs_y=-4},
{.bitmap_index=68633,.adv_w=480,.box_w=30,.box_h=24,.ofs_x=0,.ofs_y=-1},
{.bitmap_index=68813,.adv_w=480,.box_w=30,.box_h=12,.ofs_x=0,.ofs_y=-5},
{.bitmap_index=68903,.adv_w=480,.box_w=30,.box_h=24,.ofs_x=0,.ofs_y=-1},
{.bitmap_index=69083,.adv_w=480,.box_w=30,.box_h=23,.ofs_x=0,.ofs_y=-1} };
static const uint16_t unicode_list[]={ 0,1,2,3,4,5,6,7,8,9,10,11,12,13,14,15,16,17,18,19,20,21,22,23,24,25,26,27,28,29,30,31,32,33,34,35,36,37,38,39,40,41,42,43,44,45,46,47,48,49,50,51,52,53,54,55,56,57,58,59,60,61,62,63,64,65,66,67,68,69,70,71,72,73,74,75,76,77,78,79,80,81,82,83,84,85,86,87,88,89,90,91,92,93,94,151,12258,19936,19945,19946,19947,19949,19950,19955,19964,19978,19986,19994,20008,20016,20031,20070,20081,20128,20138,20148,20165,20275,20288,20383,20413,20417,20805,20808,20816,20819,20822,20823,20845,20883,20887,20954,20960,20966,20967,21001,21003,21034,21128,21290,21303,21403,21421,21425,21430,21443,21455,21464,21475,21480,21495,21502,21587,21597,21622,21830,21884,21905,22206,22224,22237,22280,22529,22765,22791,22793,22801,22809,22823,22877,22882,22887,22955,23078,23344,23352,23395,23404,23418,23422,23519,23526,23535,23569,23997,23998,24018,24088,24146,24166,24183,24288,24303,24424,24492,24523,24642,24692,24787,24815,24831,25227,25245,25257,25260,25289,25308,25321,25410,25458,25549,25886,25940,25977,26053,26094,26163,26170,26335,26345,26431,26437,26487,26492,26565,26599,26658,26664,26693,26784,26866,26896,27137,27393,27394,27459,27668,27689,27701,27716,27769,27777,27795,27801,27803,27841,27842,27943,27991,28008,28097,28133,28214,28216,28494,28747,28786,28824,28825,28868,28871,28875,28877,28918,29006,29010,29243,29257,29951,29960,30026,30119,30301,30308,30390,30392,30424,30433,30443,30675,30690,30798,31131,31322,31500,31540,31547,31582,31607,31827,31835,31849,31876,31877,32384,32405,32415,32431,32435,32567,32590,32618,32826,32873,32896,32984,33066,33072,33226,33508,33724,33800,34060,34515,34714,35167,35241,35716,35721,35742,35773,35796,35857,35878,36101,36183,36699,36739,36775,36784,36788,36792,36793,36795,36832,36834,36841,37064,37085,37201,37208,37293,38033,38117,38239,38344,38399,38448,38468,38511,38558,38720,38722,38857,39001,39007,39012,39103,39152,39240,39245,39258,39268,39277,39500,40028,40060,40119,40449,40603,40612,40632,65249,65260,65279,65477 };
static const lv_font_fmt_txt_cmap_t cmaps[]={ {.range_start=32,.range_length=65478,.glyph_id_start=1,.unicode_list=unicode_list,.list_length=376,.type=LV_FONT_FMT_TXT_CMAP_SPARSE_TINY} };
static const lv_font_fmt_txt_dsc_t dsc={.glyph_bitmap=bitmap,.glyph_dsc=glyphs,.cmaps=cmaps,.cmap_num=1,.bpp=2,.bitmap_format=0};
const lv_font_t dinner_font_30={.get_glyph_dsc=lv_font_get_glyph_dsc_fmt_txt,.get_glyph_bitmap=lv_font_get_bitmap_fmt_txt,.line_height=38,.base_line=6,.dsc=&dsc};
