/* Generated by tools/generate_dinner_fonts.py; Noto Sans SC. Copyright (c) 2014-2021 Adobe. SIL OFL 1.1; see OFL.txt. */
#include "lvgl.h"
static const uint8_t bitmap[]={ 0x01,0x00,0xb0,0x0b,0x00,0xb0,0x0b,0x00,0xb0,0x0b,0x00,0xb0,0x07,0x00,0x70,0x07,0x00,0x10,0x00,0x00,
0x60,0x0f,0x40,0xb4,0x0a,0x19,0x07,0x87,0x80,0xe1,0xe0,0x38,0x34,0x0d,0x0d,0x03,0x43,0x40,0x00,0x00,
0x00,0x00,0x00,0x00,0x00,0x00,0x00,0x00,0x00,0x00,0x00,0x00,0x00,0x00,0x00,0x00,0x00,0x00,0x00,0x00,
0x00,0x40,0x40,0x07,0x03,0x00,0x18,0x1c,0x00,0xa0,0x60,0x16,0x96,0x90,0xbf,0xff,0xd0,0x34,0x24,0x00,
0xc0,0xd0,0x07,0x03,0x01,0xff,0xff,0xc1,0xa5,0xb5,0x02,0x81,0x80,0x09,0x0a,0x00,0x24,0x28,0x00,0xd0,
0x90,0x00,0x00,0x34,0x00,0x00,0xd0,0x00,0x1b,0x80,0x01,0xfb,0xe0,0x0f,0x01,0x80,0x78,0x00,0x01,0xe0,
0x00,0x03,0xd0,0x00,0x07,0xe4,0x00,0x02,0xf4,0x00,0x01,0xf8,0x00,0x00,0xb4,0x00,0x01,0xe0,0x00,0x03,
0x81,0x80,0x1d,0x07,0xea,0xf0,0x06,0xfe,0x00,0x00,0xd0,0x00,0x03,0x40,0x00,0x07,0xe0,0x00,0xa0,0x01,
0xd7,0x80,0x1c,0x00,0x34,0x1c,0x02,0x80,0x03,0x40,0xd0,0x70,0x00,0x74,0x0d,0x09,0x00,0x03,0x40,0xd1,
0xc0,0x00,0x34,0x1c,0x34,0x7e,0x42,0xd2,0x86,0x1d,0x2c,0x0b,0xe0,0xd2,0x80,0xd0,0x00,0x28,0x34,0x0a,
0x00,0x03,0x43,0x40,0xa0,0x00,0xa0,0x34,0x0a,0x00,0x0c,0x02,0x80,0xd0,0x02,0x80,0x1d,0x6c,0x00,0x70,
0x00,0x6e,0x00,0x00,0xbe,0x00,0x00,0x2d,0xb8,0x00,0x07,0x82,0x80,0x00,0x74,0x28,0x00,0x07,0x47,0x40,
0x00,0x3a,0xe0,0x00,0x02,0xf4,0x00,0x00,0x7f,0x00,0x3c,0x1e,0x78,0x07,0x43,0xc2,0xe0,0xb0,0x78,0x0b,
0x9e,0x07,0x80,0x2f,0xc0,0x3c,0x01,0xfd,0x01,0xfa,0xbd,0xf8,0x06,0xf9,0x02,0x80,0x0a,0x01,0xe0,0x0e,
0x00,0xe0,0x0d,0x00,0xd0,0x00,0x00,0x00,0x00,0x00,0x00,0x00,0x00,0x00,0x00,0x00,0x00,0x00,0x00,0x00,
0x00,0x00,0x02,0x80,0x1d,0x00,0xa0,0x03,0x40,0x1c,0x00,0xb0,0x03,0x80,0x0e,0x00,0x34,0x00,0xd0,0x03,
0x40,0x0d,0x00,0x38,0x00,0xa0,0x02,0xc0,0x07,0x40,0x0e,0x00,0x2c,0x00,0x34,0x00,0x60,0x00,0x00,0xd0,
0x02,0xc0,0x03,0x40,0x0a,0x00,0x1c,0x00,0x34,0x00,0xe0,0x02,0x80,0x0a,0x00,0x2c,0x00,0xb0,0x02,0x80,
0x0a,0x00,0x38,0x00,0xd0,0x07,0x00,0x28,0x01,0xd0,0x0a,0x00,0x24,0x00,0x00,0xd0,0x00,0x34,0x02,0xee,
0xf0,0x1f,0xe0,0x03,0xf4,0x02,0xcb,0x00,0x00,0x40,0x00,0x00,0x00,0x00,0x00,0x00,0x00,0x00,0x00,0x00,
0x00,0x00,0x00,0x00,0x00,0x00,0x00,0x00,0x00,0x00,0x00,0x10,0x00,0x01,0xd0,0x00,0x07,0x40,0x00,0x1d,
0x00,0x00,0x74,0x01,0xff,0xff,0xd1,0x57,0x95,0x00,0x1d,0x00,0x00,0x74,0x00,0x01,0xd0,0x00,0x02,0x40,
0x00,0x00,0x00,0x00,0x00,0x00,0x05,0x01,0xf0,0x0f,0x40,0x34,0x0b,0x02,0xd0,0x14,0x00,0x15,0x50,0xff,
0xc0,0x00,0x00,0x00,0x00,0x00,0x00,0x00,0x00,0x00,0x09,0x01,0xf0,0x1e,0x00,0x00,0x0d,0x00,0x1c,0x00,
0x28,0x00,0x34,0x00,0x70,0x00,0x70,0x00,0xa0,0x00,0xd0,0x01,0xc0,0x02,0x80,0x03,0x40,0x07,0x00,0x0a,
0x00,0x0d,0x00,0x1c,0x00,0x28,0x00,0x34,0x00,0x70,0x00,0x70,0x00,0x50,0x00,0x01,0xb9,0x00,0x1e,0xad,
0x00,0xe0,0x2c,0x07,0x40,0x78,0x2c,0x00,0xe0,0xb0,0x02,0xc3,0x80,0x0b,0x0e,0x00,0x2c,0x38,0x00,0xb0,
0xb0,0x02,0xc2,0xc0,0x0e,0x07,0x40,0x74,0x0e,0x02,0xc0,0x1e,0xad,0x00,0x1b,0x90,0x00,0x01,0xbc,0x00,
0x2f,0xf0,0x00,0x17,0xc0,0x00,0x0f,0x00,0x00,0x3c,0x00,0x00,0xf0,0x00,0x03,0xc0,0x00,0x0f,0x00,0x00,
0x3c,0x00,0x00,0xf0,0x00,0x03,0xc0,0x00,0x0f,0x00,0x00,0x3c,0x00,0x2a,0xfa,0x41,0xff,0xfe,0x00,0x06,
0xf9,0x00,0x7e,0xbd,0x02,0x80,0x3c,0x00,0x00,0xb4,0x00,0x01,0xd0,0x00,0x0b,0x00,0x00,0x3c,0x00,0x01,
0xd0,0x00,0x0f,0x00,0x00,0xb4,0x00,0x0b,0x40,0x00,0xb8,0x00,0x0b,0x80,0x00,0xbe,0xaa,0x83,0xff,0xff,
0x00,0x06,0xf9,0x00,0x7e,0xbe,0x01,0x80,0x2d,0x00,0x00,0x74,0x00,0x02,0xd0,0x00,0x0f,0x00,0x16,0xf4,
0x00,0x7f,0x40,0x00,0x1b,0xc0,0x00,0x07,0x80,0x00,0x0f,0x00,0x00,0x3c,0x34,0x02,0xe0,0xbe,0xaf,0x00,
0x6f,0x90,0x00,0x00,0x0b,0x80,0x00,0x7e,0x00,0x03,0xb8,0x00,0x2d,0xe0,0x01,0xd7,0x80,0x0f,0x1e,0x00,
0xb4,0x78,0x07,0x81,0xe0,0x2c,0x07,0x81,0xe5,0x6e,0x5b,0xff,0xff,0x40,0x01,0xe0,0x00,0x07,0x80,0x00,
0x1e,0x00,0x00,0x78,0x00,0x0f,0xff,0xd0,0x3e,0xaa,0x40,0xe0,0x00,0x03,0x80,0x00,0x0e,0x00,0x00,0x7a,
0xf8,0x01,0xe9,0xbc,0x00,0x00,0xb8,0x00,0x00,0xe0,0x00,0x03,0xc0,0x00,0x0f,0x00,0x00,0x78,0x34,0x02,
0xd0,0xba,0xbe,0x00,0x6f,0x90,0x00,0x00,0xae,0x80,0x0b,0xab,0x80,0xb4,0x04,0x07,0x80,0x00,0x2d,0x00,
0x00,0xb0,0x50,0x02,0xdf,0xf8,0x0f,0xd0,0xb8,0x2d,0x00,0xf0,0xb0,0x02,0xc2,0xc0,0x0b,0x47,0x40,0x2c,
0x0b,0x01,0xe0,0x1f,0xaf,0x00,0x0b,0xe0,0x00,0x3f,0xff,0xf0,0xaa,0xab,0xc0,0x00,0x1d,0x00,0x00,0xe0,
0x00,0x0b,0x00,0x00,0x38,0x00,0x01,0xd0,0x00,0x0f,0x00,0x00,0x38,0x00,0x01,0xd0,0x00,0x0b,0x40,0x00,
0x2c,0x00,0x00,0xb0,0x00,0x03,0xc0,0x00,0x0f,0x00,0x00,0x01,0xbe,0x00,0x2e,0x6e,0x00,0xe0,0x1d,0x07,
0x40,0x38,0x1d,0x00,0xe0,0x3d,0x07,0x40,0x3e,0x74,0x00,0xbf,0xc0,0x0e,0x0b,0xc0,0xb0,0x07,0x83,0x80,
0x0b,0x0e,0x00,0x2c,0x2d,0x00,0xf0,0x3e,0x6f,0x40,0x2f,0xe0,0x00,0x02,0xf9,0x00,0x3e,0xbd,0x02,0xd0,
0x2c,0x0e,0x00,0x74,0x38,0x00,0xe0,0xe0,0x02,0x83,0xc0,0x0f,0x07,0x81,0xfc,0x0b,0xfd,0xb0,0x01,0x43,
0x80,0x00,0x0e,0x00,0x00,0xb4,0x04,0x07,0x80,0xba,0xbc,0x00,0x6e,0x80,0x00,0x09,0x01,0xf0,0x1e,0x00,
0x00,0x00,0x00,0x00,0x00,0x00,0x00,0x09,0x01,0xf0,0x1e,0x00,0x09,0x01,0xf0,0x1e,0x00,0x00,0x00,0x00,
0x00,0x00,0x00,0x00,0x05,0x01,0xf0,0x0f,0x40,0x34,0x0b,0x02,0xd0,0x14,0x00,0x00,0x00,0x64,0x00,0x1f,
0xd0,0x1b,0xe4,0x0b,0xe4,0x00,0x7d,0x00,0x00,0xbe,0x40,0x00,0x1b,0xe4,0x00,0x01,0xfd,0x00,0x00,0x64,
0x00,0x00,0x00,0x00,0x00,0x00,0x00,0x00,0x15,0x55,0x51,0xff,0xff,0xd0,0x00,0x00,0x00,0x00,0x00,0x00,
0x00,0x00,0x55,0x55,0x47,0xff,0xff,0x40,0x00,0x00,0x00,0x00,0x00,0x00,0x00,0x00,0x00,0x00,0x00,0x64,
0x00,0x00,0xfe,0x00,0x00,0x6f,0x90,0x00,0x06,0xf8,0x00,0x01,0xf4,0x00,0x6f,0x80,0x6f,0x90,0x0f,0xe0,
0x00,0x64,0x00,0x00,0x00,0x00,0x00,0x00,0x00,0x00,0x00,0x00,0x01,0x50,0x07,0xff,0x42,0x91,0xf0,0x00,
0x1d,0x00,0x07,0x40,0x02,0xc0,0x01,0xd0,0x01,0xe0,0x00,0xb0,0x00,0x74,0x00,0x1d,0x00,0x01,0x00,0x00,
0x00,0x00,0x64,0x00,0x2e,0x00,0x07,0x40,0x00,0x00,0x04,0x00,0x00,0x00,0x1b,0xff,0x80,0x00,0x02,0xe4,
0x16,0xd0,0x00,0x38,0x00,0x02,0xd0,0x02,0x80,0x00,0x02,0x80,0x2d,0x00,0x00,0x03,0x40,0xe0,0x1f,0xec,
0x0a,0x07,0x01,0xe1,0xe0,0x28,0x28,0x0e,0x02,0x80,0xa0,0xa0,0x74,0x0d,0x02,0x83,0x41,0xc0,0x34,0x0d,
0x0a,0x07,0x01,0xc0,0x70,0x28,0x0e,0x6b,0x9b,0x40,0x70,0x1f,0x86,0xe4,0x00,0xe0,0x00,0x00,0x00,0x01,
0xe0,0x00,0x00,0x00,0x01,0xf5,0x05,0x80,0x00,0x00,0xbf,0xf9,0x00,0x00,0x00,0x01,0x00,0x00,0x00,0x00,
0x3d,0x00,0x00,0x1f,0x80,0x00,0x0a,0xb0,0x00,0x03,0x5d,0x00,0x01,0xc3,0x80,0x00,0xb0,0xb0,0x00,0x38,
0x1d,0x00,0x1d,0x07,0x80,0x0b,0x00,0xf0,0x03,0xff,0xfd,0x01,0xe5,0x5b,0x80,0xb0,0x00,0xf0,0x38,0x00,
0x2d,0x1d,0x00,0x07,0x8b,0x00,0x00,0xf0,0x0f,0xff,0x90,0x03,0xd6,0xbe,0x00,0xf0,0x03,0xc0,0x3c,0x00,
0xb4,0x0f,0x00,0x2d,0x03,0xc0,0x0f,0x00,0xf5,0x6f,0x40,0x3f,0xff,0x90,0x0f,0x00,0x6d,0x03,0xc0,0x03,
0xc0,0xf0,0x00,0xb4,0x3c,0x00,0x2c,0x0f,0x00,0x1e,0x03,0xd5,0xaf,0x00,0xff,0xf9,0x00,0x00,0x2f,0xe0,
0x00,0x7f,0xaf,0x40,0x7d,0x00,0x80,0x3d,0x00,0x00,0x1e,0x00,0x00,0x0b,0x40,0x00,0x02,0xd0,0x00,0x00,
0xb0,0x00,0x00,0x2d,0x00,0x00,0x0b,0x40,0x00,0x01,0xe0,0x00,0x00,0x3c,0x00,0x00,0x07,0xd0,0x0a,0x00,
0x7f,0xaf,0x40,0x06,0xfe,0x00,0x0f,0xfe,0x80,0x00,0xfa,0xbf,0x40,0x0f,0x00,0x7c,0x00,0xf0,0x01,0xe0,
0x0f,0x00,0x0f,0x00,0xf0,0x00,0xb4,0x0f,0x00,0x07,0x40,0xf0,0x00,0x78,0x0f,0x00,0x07,0x40,0xf0,0x00,
0xb4,0x0f,0x00,0x0f,0x00,0xf0,0x01,0xe0,0x0f,0x00,0x7c,0x00,0xfa,0xbf,0x40,0x0f,0xfe,0x80,0x00,0x0f,
0xff,0xf4,0x0f,0xaa,0xa4,0x0f,0x00,0x00,0x0f,0x00,0x00,0x0f,0x00,0x00,0x0f,0x00,0x00,0x0f,0xaa,0x90,
0x0f,0xff,0xd0,0x0f,0x00,0x00,0x0f,0x00,0x00,0x0f,0x00,0x00,0x0f,0x00,0x00,0x0f,0x00,0x00,0x0f,0xaa,
0xa4,0x0f,0xff,0xf8,0x0f,0xff,0xf4,0x3e,0xaa,0x90,0xf0,0x00,0x03,0xc0,0x00,0x0f,0x00,0x00,0x3c,0x00,
0x00,0xfa,0xa9,0x03,0xff,0xf4,0x0f,0x00,0x00,0x3c,0x00,0x00,0xf0,0x00,0x03,0xc0,0x00,0x0f,0x00,0x00,
0x3c,0x00,0x00,0xf0,0x00,0x00,0x00,0x2f,0xe4,0x00,0x1f,0xeb,0xe0,0x07,0xd0,0x09,0x00,0xf4,0x00,0x00,
0x1e,0x00,0x00,0x02,0xd0,0x00,0x00,0x2c,0x00,0x00,0x02,0xc0,0x2f,0xf4,0x2d,0x01,0xab,0x42,0xd0,0x00,
0x74,0x1e,0x00,0x07,0x40,0xb4,0x00,0x74,0x07,0xd0,0x0b,0x40,0x1f,0xeb,0xe0,0x00,0x2f,0xe4,0x00,0x0f,
0x00,0x07,0x80,0x3c,0x00,0x1e,0x00,0xf0,0x00,0x78,0x03,0xc0,0x01,0xe0,0x0f,0x00,0x07,0x80,0x3c,0x00,
0x1e,0x00,0xfa,0xaa,0xb8,0x03,0xff,0xff,0xe0,0x0f,0x00,0x07,0x80,0x3c,0x00,0x1e,0x00,0xf0,0x00,0x78,
0x03,0xc0,0x01,0xe0,0x0f,0x00,0x07,0x80,0x3c,0x00,0x1e,0x00,0xf0,0x00,0x78,0x00,0x0f,0x00,0xf0,0x0f,
0x00,0xf0,0x0f,0x00,0xf0,0x0f,0x00,0xf0,0x0f,0x00,0xf0,0x0f,0x00,0xf0,0x0f,0x00,0xf0,0x0f,0x00,0x00,
0x03,0x80,0x00,0x0e,0x00,0x00,0x38,0x00,0x00,0xe0,0x00,0x03,0x80,0x00,0x0e,0x00,0x00,0x38,0x00,0x00,
0xe0,0x00,0x03,0x80,0x00,0x0e,0x00,0x00,0x38,0x00,0x01,0xe0,0x38,0x0b,0x40,0xbe,0xbc,0x00,0x7f,0x80,
0x00,0x0f,0x00,0x1e,0x03,0xc0,0x1f,0x00,0xf0,0x0f,0x40,0x3c,0x0b,0x40,0x0f,0x0b,0x80,0x03,0xc7,0x80,
0x00,0xf7,0xf0,0x00,0x3f,0xee,0x00,0x0f,0xd3,0xc0,0x03,0xd0,0x78,0x00,0xf0,0x0b,0x40,0x3c,0x01,0xe0,
0x0f,0x00,0x2d,0x03,0xc0,0x03,0xc0,0xf0,0x00,0xb8,0x0f,0x00,0x00,0x3c,0x00,0x00,0xf0,0x00,0x03,0xc0,
0x00,0x0f,0x00,0x00,0x3c,0x00,0x00,0xf0,0x00,0x03,0xc0,0x00,0x0f,0x00,0x00,0x3c,0x00,0x00,0xf0,0x00,
0x03,0xc0,0x00,0x0f,0x00,0x00,0x3e,0xaa,0x80,0xff,0xff,0x40,0x0f,0x40,0x01,0xf4,0x0f,0x80,0x02,0xf4,
0x0f,0xc0,0x03,0xf4,0x0e,0xd0,0x07,0xb4,0x0e,0xa0,0x0b,0x74,0x0e,0x74,0x0e,0x74,0x0e,0x38,0x1c,0x74,
0x0e,0x2c,0x28,0x74,0x0e,0x1d,0x34,0x74,0x0e,0x0e,0x70,0x74,0x0e,0x0b,0xa0,0x74,0x0e,0x07,0xd0,0x74,
0x0e,0x02,0xc0,0x74,0x0e,0x00,0x40,0x74,0x0e,0x00,0x00,0x74,0x0f,0x40,0x07,0x40,0xf8,0x00,0x74,0x0f,
0xd0,0x07,0x40,0xeb,0x00,0x74,0x0e,0x74,0x07,0x40,0xe2,0xc0,0x74,0x0e,0x1e,0x07,0x40,0xe0,0xb0,0x74,
0x0e,0x03,0x87,0x40,0xe0,0x2d,0x74,0x0e,0x00,0xe7,0x40,0xe0,0x07,0x74,0x0e,0x00,0x3f,0x40,0xe0,0x01,
0xf4,0x0e,0x00,0x0b,0x40,0x00,0x6f,0xe0,0x00,0x07,0xeb,0xf4,0x00,0x7d,0x01,0xf4,0x03,0xc0,0x01,0xe0,
0x1e,0x00,0x02,0xd0,0xb4,0x00,0x07,0x42,0xc0,0x00,0x1e,0x0b,0x00,0x00,0x78,0x2d,0x00,0x01,0xe0,0xb4,
0x00,0x07,0x41,0xe0,0x00,0x2d,0x03,0xc0,0x01,0xe0,0x07,0xd0,0x1f,0x40,0x07,0xeb,0xf4,0x00,0x06,0xfe,
0x00,0x00,0x0f,0xff,0x90,0x03,0xea,0xbe,0x00,0xf0,0x02,0xd0,0x3c,0x00,0x74,0x0f,0x00,0x1e,0x03,0xc0,
0x07,0x40,0xf0,0x03,0xd0,0x3d,0x6b,0xd0,0x0f,0xff,0x90,0x03,0xc0,0x00,0x00,0xf0,0x00,0x00,0x3c,0x00,
0x00,0x0f,0x00,0x00,0x03,0xc0,0x00,0x00,0xf0,0x00,0x00,0x00,0x6f,0xe0,0x00,0x07,0xfb,0xf4,0x00,0x7d,
0x01,0xf4,0x03,0xc0,0x01,0xe0,0x1e,0x00,0x02,0xd0,0xb4,0x00,0x07,0x42,0xd0,0x00,0x1e,0x0b,0x00,0x00,
0x78,0x2c,0x00,0x01,0xe0,0xb4,0x00,0x07,0x41,0xe0,0x00,0x2d,0x03,0xc0,0x01,0xe0,0x07,0x80,0x1f,0x40,
0x0b,0xea,0xf4,0x00,0x06,0xfe,0x40,0x00,0x01,0xf0,0x00,0x00,0x02,0xf4,0x00,0x00,0x01,0xff,0x80,0x00,
0x00,0x59,0x00,0x0f,0xff,0x90,0x03,0xea,0xbe,0x00,0xf0,0x02,0xd0,0x3c,0x00,0x78,0x0f,0x00,0x1e,0x03,
0xc0,0x07,0x40,0xf0,0x07,0xc0,0x3f,0xff,0xd0,0x0f,0x5b,0x80,0x03,0xc0,0xf0,0x00,0xf0,0x1e,0x00,0x3c,
0x03,0xd0,0x0f,0x00,0x78,0x03,0xc0,0x0b,0x40,0xf0,0x01,0xf0,0x01,0xbf,0x80,0x07,0xeb,0xf4,0x0f,0x00,
0x60,0x1e,0x00,0x00,0x1e,0x00,0x00,0x0f,0x80,0x00,0x06,0xf9,0x00,0x00,0x7f,0x90,0x00,0x07,0xf4,0x00,
0x00,0xb8,0x00,0x00,0x3c,0x00,0x00,0x3c,0x2d,0x00,0x78,0x1f,0xeb,0xf0,0x02,0xbe,0x40,0x7f,0xff,0xfd,
0x6a,0xbe,0xa9,0x00,0x3c,0x00,0x00,0x3c,0x00,0x00,0x3c,0x00,0x00,0x3c,0x00,0x00,0x3c,0x00,0x00,0x3c,
0x00,0x00,0x3c,0x00,0x00,0x3c,0x00,0x00,0x3c,0x00,0x00,0x3c,0x00,0x00,0x3c,0x00,0x00,0x3c,0x00,0x00,
0x3c,0x00,0x0e,0x00,0x07,0x40,0xe0,0x00,0x74,0x0e,0x00,0x07,0x40,0xe0,0x00,0x74,0x0e,0x00,0x07,0x40,
0xe0,0x00,0x74,0x0e,0x00,0x07,0x40,0xe0,0x00,0x74,0x0e,0x00,0x07,0x40,0xf0,0x00,0x74,0x0f,0x00,0x0b,
0x40,0xb4,0x00,0xf0,0x07,0xc0,0x2e,0x00,0x2f,0xaf,0xc0,0x00,0x6f,0xa0,0x00,0xb0,0x00,0x2d,0xb4,0x00,
0x2c,0x78,0x00,0x38,0x3c,0x00,0x74,0x2d,0x00,0xb0,0x1e,0x00,0xe0,0x0f,0x01,0xd0,0x0b,0x02,0xc0,0x07,
0x43,0xc0,0x03,0x83,0x80,0x02,0xc7,0x40,0x01,0xdb,0x00,0x00,0xee,0x00,0x00,0xbd,0x00,0x00,0x7c,0x00,
0x74,0x00,0xe0,0x03,0xc7,0x80,0x1f,0x00,0x38,0x3c,0x02,0xf4,0x07,0x82,0xc0,0x3b,0x80,0x74,0x2d,0x03,
0x68,0x0b,0x01,0xd0,0x72,0xc0,0xb0,0x0e,0x0b,0x1d,0x0e,0x00,0xe0,0xe0,0xe1,0xe0,0x0b,0x0d,0x0e,0x1d,
0x00,0xb5,0xc0,0xb2,0xc0,0x07,0x6c,0x07,0x6c,0x00,0x3a,0x80,0x37,0x80,0x03,0xb4,0x03,0xb4,0x00,0x2f,
0x40,0x2f,0x40,0x01,0xf0,0x01,0xf0,0x00,0x3c,0x00,0x78,0x2d,0x00,0xf0,0x0f,0x01,0xd0,0x07,0x43,0xc0,
0x03,0xc7,0x40,0x01,0xee,0x00,0x00,0xbd,0x00,0x00,0xbc,0x00,0x00,0xfd,0x00,0x02,0xcb,0x00,0x07,0x87,
0x80,0x0b,0x02,0xd0,0x1e,0x01,0xe0,0x2c,0x00,0xb4,0x78,0x00,0x7c,0x2c,0x00,0x2d,0x1e,0x00,0x3c,0x0b,
0x00,0x74,0x07,0x40,0xf0,0x03,0xc1,0xd0,0x01,0xd2,0xc0,0x00,0xe7,0x80,0x00,0x7b,0x00,0x00,0x3e,0x00,
0x00,0x2d,0x00,0x00,0x2d,0x00,0x00,0x2d,0x00,0x00,0x2d,0x00,0x00,0x2d,0x00,0x00,0x2d,0x00,0x1f,0xff,
0xfc,0x1a,0xaa,0xb8,0x00,0x00,0xf0,0x00,0x01,0xe0,0x00,0x03,0xc0,0x00,0x0b,0x40,0x00,0x1e,0x00,0x00,
0x3c,0x00,0x00,0xb4,0x00,0x01,0xe0,0x00,0x03,0xc0,0x00,0x0b,0x40,0x00,0x0e,0x00,0x00,0x2e,0xaa,0xa8,
0x3f,0xff,0xfc,0x0f,0xf0,0x38,0x00,0xd0,0x03,0x40,0x0d,0x00,0x34,0x00,0xd0,0x03,0x40,0x0d,0x00,0x34,
0x00,0xd0,0x03,0x40,0x0d,0x00,0x34,0x00,0xd0,0x03,0x40,0x0d,0x00,0x34,0x00,0xff,0x00,0x00,0xa0,0x00,
0x70,0x00,0x34,0x00,0x28,0x00,0x1c,0x00,0x0d,0x00,0x0a,0x00,0x07,0x00,0x03,0x40,0x02,0x80,0x01,0xc0,
0x01,0xc0,0x00,0xd0,0x00,0xa0,0x00,0x70,0x00,0x34,0x00,0x28,0x00,0x1c,0x00,0x0d,0x00,0x05,0x7f,0x80,
0x0a,0x00,0x28,0x00,0xa0,0x02,0x80,0x0a,0x00,0x28,0x00,0xa0,0x02,0x80,0x0a,0x00,0x28,0x00,0xa0,0x02,
0x80,0x0a,0x00,0x28,0x00,0xa0,0x02,0x80,0x0a,0x07,0xf8,0x00,0x00,0x00,0x78,0x00,0x03,0xf0,0x00,0x1d,
0xd0,0x00,0xb2,0x80,0x03,0x47,0x00,0x1c,0x0e,0x00,0xa0,0x2c,0x07,0x40,0x74,0x18,0x00,0x90,0x00,0x00,
0x00,0x00,0x00,0x00,0x00,0x00,0x00,0x00,0x00,0x00,0x00,0x00,0x00,0x00,0x00,0x00,0x00,0x00,0x55,0x55,
0x4b,0xff,0xff,0xc0,0x00,0x40,0x00,0x03,0xd0,0x00,0x01,0xf0,0x00,0x00,0x78,0x00,0x00,0x18,0x00,0x00,
0x00,0x00,0x00,0x00,0x00,0x00,0x00,0x00,0x00,0x00,0x00,0x00,0x00,0x00,0x00,0x00,0x00,0x00,0x00,0x00,
0x00,0x00,0x00,0x00,0x00,0x00,0x00,0x00,0x00,0x00,0x00,0x00,0x00,0x00,0x00,0x00,0x00,0x00,0x01,0xbe,
0x00,0x3e,0xaf,0x00,0x40,0x2d,0x00,0x00,0x78,0x00,0x1a,0xe0,0x1b,0xa7,0x81,0xe0,0x1e,0x0b,0x00,0x78,
0x2c,0x02,0xe0,0x7e,0xbb,0x80,0x7e,0x4e,0x00,0x0a,0x00,0x00,0x1e,0x00,0x00,0x1e,0x00,0x00,0x1e,0x00,
0x00,0x1e,0x00,0x00,0x1e,0x2f,0x80,0x1f,0xea,0xf4,0x1f,0x40,0x78,0x1e,0x00,0x3c,0x1e,0x00,0x2d,0x1e,
0x00,0x2d,0x1e,0x00,0x2c,0x1e,0x00,0x3c,0x1f,0x00,0xb4,0x1f,0xeb,0xe0,0x1d,0x6e,0x40,0x00,0xbe,0x40,
0x7e,0xbd,0x0f,0x40,0x42,0xd0,0x00,0x2c,0x00,0x03,0xc0,0x00,0x2c,0x00,0x02,0xd0,0x00,0x1f,0x00,0x40,
0x7e,0xad,0x01,0xbe,0x40,0x00,0x00,0x64,0x00,0x00,0x78,0x00,0x00,0x78,0x00,0x00,0x78,0x00,0x00,0x78,
0x01,0xbe,0x78,0x07,0xeb,0xf8,0x0f,0x40,0xb8,0x2d,0x00,0x78,0x2c,0x00,0x78,0x3c,0x00,0x78,0x3c,0x00,
0x78,0x2d,0x00,0x78,0x1e,0x00,0xb8,0x0b,0xeb,0xb8,0x01,0xb9,0x38,0x01,0xbe,0x00,0x1f,0xaf,0x40,0xe0,
0x0e,0x0b,0x00,0x2c,0x2d,0x55,0xb0,0xff,0xff,0xd2,0xc0,0x00,0x0b,0x40,0x00,0x1e,0x00,0x00,0x1f,0x9b,
0x80,0x1b,0xe8,0x00,0x00,0x54,0x03,0xfc,0x0b,0x44,0x0b,0x00,0x0f,0x00,0x0f,0x00,0x7f,0xf4,0x1f,0x50,
0x0f,0x00,0x0f,0x00,0x0f,0x00,0x0f,0x00,0x0f,0x00,0x0f,0x00,0x0f,0x00,0x0f,0x00,0x0f,0x00,0x01,0xbf,
0xf8,0x2e,0x6f,0x51,0xe0,0x2d,0x0b,0x40,0x74,0x1d,0x01,0xd0,0x3d,0x1e,0x00,0x7f,0xe0,0x03,0x44,0x00,
0x1d,0x00,0x00,0x3e,0x95,0x00,0xbf,0xff,0x47,0x40,0x1f,0x28,0x00,0x3c,0xe0,0x01,0xe1,0xe5,0x6e,0x01,
0xbf,0x90,0x0a,0x00,0x00,0x1e,0x00,0x00,0x1e,0x00,0x00,0x1e,0x00,0x00,0x1e,0x00,0x00,0x1e,0x2f,0x80,
0x1e,0xfa,0xf0,0x1f,0x80,0xb4,0x1e,0x00,0x74,0x1e,0x00,0x78,0x1e,0x00,0x78,0x1e,0x00,0x78,0x1e,0x00,
0x78,0x1e,0x00,0x78,0x1e,0x00,0x78,0x1e,0x00,0x78,0x04,0x01,0xf0,0x1e,0x00,0x00,0x00,0x01,0xe0,0x1e,
0x01,0xe0,0x1e,0x01,0xe0,0x1e,0x01,0xe0,0x1e,0x01,0xe0,0x1e,0x01,0xe0,0x01,0x00,0x1f,0x00,0x78,0x00,
0x00,0x00,0x00,0x0e,0x00,0x38,0x00,0xe0,0x03,0x80,0x0e,0x00,0x38,0x00,0xe0,0x03,0x80,0x0e,0x00,0x38,
0x00,0xe0,0x03,0x80,0x1e,0x00,0x78,0x1b,0xd0,0xbd,0x00,0x00,0x00,0x00,0x78,0x00,0x01,0xe0,0x00,0x07,
0x80,0x00,0x1e,0x00,0x00,0x78,0x00,0x01,0xe0,0x0f,0x07,0x80,0xb4,0x1e,0x0b,0x40,0x78,0x74,0x01,0xe7,
0xc0,0x07,0xbf,0x40,0x1f,0xcb,0x00,0x7d,0x1e,0x01,0xe0,0x2d,0x07,0x80,0x3c,0x1e,0x00,0x78,0x04,0x01,
0xe0,0x1e,0x01,0xe0,0x1e,0x01,0xe0,0x1e,0x01,0xe0,0x1e,0x01,0xe0,0x1e,0x01,0xe0,0x1e,0x01,0xe0,0x0e,
0x00,0xf4,0x0b,0x80,0x1d,0x2f,0x81,0xb9,0x00,0x7b,0xef,0x9e,0xbd,0x01,0xf8,0x0f,0xd0,0x78,0x07,0x80,
0x2d,0x00,0xe0,0x1e,0x00,0xb4,0x03,0x80,0x78,0x02,0xd0,0x0e,0x01,0xe0,0x0b,0x40,0x38,0x07,0x80,0x2d,
0x00,0xe0,0x1e,0x00,0xb4,0x03,0x80,0x78,0x02,0xd0,0x0e,0x01,0xe0,0x0b,0x40,0x38,0x00,0x1d,0x2f,0x80,
0x1e,0xfa,0xf0,0x1f,0x80,0xb4,0x1e,0x00,0x74,0x1e,0x00,0x78,0x1e,0x00,0x78,0x1e,0x00,0x78,0x1e,0x00,
0x78,0x1e,0x00,0x78,0x1e,0x00,0x78,0x1e,0x00,0x78,0x01,0xbe,0x40,0x07,0xeb,0xd0,0x0f,0x00,0xb4,0x2d,
0x00,0x78,0x2c,0x00,0x3c,0x3c,0x00,0x2c,0x2c,0x00,0x3c,0x2d,0x00,0x78,0x0f,0x00,0xb4,0x07,0xeb,0xe0,
0x01,0xbe,0x40,0x1d,0x2f,0x80,0x1e,0xea,0xf4,0x1f,0x40,0x78,0x1e,0x00,0x3c,0x1e,0x00,0x2d,0x1e,0x00,
0x2d,0x1e,0x00,0x2c,0x1e,0x00,0x3c,0x1f,0x00,0xb4,0x1f,0xeb,0xe0,0x1e,0x6e,0x40,0x1e,0x00,0x00,0x1e,
0x00,0x00,0x1e,0x00,0x00,0x1e,0x00,0x00,0x1e,0x00,0x00,0x01,0xbe,0x38,0x07,0xeb,0xf8,0x0f,0x40,0xb8,
0x2d,0x00,0x78,0x2c,0x00,0x78,0x3c,0x00,0x78,0x2c,0x00,0x78,0x2d,0x00,0x78,0x1e,0x00,0xb8,0x0b,0xeb,
0xb8,0x01,0xb9,0x78,0x00,0x00,0x78,0x00,0x00,0x78,0x00,0x00,0x78,0x00,0x00,0x78,0x00,0x00,0x78,0x1d,
0x2e,0x1d,0xb9,0x1f,0x80,0x1f,0x00,0x1e,0x00,0x1e,0x00,0x1e,0x00,0x1e,0x00,0x1e,0x00,0x1e,0x00,0x1e,
0x00,0x06,0xf9,0x07,0xda,0xc2,0xc0,0x00,0xb4,0x00,0x1f,0x90,0x00,0xbe,0x40,0x01,0xf4,0x00,0x1e,0x10,
0x07,0x4f,0x9b,0xc0,0xaf,0x80,0x00,0x00,0x0b,0x00,0x0b,0x00,0x0b,0x00,0x7f,0xfc,0x5f,0x54,0x0f,0x00,
0x0f,0x00,0x0f,0x00,0x0f,0x00,0x0f,0x00,0x0b,0x00,0x0b,0x40,0x07,0xe8,0x02,0xf8,0x1e,0x00,0x74,0x1e,
0x00,0x74,0x1e,0x00,0x74,0x1e,0x00,0x74,0x1e,0x00,0x74,0x1e,0x00,0x74,0x1e,0x00,0x74,0x1e,0x00,0xb4,
0x0f,0x01,0xf4,0x0b,0xef,0x74,0x02,0xf8,0x74,0xb4,0x00,0xb1,0xe0,0x03,0x83,0xc0,0x1d,0x0b,0x40,0xb0,
0x0e,0x03,0x80,0x2c,0x1d,0x00,0x74,0xb0,0x00,0xe3,0x80,0x02,0xdd,0x00,0x07,0xf0,0x00,0x0f,0x40,0x00,
0x78,0x03,0xc0,0x1d,0x38,0x07,0xd0,0x2c,0x2c,0x06,0xa0,0x3c,0x2d,0x0a,0xb0,0x38,0x1e,0x0d,0x70,0x74,
0x0e,0x1c,0x34,0xb0,0x0b,0x2c,0x28,0xe0,0x07,0x68,0x2c,0xe0,0x03,0x74,0x1d,0xd0,0x03,0xf0,0x0f,0xc0,
0x02,0xe0,0x0b,0x80,0x38,0x02,0xc1,0xd0,0x74,0x0f,0x0f,0x00,0x79,0xd0,0x02,0xf8,0x00,0x1f,0x40,0x03,
0xb8,0x00,0xb6,0xd0,0x0e,0x0f,0x02,0xc0,0x78,0x78,0x02,0xd0,0xb4,0x00,0xb1,0xe0,0x03,0x82,0xc0,0x1d,
0x07,0x40,0xb0,0x0e,0x03,0x80,0x2c,0x1d,0x00,0x74,0xb0,0x00,0xe3,0x80,0x01,0xdd,0x00,0x03,0xf0,0x00,
0x0b,0x80,0x00,0x1d,0x00,0x00,0xf0,0x00,0x07,0x40,0x02,0xb8,0x00,0x0f,0x80,0x00,0x2f,0xff,0x81,0x55,
0xf4,0x00,0x1e,0x00,0x03,0xc0,0x00,0xb4,0x00,0x1e,0x00,0x03,0xc0,0x00,0xb4,0x00,0x1e,0x00,0x03,0xe5,
0x54,0x7f,0xff,0xc0,0x02,0xf0,0x1d,0x00,0x70,0x02,0xc0,0x07,0x00,0x1c,0x00,0x70,0x01,0xc0,0x0a,0x01,
0xf0,0x01,0xe0,0x01,0xc0,0x07,0x00,0x1c,0x00,0x70,0x02,0xc0,0x07,0x00,0x1d,0x00,0x2f,0x00,0x00,0x0d,
0x03,0x40,0xd0,0x34,0x0d,0x03,0x40,0xd0,0x34,0x0d,0x03,0x40,0xd0,0x34,0x0d,0x03,0x40,0xd0,0x34,0x0d,
0x03,0x40,0xd0,0x34,0x0d,0x03,0x40,0x40,0x7d,0x00,0x2c,0x00,0x74,0x01,0xd0,0x07,0x40,0x1d,0x00,0x70,
0x01,0xd0,0x03,0x80,0x07,0xc0,0x39,0x01,0xd0,0x07,0x00,0x1d,0x00,0x74,0x01,0xd0,0x07,0x40,0x2c,0x07,
0xd0,0x00,0x00,0x0b,0x90,0x10,0xb6,0xd2,0xc1,0x01,0xfd,0x00,0x00,0x40,0x00,0x00,0x00,0x00,0x00,0x00,
0x00,0x00,0x00,0x00,0x00,0x00,0x00,0x00,0x00,0x00,0x7d,0x00,0x00,0x00,0x00,0xff,0x00,0x00,0x00,0x00,
0xff,0x00,0x00,0x00,0x00,0xbe,0x00,0x00,0x00,0x00,0x00,0x00,0x00,0x00,0x00,0x00,0x00,0x00,0x00,0x00,
0x00,0x00,0x00,0x00,0x00,0x00,0x00,0x00,0x00,0x00,0x00,0x00,0x00,0x00,0x00,0x00,0x00,0x00,0x00,0x00,
0x00,0x00,0x00,0x0b,0xd0,0x00,0x00,0x00,0x28,0x24,0x00,0x00,0x00,0x30,0x18,0x00,0x00,0x00,0x30,0x18,
0x00,0x00,0x00,0x28,0x24,0x00,0x00,0x00,0x0b,0xe0,0x00,0x00,0x00,0x00,0x00,0x00,0x00,0x00,0x3f,0xff,
0xff,0xff,0xfd,0x2a,0xaa,0xaa,0xaa,0xa8,0x00,0x00,0x00,0x00,0x00,0x00,0x00,0x00,0x00,0x00,0x00,0x00,
0x00,0x00,0x00,0x00,0x00,0x00,0x00,0x00,0x00,0x00,0x00,0x00,0x00,0x00,0x00,0x00,0x00,0x00,0x00,0x00,
0x00,0x00,0x00,0x06,0xaa,0xaa,0xaa,0x90,0x0b,0xff,0xff,0xff,0xe0,0x00,0x00,0x00,0x00,0x00,0x00,0x00,
0x00,0x00,0x00,0x00,0x00,0x00,0x00,0x00,0x00,0x00,0x00,0x00,0x00,0x00,0x00,0x00,0x00,0x00,0x00,0x55,
0x55,0x55,0x00,0x01,0xff,0xff,0xff,0x00,0x00,0x00,0x00,0x00,0x00,0x00,0x00,0x00,0x00,0x00,0x00,0x00,
0x00,0x00,0x00,0x00,0x00,0x00,0x00,0x00,0x00,0x00,0x00,0x00,0x00,0x1a,0xaa,0xaa,0xaa,0xa4,0x2f,0xff,
0xff,0xff,0xf8,0x00,0x00,0x50,0x00,0x00,0x00,0x00,0x70,0x00,0x00,0x00,0x00,0x70,0x00,0x00,0x00,0x00,
0x70,0x00,0x00,0x00,0x00,0x70,0x00,0x00,0x00,0x00,0x70,0x00,0x00,0x00,0x00,0x70,0x00,0x00,0x00,0x00,
0x7f,0xff,0xe0,0x00,0x00,0x7a,0xaa,0x90,0x00,0x00,0x70,0x00,0x00,0x00,0x00,0x70,0x00,0x00,0x00,0x00,
0x70,0x00,0x00,0x00,0x00,0x70,0x00,0x00,0x00,0x00,0x70,0x00,0x00,0x00,0x00,0x70,0x00,0x00,0x00,0x00,
0x70,0x00,0x00,0x00,0x00,0x70,0x00,0x00,0x3f,0xff,0xff,0xff,0xfc,0x2a,0xaa,0xaa,0xaa,0xa8,0x3f,0xff,
0xff,0xff,0xfc,0x1a,0xaa,0xba,0xaa,0xa4,0x00,0x00,0x74,0x00,0x00,0x00,0x00,0x74,0x00,0x00,0x00,0x00,
0x74,0x00,0x00,0x00,0x00,0x7e,0x00,0x00,0x00,0x00,0x7b,0xd0,0x00,0x00,0x00,0x75,0xbd,0x00,0x00,0x00,
0x74,0x1f,0x80,0x00,0x00,0x74,0x02,0xe0,0x00,0x00,0x74,0x00,0x40,0x00,0x00,0x74,0x00,0x00,0x00,0x00,
0x74,0x00,0x00,0x00,0x00,0x74,0x00,0x00,0x00,0x00,0x74,0x00,0x00,0x00,0x00,0x74,0x00,0x00,0x00,0x00,
0x74,0x00,0x00,0x00,0x00,0x24,0x00,0x00,0x2f,0xff,0xff,0xff,0xf8,0x1a,0xaa,0xaf,0xaa,0xa4,0x00,0x00,
0x1e,0x00,0x00,0x00,0x00,0x3c,0x00,0x00,0x00,0x00,0xb8,0x00,0x00,0x00,0x02,0xf9,0x80,0x00,0x00,0x0b,
0xb9,0xf4,0x00,0x00,0x2e,0x28,0x2e,0x00,0x00,0xb8,0x28,0x0b,0x80,0x07,0xe0,0x28,0x01,0xf4,0x2f,0x40,
0x28,0x00,0x7c,0x28,0x00,0x28,0x00,0x14,0x00,0x00,0x28,0x00,0x00,0x00,0x00,0x28,0x00,0x00,0x00,0x00,
0x28,0x00,0x00,0x00,0x00,0x28,0x00,0x00,0x00,0x00,0x28,0x00,0x00,0x00,0x00,0x24,0x00,0x00,0x00,0x10,
0x00,0x00,0x00,0x00,0x38,0x00,0x00,0x00,0x00,0x34,0x00,0x00,0x00,0x00,0x7f,0xff,0xff,0xe0,0x00,0xb5,
0x55,0x55,0x50,0x00,0xa0,0x00,0x00,0x00,0x00,0xe0,0x00,0x00,0x00,0x00,0xd0,0x00,0x00,0x00,0x01,0xe5,
0x55,0x55,0x50,0x02,0xff,0xff,0xff,0xe0,0x00,0x00,0x00,0x00,0xe0,0x00,0x00,0x00,0x00,0xe0,0x00,0x00,
0x00,0x00,0xd0,0x3f,0xff,0xff,0xe1,0xd0,0x15,0x55,0x55,0x51,0xc0,0x00,0x00,0x00,0x02,0xc0,0x00,0x00,
0x00,0x03,0x80,0x00,0x00,0x00,0x07,0x40,0x00,0x00,0x0f,0xfe,0x00,0x00,0x00,0x05,0x54,0x00,0x00,0x00,
0x60,0x00,0x00,0x00,0x00,0xe0,0x00,0x00,0x01,0x55,0xe5,0x55,0x40,0x07,0xff,0xff,0xff,0xc0,0x00,0x02,
0xc0,0x00,0x00,0x00,0x03,0x80,0x00,0x00,0x15,0x5b,0x95,0x55,0x54,0x3f,0xff,0xff,0xff,0xf8,0x00,0x0e,
0x00,0x00,0x00,0x00,0x1d,0x00,0x00,0x00,0x00,0x2d,0x55,0x55,0x40,0x00,0x3f,0xff,0xff,0x80,0x00,0x00,
0x00,0x1e,0x00,0x00,0x00,0x00,0x78,0x00,0x00,0x04,0x01,0xf0,0x00,0x00,0x2f,0x97,0xc0,0x00,0x00,0x06,
0xff,0x00,0x00,0x00,0x00,0x1b,0xe0,0x00,0x00,0x00,0x01,0xb8,0x00,0x00,0x00,0x00,0x14,0x00,0x00,0x00,
0x90,0x00,0x00,0x00,0x01,0xe0,0x00,0x00,0x00,0x02,0xd0,0x00,0x00,0x1f,0xff,0xff,0xff,0xf4,0x15,0x5f,
0x55,0x55,0x50,0x00,0x0e,0x00,0x00,0x00,0x00,0x2c,0x0a,0x00,0x00,0x00,0x78,0x0e,0x00,0x00,0x00,0xb0,
0x0e,0x00,0x00,0x02,0xe5,0x5e,0x55,0x50,0x02,0xff,0xff,0xff,0xd0,0x00,0x00,0x0e,0x00,0x00,0x00,0x10,
0x0e,0x04,0x00,0x00,0x74,0x0e,0x1d,0x00,0x00,0xf0,0x0e,0x0b,0x40,0x01,0xd0,0x0e,0x02,0xc0,0x07,0x80,
0x0e,0x00,0xe0,0x1f,0x00,0x0e,0x00,0x78,0x08,0x02,0xfd,0x00,0x10,0x00,0x01,0xa4,0x00,0x00,0x00,0x00,
0x04,0x00,0x00,0x00,0x00,0x2d,0x00,0x00,0x00,0x00,0x7d,0x00,0x00,0x00,0x01,0xeb,0x40,0x00,0x00,0x07,
0xc2,0xd0,0x00,0x00,0x1f,0x00,0xb4,0x00,0x00,0xb8,0x14,0x2e,0x40,0x07,0xe0,0x28,0x07,0xe0,0x3f,0x40,
0x28,0x00,0xbc,0x18,0x00,0x28,0x00,0x18,0x00,0x00,0x28,0x00,0x00,0x00,0x00,0x28,0x00,0x00,0x00,0x00,
0x28,0x00,0x00,0x00,0x00,0x28,0x00,0x00,0x00,0x00,0x28,0x00,0x00,0x00,0x00,0x28,0x00,0x00,0x00,0x00,
0x28,0x00,0x00,0x00,0x00,0x28,0x00,0x00,0x00,0x00,0x28,0x00,0x00,0x00,0x00,0x24,0x00,0x00,0x00,0x00,
0x38,0x00,0x00,0x01,0x55,0x79,0x55,0x40,0x03,0xff,0xff,0xff,0xc0,0x03,0x40,0x38,0x01,0xc0,0x03,0x40,
0x38,0x01,0xc0,0x03,0x40,0x38,0x01,0xc0,0x03,0xff,0xff,0xff,0xc0,0x01,0x55,0x79,0x55,0x40,0x00,0x00,
0x38,0x00,0x00,0x0f,0xff,0xff,0xff,0xf0,0x0e,0x55,0x7d,0x55,0xb0,0x0e,0x00,0x38,0x00,0xb0,0x0e,0x00,
0x38,0x00,0xb0,0x0e,0x55,0x79,0x55,0xb0,0x0f,0xff,0xff,0xff,0xf0,0x0e,0x00,0x38,0x00,0xb0,0x00,0x00,
0x38,0x00,0x00,0x00,0x00,0x38,0x00,0x00,0x00,0x00,0x24,0x00,0x00,0x00,0x00,0x50,0x00,0x00,0x01,0x80,
0xa0,0x00,0x00,0x00,0xe0,0xa0,0x00,0x00,0x00,0x74,0xa0,0x00,0x00,0x00,0x24,0xa0,0x00,0x00,0x15,0x55,
0xf5,0x55,0x50,0x1f,0xff,0xff,0xff,0xf0,0x00,0x00,0xd0,0x00,0xb0,0x00,0x01,0xd0,0x00,0xb0,0x00,0x02,
0xc0,0x00,0xb0,0x00,0x03,0x8b,0x00,0xa0,0x00,0x07,0x47,0x80,0xa0,0x00,0x0b,0x01,0xd0,0xe0,0x00,0x1e,
0x00,0xe0,0xe0,0x00,0x3c,0x00,0x40,0xe0,0x00,0xb4,0x00,0x00,0xd0,0x02,0xe0,0x00,0x01,0xd0,0x0b,0x80,
0x00,0x02,0xc0,0x2d,0x00,0x02,0xff,0x80,0x04,0x00,0x00,0x65,0x00,0x00,0x00,0x60,0x00,0x00,0x00,0x01,
0xe0,0x00,0x00,0x00,0x02,0xc0,0x00,0x00,0x00,0x0b,0x40,0x00,0x00,0x00,0x2d,0x00,0x74,0x00,0x00,0xb8,
0x00,0xf4,0x00,0x02,0xe0,0x02,0xd0,0x00,0x0b,0x80,0x07,0x80,0x00,0x1d,0x00,0x1e,0x00,0x00,0x04,0x00,
0x78,0x00,0x00,0x00,0x01,0xf0,0x24,0x00,0x00,0x03,0xc0,0x2d,0x00,0x00,0x0f,0x40,0x0f,0x00,0x00,0x7d,
0x00,0x07,0x80,0x01,0xf0,0x05,0x57,0xd0,0x0b,0xff,0xff,0xff,0xf0,0x0b,0xea,0x55,0x00,0x78,0x00,0x00,
0x00,0x00,0x24,0x00,0x00,0x00,0x00,0x40,0x00,0x05,0x56,0xaf,0xd0,0x02,0xff,0xff,0xe9,0x40,0x02,0xd5,
0x00,0x00,0x00,0x02,0x80,0x04,0x00,0x00,0x03,0x80,0x1c,0x00,0x00,0x03,0x40,0x1c,0x00,0x00,0x07,0x40,
0x1c,0x00,0x00,0x07,0x00,0x1c,0x00,0x00,0x0b,0xff,0xff,0xff,0xf4,0x06,0xaa,0xae,0xaa,0xa4,0x00,0x00,
0x1c,0x00,0x00,0x00,0x50,0x1c,0x05,0x00,0x00,0xe0,0x1c,0x0b,0x40,0x02,0xc0,0x1c,0x02,0xc0,0x0b,0x40,
0x1c,0x00,0xe0,0x2e,0x00,0x1c,0x00,0x78,0x28,0x00,0x1c,0x00,0x28,0x00,0x07,0xfc,0x00,0x00,0x00,0x01,
0x50,0x00,0x00,0x00,0x00,0x09,0x00,0x00,0x00,0x00,0x0d,0x00,0x00,0x00,0xa0,0x0d,0x00,0x00,0x00,0xa0,
0x0d,0x00,0x00,0x00,0xa0,0x0d,0x06,0xd0,0x00,0xa0,0x0e,0xbe,0xd0,0x00,0xa0,0x6f,0x90,0xd0,0x00,0xbb,
0xed,0x00,0xd0,0x06,0xf9,0x0d,0x00,0xd0,0x7e,0xe0,0x0d,0x01,0xd0,0x10,0xa0,0x0d,0x01,0xc0,0x00,0xa0,
0x0d,0x01,0xc0,0x00,0xa0,0x0d,0x57,0x80,0x00,0xa0,0x0d,0x7e,0x00,0x00,0xa0,0x0d,0x00,0x14,0x00,0xa0,
0x04,0x00,0x2c,0x00,0xa0,0x00,0x00,0x28,0x00,0xb4,0x00,0x00,0x78,0x00,0x3f,0xff,0xff,0xe0,0x00,0x05,
0x55,0x55,0x40,0x00,0x00,0x00,0x00,0x00,0x0f,0xff,0xff,0xff,0xd0,0x05,0x55,0x55,0x5b,0xd0,0x00,0x00,
0x00,0x1f,0x40,0x00,0x00,0x00,0x7c,0x00,0x00,0x00,0x06,0xe0,0x00,0x00,0x00,0x1f,0x40,0x00,0x00,0x00,
0x2c,0x00,0x00,0x00,0x00,0x2c,0x00,0x00,0x00,0x00,0x2c,0x00,0x00,0x00,0x00,0x2c,0x00,0x00,0x00,0x00,
0x2c,0x00,0x00,0x00,0x00,0x2c,0x00,0x00,0x00,0x00,0x2c,0x00,0x00,0x00,0x00,0x2c,0x00,0x00,0x00,0x00,
0x2c,0x00,0x00,0x00,0x00,0x2c,0x00,0x00,0x00,0x2f,0xf8,0x00,0x00,0x00,0x19,0x50,0x00,0x00,0x02,0xff,
0xff,0xff,0x80,0x01,0xaa,0xaa,0xaa,0x40,0x00,0x00,0x00,0x00,0x00,0x00,0x00,0x00,0x00,0x00,0x00,0x00,
0x00,0x00,0x00,0x00,0x00,0x00,0x00,0x00,0x3f,0xff,0xff,0xff,0xfc,0x1a,0xab,0xea,0xaa,0xa4,0x00,0x03,
0xc0,0x00,0x00,0x00,0x0b,0x40,0x10,0x00,0x00,0x1e,0x00,0x74,0x00,0x00,0x2d,0x00,0x2d,0x00,0x00,0x74,
0x00,0x0e,0x00,0x01,0xe0,0x00,0x07,0x80,0x03,0xd5,0x6a,0xbf,0xc0,0x0b,0xff,0xff,0xaa,0xe0,0x06,0x95,
0x00,0x00,0xb4,0x00,0x00,0x00,0x00,0x10,0x00,0x14,0x00,0x50,0x00,0x00,0x2c,0x00,0xe0,0x00,0x00,0x74,
0x00,0xe0,0x00,0x00,0xb0,0x00,0xe0,0x00,0x00,0xe0,0x00,0xe0,0x00,0x02,0xd0,0x00,0xe0,0x00,0x07,0xd0,
0x00,0xe0,0x00,0x1f,0xd5,0x55,0xf5,0x54,0x3d,0xd7,0xff,0xff,0xfc,0x35,0xd0,0x00,0xe0,0x00,0x01,0xd0,
0x00,0xe0,0x00,0x01,0xd0,0x00,0xe0,0x00,0x01,0xd0,0x00,0xe0,0x00,0x01,0xd0,0x00,0xe0,0x00,0x01,0xd0,
0x00,0xe0,0x00,0x01,0xd0,0x00,0xe0,0x00,0x01,0xd0,0x00,0xe0,0x00,0x01,0xd0,0x00,0xe0,0x00,0x01,0xd0,
0x00,0xe0,0x00,0x00,0x80,0x00,0x90,0x00,0x00,0x00,0x18,0x00,0x00,0x00,0x00,0x7d,0x00,0x00,0x00,0x00,
0xff,0x00,0x00,0x00,0x03,0xd7,0xc0,0x00,0x00,0x1f,0x41,0xf4,0x00,0x00,0x7d,0x00,0x3e,0x00,0x02,0xf4,
0xe0,0x0b,0x90,0x2f,0x80,0x7d,0x01,0xf8,0x2d,0x00,0x0f,0x40,0x68,0x00,0x00,0x02,0x40,0x00,0x01,0xaa,
0xaa,0xaa,0x40,0x02,0xff,0xff,0xff,0x80,0x00,0x00,0x00,0x0f,0x00,0x00,0x00,0x00,0x2d,0x00,0x00,0x00,
0x00,0x78,0x00,0x00,0x00,0x00,0xf0,0x00,0x00,0x00,0x03,0xd0,0x00,0x00,0x00,0x0b,0x40,0x00,0x00,0x00,
0x1e,0x00,0x00,0x00,0x00,0x08,0x00,0x00,0x00,0x10,0x00,0x00,0x00,0x00,0x34,0x00,0x00,0x00,0x00,0xb2,
0xff,0xff,0xf4,0x00,0xe1,0x55,0x56,0xe0,0x01,0xd0,0x00,0x07,0x80,0x03,0x80,0x00,0x1e,0x00,0x0b,0x80,
0x00,0xb4,0x00,0x1f,0x80,0x00,0xe0,0x00,0x3f,0x80,0x00,0xe0,0x00,0x36,0x85,0x55,0xe5,0x54,0x02,0x8b,
0xff,0xff,0xfd,0x02,0x80,0x00,0xe0,0x00,0x02,0x80,0x00,0xe0,0x00,0x02,0x80,0x00,0xe0,0x00,0x02,0x80,
0x00,0xe0,0x00,0x02,0x80,0x00,0xe0,0x00,0x02,0x80,0x00,0xe0,0x00,0x02,0x80,0x00,0xd0,0x00,0x02,0x80,
0x7f,0xd0,0x00,0x01,0x40,0x25,0x40,0x00,0x00,0x00,0x00,0x02,0x80,0x02,0x80,0x40,0x03,0x80,0x02,0x81,
0xe0,0x03,0x80,0x02,0x80,0x74,0x03,0x80,0x02,0x80,0x2c,0x03,0x40,0x02,0x80,0x1e,0x07,0x40,0x02,0x80,
0x09,0x07,0x00,0x02,0x80,0x00,0x0b,0x00,0x02,0x80,0x00,0x0e,0x00,0x02,0x80,0x00,0x1d,0x00,0x02,0x80,
0x00,0x2c,0x00,0x02,0x81,0xa0,0x38,0x00,0x02,0x9b,0xd0,0xbd,0x00,0x03,0xf9,0x01,0xeb,0x40,0x0b,0x90,
0x07,0x82,0xd0,0x05,0x00,0x2e,0x00,0xb4,0x00,0x02,0xf8,0x00,0x3c,0x00,0x01,0x90,0x00,0x14,0x00,0x10,
0x01,0x80,0x00,0x00,0x70,0x01,0xc0,0x00,0x00,0xe0,0x01,0xc0,0x00,0x01,0xd0,0x01,0xc0,0x00,0x02,0xc5,
0x56,0xd5,0x54,0x07,0x8f,0xff,0xff,0xfc,0x0b,0x80,0x07,0xf4,0x00,0x1f,0x80,0x0e,0xe8,0x00,0x7a,0x80,
0x1d,0xdc,0x00,0x32,0x80,0x29,0xcd,0x00,0x02,0x80,0x75,0xcb,0x00,0x02,0x80,0xa1,0xc3,0x40,0x02,0x81,
0xd1,0xc2,0xd0,0x02,0x83,0x81,0xc0,0xe0,0x02,0x8f,0x56,0xd5,0x78,0x02,0xad,0xbf,0xff,0x6d,0x02,0x84,
0x01,0xc0,0x04,0x02,0x80,0x01,0xc0,0x00,0x02,0x80,0x01,0xc0,0x00,0x02,0x40,0x01,0x80,0x00,0x00,0x10,
0x14,0x00,0x00,0x00,0x74,0x38,0x00,0x00,0x00,0xb0,0x74,0x00,0x00,0x00,0xe0,0xb0,0x00,0x00,0x02,0xc0,
0xf5,0x55,0x54,0x03,0x81,0xff,0xff,0xfc,0x0b,0x82,0xc0,0xa0,0x2c,0x1f,0x87,0x40,0xa0,0x28,0x7a,0x8b,
0x00,0xa0,0x34,0x72,0x81,0x10,0xa1,0x40,0x02,0x80,0x74,0xa2,0xc0,0x02,0x80,0xb0,0xa0,0xd0,0x02,0x80,
0xe0,0xa0,0xb0,0x02,0x81,0xd0,0xa0,0x74,0x02,0x83,0x80,0xa0,0x38,0x02,0x87,0x40,0xa0,0x2c,0x02,0x81,
0x00,0xa0,0x14,0x02,0x80,0x00,0xa0,0x00,0x02,0x80,0x0f,0xe0,0x00,0x01,0x40,0x05,0x40,0x00,0x00,0x10,
0x00,0x00,0x00,0x00,0x75,0x55,0x55,0x54,0x00,0xb7,0xff,0xff,0xfc,0x00,0xd0,0x00,0xd0,0x00,0x02,0xc0,
0x55,0xe5,0x50,0x03,0x83,0xff,0xff,0xf4,0x0b,0x83,0x40,0xd0,0x74,0x1f,0x83,0x40,0xd0,0x74,0x3b,0x83,
0xff,0xff,0xf4,0x26,0x83,0x80,0xe0,0x74,0x02,0x83,0x40,0xd0,0x74,0x02,0x83,0x80,0xe0,0x74,0x02,0x83,
0xff,0xff,0xf4,0x02,0x81,0x01,0xd0,0x00,0x02,0x83,0x82,0xc0,0x00,0x02,0x81,0xe7,0x40,0x00,0x02,0x80,
0x3f,0x40,0x00,0x02,0x81,0xba,0xf9,0x50,0x02,0x9f,0x90,0x1b,0xfc,0x01,0x44,0x00,0x00,0x14,0x00,0x10,
0x00,0x00,0x00,0x00,0x38,0x55,0x55,0x50,0x00,0x75,0xff,0xff,0xf0,0x00,0xe1,0xc0,0x00,0xb0,0x01,0xd1,
0xc0,0x00,0xb0,0x03,0xc1,0xc0,0x00,0xb0,0x0b,0xc1,0xd5,0x55,0xb0,0x1f,0xc1,0xff,0xff,0xf0,0x7a,0xc0,
0x00,0xd0,0x00,0x22,0xc0,0x00,0xd0,0x00,0x02,0xc5,0x55,0xe5,0x54,0x02,0xcf,0xff,0xff,0xfc,0x02,0xc0,
0x07,0xf8,0x00,0x02,0xc0,0x0e,0xed,0x00,0x02,0xc0,0x38,0xd7,0x40,0x02,0xc0,0xb0,0xd2,0xd0,0x02,0xc2,
0xd0,0xd0,0xf4,0x02,0xdf,0x40,0xd0,0x3d,0x02,0xc4,0x00,0xd0,0x08,0x01,0x80,0x00,0x90,0x00,0x00,0x10,
0x01,0x40,0x00,0x00,0x74,0x02,0x80,0x00,0x00,0xa0,0x01,0xd0,0x00,0x01,0xd5,0x55,0x95,0x54,0x02,0xcb,
0xff,0xff,0xfc,0x07,0x80,0x00,0x00,0x00,0x0b,0x80,0x55,0x55,0x40,0x1f,0x81,0xff,0xff,0xd0,0x7a,0x80,
0x00,0x00,0x00,0x22,0x80,0x55,0x55,0x40,0x02,0x81,0xff,0xff,0xd0,0x02,0x80,0x00,0x00,0x00,0x02,0x80,
0x00,0x00,0x00,0x02,0x82,0xff,0xff,0xe0,0x02,0x82,0x95,0x55,0xe0,0x02,0x82,0x80,0x00,0xa0,0x02,0x82,
0x80,0x00,0xa0,0x02,0x82,0x95,0x55,0xe0,0x02,0x82,0xff,0xff,0xe0,0x02,0x81,0x80,0x00,0x90,0x00,0x05,
0x00,0x00,0x00,0x00,0x0f,0x40,0x00,0x00,0x00,0x02,0xd0,0x00,0x00,0x00,0x00,0xf0,0x00,0x00,0x00,0x00,
0x38,0x00,0x00,0x00,0x00,0x3d,0x00,0x00,0x00,0x00,0x7f,0x00,0x00,0x00,0x00,0xb7,0x40,0x00,0x00,0x00,
0xe2,0xc0,0x00,0x00,0x02,0xd1,0xe0,0x00,0x00,0x03,0xc0,0xb0,0x00,0x00,0x0b,0x40,0x78,0x00,0x00,0x1e,
0x00,0x2d,0x00,0x00,0x3d,0x00,0x0f,0x40,0x00,0xf4,0x00,0x07,0xc0,0x07,0xd0,0x00,0x01,0xf4,0x2f,0x40,
0x00,0x00,0x7c,0x18,0x00,0x00,0x00,0x18,0x00,0x00,0x18,0x00,0x00,0x00,0x00,0x7c,0x00,0x00,0x00,0x00,
0xff,0x00,0x00,0x00,0x03,0xc3,0x80,0x00,0x00,0x0f,0x40,0xf4,0x00,0x00,0x7d,0x00,0x3d,0x00,0x02,0xe0,
0x00,0x0b,0x80,0x1f,0x80,0x00,0x01,0xf4,0x7d,0xff,0xff,0xff,0x7d,0x10,0x55,0x7d,0x55,0x04,0x00,0x00,
0x28,0x00,0x00,0x00,0x00,0x28,0x00,0x00,0x00,0x55,0x7d,0x55,0x00,0x00,0xff,0xff,0xff,0x40,0x00,0x00,
0x28,0x00,0x00,0x00,0x00,0x28,0x00,0x00,0x00,0x00,0x28,0x00,0x00,0x15,0x55,0x7d,0x55,0x54,0x1f,0xff,
0xff,0xff,0xf8,0x00,0x10,0x00,0x05,0x00,0x00,0x74,0x00,0x1d,0x00,0x00,0x2c,0x00,0x2c,0x00,0x00,0x0e,
0x00,0x74,0x00,0x00,0x05,0x00,0xe0,0x00,0x0f,0xff,0xff,0xff,0xf0,0x05,0x55,0x55,0x55,0x50,0x00,0x00,
0x00,0x00,0x00,0x00,0x00,0x00,0x00,0x00,0x00,0x00,0x00,0x00,0x00,0x00,0x00,0x00,0x00,0x00,0x03,0xff,
0xff,0xff,0x80,0x02,0xaa,0xaa,0xaa,0x40,0x00,0x00,0x00,0x00,0x00,0x00,0x00,0x00,0x00,0x00,0x00,0x00,
0x00,0x00,0x00,0x00,0x00,0x00,0x00,0x00,0x3f,0xff,0xff,0xff,0xf8,0x15,0x55,0x55,0x55,0x54,0x00,0x10,
0x00,0x04,0x00,0x00,0x74,0x00,0x1e,0x00,0x00,0x2c,0x00,0x2c,0x00,0x00,0x1d,0x00,0x74,0x00,0x00,0x09,
0x00,0xb0,0x00,0x07,0xff,0xff,0xff,0xe0,0x06,0xaa,0xbe,0xaa,0x90,0x00,0x00,0x2c,0x00,0x00,0x00,0x00,
0x2c,0x00,0x00,0x00,0x00,0x2c,0x00,0x00,0x2f,0xff,0xff,0xff,0xf8,0x15,0x55,0xbe,0x55,0x54,0x00,0x00,
0xbf,0x00,0x00,0x00,0x00,0xf7,0x80,0x00,0x00,0x03,0xd2,0xd0,0x00,0x00,0x0b,0x80,0xb4,0x00,0x00,0x7e,
0x00,0x2e,0x00,0x07,0xf4,0x00,0x0b,0xe4,0x2f,0x80,0x00,0x01,0xb8,0x04,0x00,0x00,0x00,0x10,0x00,0x64,
0x00,0x18,0x00,0x00,0x74,0x00,0x1d,0x00,0x00,0x74,0x00,0x1d,0x00,0x1f,0xff,0xff,0xff,0xf4,0x05,0xb9,
0x55,0x6e,0x54,0x00,0x74,0x00,0x1d,0x00,0x00,0x75,0x55,0x5d,0x00,0x00,0x7f,0xff,0xfd,0x00,0x00,0x74,
0x00,0x1d,0x00,0x00,0x74,0x00,0x1d,0x00,0x00,0x7f,0xff,0xfd,0x00,0x00,0x75,0x55,0x5d,0x00,0x00,0x74,
0x00,0x1d,0x00,0x15,0xb9,0x55,0x6e,0x54,0x3f,0xff,0xff,0xff,0xfc,0x00,0x05,0x00,0x40,0x00,0x00,0x2f,
0x41,0xf9,0x00,0x06,0xf8,0x00,0x1f,0x90,0x2f,0x80,0x00,0x01,0xf8,0x14,0x00,0x00,0x00,0x10,0x00,0x55,
0x55,0x55,0x00,0x00,0xbf,0xff,0xff,0x00,0x00,0xa0,0x00,0x07,0x00,0x00,0xa0,0x00,0x0b,0x00,0x00,0xbf,
0xff,0xff,0x00,0x00,0xa0,0x00,0x07,0x00,0x00,0xa0,0x00,0x0b,0x00,0x00,0xbf,0xff,0xff,0x00,0x00,0xa0,
0x00,0x07,0x00,0x00,0xa0,0x00,0x0b,0x00,0x00,0xbf,0xff,0xff,0x00,0x00,0xa0,0x00,0x07,0x00,0x15,0xe5,
0x55,0x5b,0x54,0x3f,0xff,0xff,0xff,0xfc,0x00,0x09,0x00,0x64,0x00,0x00,0x7d,0x00,0x7e,0x00,0x06,0xe0,
0x00,0x0b,0xe0,0x2f,0x40,0x00,0x00,0xbc,0x14,0x00,0x00,0x00,0x14,0x15,0x55,0x55,0x55,0x54,0x1f,0xff,
0xff,0xff,0xf4,0x00,0x00,0x38,0x00,0x00,0x00,0x00,0x38,0x00,0x00,0x03,0xff,0xff,0xff,0x80,0x03,0x95,
0x79,0x56,0x80,0x03,0x80,0x38,0x02,0x80,0x03,0x80,0x38,0x02,0x80,0x03,0xff,0xff,0xff,0x80,0x03,0x95,
0x79,0x56,0x80,0x03,0x80,0x38,0x02,0x80,0x03,0x80,0x38,0x02,0x80,0x7f,0xff,0xff,0xff,0xfd,0x17,0x95,
0x55,0x56,0xd4,0x03,0x80,0x00,0x02,0x80,0x03,0x80,0x00,0x02,0x80,0x03,0x80,0x00,0x02,0x80,0x03,0x80,
0x00,0xff,0x80,0x01,0x40,0x00,0x55,0x00,0x00,0x00,0x02,0x40,0x00,0x14,0x00,0x03,0x80,0x00,0x1d,0x00,
0x03,0x80,0x00,0x0b,0x41,0x57,0xd5,0x40,0x03,0xc3,0xff,0xff,0xd0,0x01,0x80,0x03,0x81,0xd0,0x00,0x00,
0x03,0x81,0xd0,0x00,0x00,0x03,0x81,0xd0,0x00,0x00,0x03,0x81,0xd0,0x00,0x00,0x03,0x81,0xd0,0x00,0x0f,
0xff,0xff,0xfd,0x00,0xc5,0x5b,0xe5,0x54,0x02,0xc0,0x0b,0xb0,0x00,0x03,0x80,0x0e,0x74,0x00,0x0b,0x00,
0x1d,0x2c,0x00,0x0e,0x00,0x78,0x1e,0x00,0x2c,0x01,0xf0,0x0b,0x80,0x38,0x0b,0xc0,0x02,0xe4,0x10,0x2e,
0x00,0x00,0xbc,0x00,0x14,0x00,0x00,0x04,0x00,0x00,0x01,0x40,0x00,0x14,0x00,0x03,0xc0,0x00,0x2c,0x00,
0x07,0xe0,0x00,0x0e,0x00,0x1e,0x74,0x00,0x07,0x40,0x38,0x2d,0x00,0x03,0x80,0xf0,0x0b,0x40,0x01,0x07,
0xd2,0x02,0xd0,0x00,0x2e,0x02,0xc0,0xb8,0x00,0x28,0x00,0xe0,0x24,0x00,0x00,0x00,0x00,0x00,0x00,0x03,
0xff,0xff,0xd0,0x02,0xc1,0x55,0x57,0xc0,0x03,0x80,0x00,0x0b,0x40,0x07,0x40,0x00,0x1e,0x00,0x0b,0x00,
0x20,0x78,0x00,0x1d,0x00,0x3d,0xf0,0x00,0x2c,0x00,0x0b,0xc0,0x00,0x38,0x00,0x01,0xe0,0x00,0x14,0x00,
0x00,0x78,0x00,0x00,0x00,0x00,0x14,0x00,0x00,0x00,0x24,0x00,0x00,0x00,0x00,0x38,0x00,0x00,0x02,0x40,
0x38,0x01,0x80,0x03,0x80,0x38,0x02,0xc0,0x03,0x80,0x38,0x02,0xc0,0x03,0x80,0x38,0x02,0xc0,0x03,0x80,
0x38,0x02,0xc0,0x03,0x80,0x38,0x02,0xc0,0x03,0xff,0xff,0xff,0xc0,0x01,0x55,0x7d,0x55,0x40,0x00,0x00,
0x38,0x00,0x00,0x0e,0x00,0x38,0x00,0xb0,0x0e,0x00,0x38,0x00,0xb0,0x0e,0x00,0x38,0x00,0xb0,0x0e,0x00,
0x38,0x00,0xb0,0x0e,0x00,0x38,0x00,0xb0,0x0e,0x00,0x38,0x00,0xb0,0x0f,0xff,0xff,0xff,0xf0,0x06,0xaa,
0xaa,0xaa,0xf0,0x00,0x00,0x00,0x00,0x60,0x0a,0xaa,0xaa,0xaa,0xa0,0x1f,0xff,0xff,0xff,0xf0,0x00,0x01,
0xd0,0x00,0xb0,0x00,0x01,0xd0,0x00,0xb0,0x00,0x01,0xd0,0x00,0xb0,0x00,0x01,0xc0,0x00,0xb0,0x00,0x02,
0xc0,0x00,0xb0,0x00,0x03,0x80,0x00,0xb0,0x00,0x03,0x80,0x00,0xb0,0x00,0x07,0x40,0x00,0xa0,0x00,0x0b,
0x00,0x00,0xe0,0x00,0x0e,0x00,0x00,0xe0,0x00,0x2d,0x00,0x00,0xe0,0x00,0x78,0x00,0x01,0xd0,0x01,0xf0,
0x00,0x01,0xd0,0x07,0xd0,0x00,0x02,0xc0,0x2e,0x00,0x03,0xff,0x80,0x14,0x00,0x01,0xa9,0x00,0x00,0x00,
0x00,0x00,0x00,0x00,0x0a,0x00,0xa0,0x00,0x00,0x1d,0x00,0x74,0x00,0x00,0x2c,0x00,0x2c,0x00,0x00,0x78,
0x00,0x1e,0x00,0x00,0xf0,0x00,0x0b,0x40,0x02,0xd0,0x00,0x03,0xc0,0x0b,0x80,0x00,0x01,0xf0,0x2f,0x55,
0x55,0x55,0x7c,0x19,0xff,0xff,0xff,0x54,0x00,0x02,0xc0,0x07,0x00,0x00,0x02,0xc0,0x07,0x00,0x00,0x03,
0x80,0x0b,0x00,0x00,0x07,0x40,0x0b,0x00,0x00,0x0b,0x00,0x0b,0x00,0x00,0x1d,0x00,0x0a,0x00,0x00,0x78,
0x00,0x0e,0x00,0x02,0xe0,0x00,0x1d,0x00,0x1f,0x80,0x0f,0xfc,0x00,0x08,0x00,0x05,0x50,0x00,0x02,0x80,
0x00,0x00,0x00,0x02,0x80,0xbf,0xff,0xf8,0x02,0x80,0x56,0xe5,0x78,0x02,0x80,0x01,0xc0,0x28,0x02,0x9a,
0x41,0xc0,0x28,0x1b,0xfe,0x42,0xc0,0x38,0x7f,0x90,0x02,0xc0,0x38,0x02,0x80,0x02,0xc0,0x38,0x02,0x80,
0x02,0x80,0x38,0x02,0x80,0x03,0x80,0x38,0x02,0x80,0x03,0x40,0x34,0x02,0x81,0x47,0x40,0x34,0x03,0x9f,
0x8b,0x00,0x34,0x03,0xf9,0x0e,0x00,0x74,0x0b,0x90,0x2c,0x00,0x74,0x01,0x00,0x78,0x00,0xb0,0x00,0x01,
0xe0,0x00,0xf0,0x00,0x07,0x80,0x7f,0xd0,0x00,0x01,0x00,0x15,0x40,0x00,0x00,0x50,0x00,0x10,0x00,0x5b,
0xf0,0x00,0x74,0x2b,0xfe,0x40,0x40,0x74,0x29,0x78,0x00,0xd0,0x74,0x00,0x28,0x00,0xd0,0x74,0x00,0x28,
0x00,0xd0,0x74,0x15,0x79,0x54,0xd0,0x74,0x3f,0xff,0xf8,0xd0,0x74,0x00,0x78,0x00,0xd0,0x74,0x00,0xf8,
0x00,0xd0,0x74,0x01,0xfe,0x00,0xd0,0x74,0x03,0xab,0x80,0xd0,0x74,0x07,0x28,0xf0,0xd0,0x74,0x0e,0x28,
0x70,0xd0,0x74,0x3c,0x28,0x00,0x40,0x74,0x74,0x28,0x00,0x00,0x74,0x10,0x28,0x00,0x00,0x74,0x00,0x28,
0x00,0x00,0x74,0x00,0x28,0x00,0x2f,0xf0,0x00,0x14,0x00,0x19,0x40,0x00,0x00,0x00,0x00,0x10,0x0f,0xff,
0xe0,0x00,0x74,0x0e,0x55,0xa0,0x50,0x74,0x0d,0x00,0xa0,0x70,0x74,0x0d,0x00,0xa0,0x70,0x74,0x0d,0x00,
0xa0,0x70,0x74,0x0e,0x55,0xa0,0x70,0x74,0x0f,0xff,0xe0,0x70,0x74,0x00,0x10,0x00,0x70,0x74,0x00,0x70,
0x00,0x70,0x74,0x15,0xb5,0x50,0x70,0x74,0x3f,0xff,0xf0,0x70,0x74,0x00,0xa0,0x70,0x70,0x74,0x00,0xe0,
0x70,0x70,0x74,0x00,0xd0,0x70,0x50,0x74,0x02,0xc0,0xb0,0x00,0x74,0x07,0x80,0xa0,0x00,0x74,0x1f,0x00,
0xe0,0x00,0x74,0x3c,0x1f,0xd0,0x1f,0xf0,0x10,0x05,0x40,0x0a,0x40,0x00,0x24,0x00,0x00,0x10,0x14,0x38,
0x28,0x00,0x74,0x1c,0x38,0x38,0x00,0x74,0x0d,0x38,0x70,0xa0,0x74,0x0a,0x38,0xe0,0xa0,0x74,0x05,0x38,
0x40,0xa0,0x74,0x1f,0xff,0xf0,0xa0,0x74,0x1e,0x55,0xb0,0xa0,0x74,0x1d,0x00,0x70,0xa0,0x74,0x1d,0x55,
0xb0,0xa0,0x74,0x1f,0xff,0xf0,0xa0,0x74,0x1d,0x00,0x70,0xa0,0x74,0x1d,0x00,0x70,0xa0,0x74,0x1f,0xff,
0xf0,0xa0,0x74,0x1d,0x55,0xb0,0x00,0x74,0x1d,0x00,0x70,0x00,0x74,0x1d,0x00,0x70,0x00,0x74,0x1d,0x00,
0x70,0x00,0x74,0x1d,0x0b,0xf0,0x2f,0xf0,0x04,0x05,0x40,0x05,0x40,0x00,0x00,0x00,0x14,0x00,0x00,0x00,
0x00,0x38,0x00,0x1f,0xff,0xe0,0x38,0x00,0x05,0x55,0x50,0x34,0x00,0x00,0x00,0x00,0x34,0x00,0x00,0x00,
0x0f,0xff,0xfc,0x00,0x00,0x05,0xb9,0x6c,0x3f,0xff,0xf0,0x34,0x28,0x16,0xe5,0x50,0x74,0x28,0x01,0xc0,
0x00,0x70,0x28,0x02,0x82,0x40,0x70,0x28,0x03,0x82,0x80,0xb0,0x28,0x07,0x41,0xc0,0xe0,0x38,0x0b,0x00,
0xd0,0xd0,0x38,0x0e,0x5b,0xe1,0xd0,0x34,0x1f,0xfa,0xb3,0x80,0x34,0x1e,0x40,0x27,0x40,0x74,0x00,0x00,
0x0f,0x00,0xb0,0x00,0x00,0x2d,0x2f,0xe0,0x00,0x00,0x04,0x15,0x40,0x00,0x00,0x24,0x00,0x00,0x02,0x80,
0x38,0x02,0x80,0x01,0xd0,0x38,0x07,0x80,0x00,0xe0,0x38,0x0b,0x00,0x00,0x74,0x38,0x1d,0x00,0x00,0x34,
0x38,0x28,0x00,0x00,0x00,0x38,0x00,0x00,0x0b,0xff,0xff,0xff,0xe0,0x05,0x55,0x7d,0x55,0x50,0x00,0x00,
0x38,0x00,0x00,0x00,0x00,0x38,0x00,0x00,0x00,0x00,0x38,0x00,0x00,0x3f,0xff,0xff,0xff,0xfc,0x1a,0xaa,
0xbe,0xaa,0xa4,0x00,0x00,0x38,0x00,0x00,0x00,0x00,0x38,0x00,0x00,0x00,0x00,0x38,0x00,0x00,0x00,0x00,
0x38,0x00,0x00,0x00,0x00,0x38,0x00,0x00,0x00,0x00,0x24,0x00,0x00,0x00,0x00,0x24,0x00,0x00,0x00,0x00,
0x38,0x00,0x00,0x15,0x55,0x7d,0x55,0x54,0x2f,0xff,0xff,0xff,0xf8,0x00,0x00,0x38,0x00,0x00,0x00,0x00,
0x38,0x00,0x00,0x0b,0xff,0xff,0xff,0xe0,0x0b,0x55,0x55,0x95,0xe0,0x0a,0x07,0x00,0xe0,0xa0,0x0a,0x03,
0x41,0xc0,0xa0,0x0a,0x02,0x42,0x80,0xa0,0x0a,0x2f,0xff,0xf8,0xa0,0x0a,0x05,0x79,0x54,0xa0,0x0a,0x00,
0x28,0x00,0xa0,0x0a,0x3f,0xff,0xfc,0xa0,0x0a,0x15,0x79,0x54,0xa0,0x0a,0x00,0x28,0x00,0xa0,0x0a,0x00,
0x28,0x00,0xa0,0x0a,0x00,0x28,0x3f,0xd0,0x05,0x00,0x00,0x15,0x00,0x00,0x00,0x28,0x00,0x00,0x00,0x00,
0x28,0x00,0x00,0x00,0x00,0x28,0x00,0x00,0x05,0x55,0x7d,0x55,0x50,0x07,0xff,0xff,0xff,0xe0,0x00,0x00,
0x28,0x00,0x00,0x00,0x00,0x28,0x00,0x00,0x00,0x00,0x28,0x00,0x00,0x00,0x00,0x28,0x00,0x00,0x3f,0xff,
0xff,0xff,0xfc,0x1a,0xab,0xea,0xaa,0xa8,0x00,0x07,0x80,0x00,0x00,0x00,0x0b,0x00,0xb0,0x00,0x00,0x1d,
0x00,0x38,0x00,0x00,0x38,0x00,0x1e,0x00,0x00,0xb0,0x00,0x0b,0x40,0x02,0xd5,0x5a,0xaf,0xc0,0x07,0xff,
0xff,0xea,0xe0,0x06,0x95,0x40,0x00,0xb0,0x00,0x00,0x00,0x00,0x00,0x00,0x00,0x00,0x05,0x40,0x00,0x05,
0x5a,0xbf,0x80,0x02,0xff,0xfa,0x94,0x00,0x02,0xd0,0x00,0x00,0x00,0x02,0xc0,0x00,0x00,0x00,0x02,0xc0,
0x00,0x00,0x00,0x02,0xc0,0x00,0x00,0x00,0x02,0xff,0xff,0xff,0x80,0x02,0xdb,0x55,0x5b,0x80,0x02,0xc7,
0x40,0x07,0x40,0x02,0x83,0x80,0x0f,0x00,0x02,0x81,0xd0,0x1d,0x00,0x03,0x80,0xb0,0x78,0x00,0x03,0x40,
0x38,0xf0,0x00,0x07,0x40,0x1f,0xd0,0x00,0x07,0x00,0x1f,0xc0,0x00,0x0a,0x00,0xbd,0xf8,0x00,0x1d,0x1b,
0xe0,0x2f,0x90,0x2c,0x7e,0x40,0x06,0xf4,0x04,0x10,0x00,0x00,0x10,0x00,0x00,0x24,0x04,0x00,0x00,0xa0,
0x78,0x1d,0x00,0x00,0xe0,0x74,0x0b,0x40,0x01,0xd0,0xb4,0x02,0xc0,0x03,0x80,0xb0,0x00,0x00,0x07,0xff,
0xff,0xff,0xf8,0x06,0x56,0xe5,0x55,0x54,0x00,0x02,0xd0,0x00,0x00,0x00,0x03,0xc0,0x00,0x00,0x00,0x07,
0xff,0xff,0x80,0x00,0x0b,0xd5,0x5b,0x40,0x00,0x1f,0xd0,0x0b,0x00,0x00,0x3c,0xa0,0x1d,0x00,0x00,0xb4,
0x78,0x78,0x00,0x02,0xe0,0x1e,0xf0,0x00,0x0b,0x80,0x0b,0xd0,0x00,0x3e,0x00,0x2f,0xf4,0x00,0x24,0x06,
0xf4,0x6f,0x50,0x00,0x3f,0x80,0x06,0xfc,0x00,0x14,0x00,0x00,0x14,0x15,0x55,0x50,0x00,0x00,0x3f,0xff,
0xf5,0x55,0x54,0x0a,0x03,0x8f,0xff,0xf4,0x0a,0x03,0x82,0x80,0x34,0x0a,0x57,0x82,0x80,0x70,0x0b,0xff,
0x81,0xc0,0xb0,0x0a,0x03,0x81,0xc0,0xa0,0x0a,0x03,0x80,0xd0,0xd0,0x0a,0x03,0x80,0xa1,0xd0,0x0b,0xff,
0x80,0x72,0x80,0x0a,0x57,0x80,0x3b,0x40,0x0a,0x03,0x80,0x2f,0x00,0x0a,0x03,0x90,0x1e,0x00,0x0a,0x6b,
0xf4,0x2e,0x00,0x3f,0xfb,0x80,0x7b,0x80,0x25,0x03,0x81,0xe2,0xd0,0x00,0x03,0x87,0x80,0xf4,0x00,0x03,
0x9e,0x00,0x2c,0x00,0x02,0x44,0x00,0x04,0x05,0x55,0x55,0x55,0x50,0x07,0xff,0xff,0xff,0xe0,0x07,0x00,
0x00,0x00,0xe0,0x07,0x00,0x00,0x00,0xe0,0x07,0x00,0x00,0x00,0xe0,0x07,0x00,0x00,0x00,0xe0,0x07,0x00,
0x00,0x00,0xe0,0x07,0x00,0x00,0x00,0xe0,0x07,0x00,0x00,0x00,0xe0,0x07,0x00,0x00,0x00,0xe0,0x07,0x00,
0x00,0x00,0xe0,0x07,0x00,0x00,0x00,0xe0,0x07,0x00,0x00,0x00,0xe0,0x07,0x00,0x00,0x00,0xe0,0x07,0xff,
0xff,0xff,0xe0,0x07,0xaa,0xaa,0xaa,0xe0,0x07,0x00,0x00,0x00,0xe0,0x01,0x00,0x00,0x00,0x00,0x3f,0xff,
0xff,0xff,0xfc,0x1a,0xaa,0xaa,0xab,0xa4,0x00,0x00,0x00,0x03,0x40,0x00,0x00,0x00,0x03,0x40,0x01,0x55,
0x54,0x03,0x40,0x03,0xff,0xfd,0x03,0x40,0x03,0x80,0x0d,0x03,0x40,0x03,0x80,0x0d,0x03,0x40,0x03,0x80,
0x0d,0x03,0x40,0x03,0x80,0x0d,0x03,0x40,0x03,0x80,0x0d,0x03,0x40,0x03,0xff,0xfd,0x03,0x40,0x03,0x95,
0x54,0x03,0x40,0x03,0x80,0x00,0x03,0x40,0x00,0x00,0x00,0x03,0x40,0x00,0x00,0x00,0x03,0x40,0x00,0x00,
0x03,0xff,0x40,0x00,0x00,0x01,0xa5,0x00,0x05,0x55,0x55,0x55,0x50,0x1f,0xff,0xff,0xff,0xe0,0x00,0x00,
0x00,0x00,0xa0,0x00,0x00,0x00,0x00,0xa0,0x05,0x55,0x55,0x50,0xa0,0x0f,0xff,0xff,0xf0,0xa0,0x00,0x00,
0x00,0x00,0xa0,0x00,0x00,0x00,0x00,0xa0,0x02,0xff,0xff,0x80,0xa0,0x02,0x95,0x57,0x80,0xa0,0x02,0x80,
0x03,0x80,0xa0,0x02,0x80,0x03,0x80,0xa0,0x02,0x80,0x03,0x80,0xa0,0x02,0x95,0x57,0x80,0xa0,0x02,0xff,
0xff,0x80,0xa0,0x02,0x80,0x00,0x00,0xa0,0x01,0x40,0x00,0x00,0xa0,0x00,0x00,0x00,0x7f,0xe0,0x00,0x00,
0x00,0x2a,0x40,0x00,0x00,0x05,0x00,0x00,0x00,0x00,0x0b,0x00,0x00,0x15,0x54,0x0e,0x00,0x00,0x1f,0xf8,
0x1e,0x55,0x54,0x1c,0x28,0x3f,0xff,0xfc,0x1c,0x28,0x74,0x00,0x00,0x1c,0x28,0xe0,0x00,0x00,0x1c,0x2a,
0xc0,0x00,0x00,0x1c,0x28,0x6f,0xff,0xe0,0x1c,0x28,0x15,0x5b,0x80,0x1c,0x28,0x00,0x2e,0x00,0x1c,0x28,
0x00,0xb8,0x00,0x1c,0x28,0x02,0xe0,0x00,0x1f,0xf8,0x0b,0x40,0x00,0x1d,0x54,0x2d,0x00,0x00,0x1c,0x00,
0x78,0x00,0x0d,0x04,0x00,0xb0,0x00,0x1d,0x00,0x00,0xf0,0x00,0x1c,0x00,0x00,0xbf,0xff,0xf8,0x00,0x00,
0x16,0xaa,0x90,0x00,0x00,0x08,0x00,0x00,0x00,0x00,0x2d,0x00,0x00,0x00,0x00,0x7e,0x00,0x00,0x00,0x02,
0xe7,0x80,0x00,0x00,0x0b,0x81,0xf4,0x00,0x00,0x7d,0x00,0x7e,0x00,0x02,0xf4,0x00,0x0b,0xe0,0x2f,0xbf,
0xff,0xfd,0xfc,0x29,0x15,0x55,0x54,0x18,0x00,0x00,0x00,0x00,0x00,0x00,0x00,0x00,0x00,0x00,0x00,0xff,
0xff,0xff,0x40,0x00,0xe5,0x55,0x5b,0x40,0x00,0xd0,0x00,0x07,0x40,0x00,0xd0,0x00,0x07,0x40,0x00,0xd0,
0x00,0x07,0x40,0x00,0xd0,0x00,0x07,0x40,0x00,0xff,0xff,0xff,0x40,0x00,0xe5,0x55,0x5b,0x40,0x00,0x90,
0x00,0x02,0x40,0x00,0x00,0x55,0x55,0x40,0x15,0x54,0xbf,0xff,0xc0,0x2f,0xf8,0x00,0x01,0xc0,0x2c,0x28,
0x14,0x02,0xc0,0x2c,0x28,0x28,0x02,0x80,0x2c,0x28,0x38,0x02,0x80,0x2c,0x28,0x34,0x03,0x80,0x2c,0x28,
0x34,0x03,0x40,0x2c,0x28,0x35,0x57,0x94,0x2c,0x28,0x7f,0xff,0xf8,0x2c,0x28,0x00,0x00,0x28,0x2d,0x68,
0x00,0x00,0x38,0x2f,0xf8,0x55,0x55,0x34,0x2c,0x01,0xff,0xfe,0x34,0x2c,0x00,0x00,0x00,0x70,0x00,0x00,
0x00,0x00,0xb0,0x00,0x00,0x00,0x00,0xe0,0x00,0x00,0x00,0x3f,0xd0,0x00,0x00,0x00,0x15,0x00,0x05,0x55,
0x55,0x55,0x50,0x0b,0xff,0xff,0xff,0xf0,0x00,0x00,0x74,0x00,0x00,0x00,0x00,0xf0,0x00,0x00,0x00,0x01,
0xe0,0x00,0x00,0x15,0x56,0xe5,0x55,0x54,0x3f,0xff,0xff,0xff,0xfc,0x00,0x0b,0x01,0xe0,0x00,0x00,0x2d,
0x00,0x78,0x00,0x00,0x78,0x00,0x2e,0x40,0x02,0xf5,0x55,0x5f,0xe4,0x1b,0xff,0xff,0xff,0x7d,0x3d,0xe0,
0x00,0x0b,0x08,0x10,0xe0,0x00,0x0b,0x00,0x00,0xe0,0x00,0x0b,0x00,0x00,0xe0,0x00,0x0b,0x00,0x00,0xff,
0xff,0xff,0x00,0x00,0xe5,0x55,0x5b,0x00,0x00,0x50,0x00,0x05,0x00,0x00,0x00,0x00,0x50,0x00,0x00,0x00,
0x00,0xa0,0x00,0x15,0x54,0x00,0xa0,0x00,0x2f,0xf8,0x00,0xa0,0x00,0x28,0x28,0xbf,0xff,0xf4,0x28,0x28,
0x55,0xf5,0x50,0x28,0x28,0x00,0xa0,0x00,0x28,0x28,0x00,0xa0,0x00,0x28,0x28,0x00,0xa0,0x00,0x28,0x2a,
0xff,0xff,0xfc,0x28,0x29,0x56,0xf9,0x54,0x28,0x28,0x02,0xfc,0x00,0x28,0x28,0x07,0xbe,0x00,0x2f,0xf8,
0x0d,0xa7,0x00,0x2d,0x54,0x28,0xa3,0x80,0x28,0x00,0xb4,0xa1,0xe0,0x00,0x02,0xd0,0xa0,0xb8,0x00,0x0b,
0x40,0xa0,0x2c,0x00,0x01,0x00,0xa0,0x00,0x00,0x00,0x00,0x60,0x00,0x00,0x00,0x18,0x00,0x00,0x00,0x00,
0x3c,0x00,0x00,0x00,0x00,0xff,0x00,0x00,0x00,0x07,0xd3,0xd0,0x00,0x00,0x2f,0x41,0xf8,0x00,0x01,0xf8,
0x00,0x2f,0x40,0x2f,0xdf,0xff,0xf7,0xf8,0x29,0x05,0x55,0x50,0x68,0x00,0x00,0x00,0x00,0x00,0x07,0xff,
0x87,0xff,0xe0,0x07,0x57,0x87,0x95,0xe0,0x07,0x02,0x87,0x40,0xe0,0x07,0x02,0x87,0x40,0xe0,0x07,0x02,
0x87,0x40,0xe0,0x07,0x02,0x87,0x40,0xe0,0x07,0xff,0x87,0x55,0xd0,0x07,0x55,0x47,0x5f,0x80,0x07,0x00,
0x07,0x40,0x00,0x00,0x00,0x07,0x40,0x00,0x00,0x00,0x02,0x40,0x00,0x00,0x00,0x50,0x00,0x00,0x00,0x00,
0xa0,0x00,0x00,0x1f,0xf0,0xa0,0x00,0x00,0x19,0x70,0xa0,0x1f,0xf8,0x18,0x71,0xa5,0x5d,0x68,0x18,0x77,
0xff,0x98,0x28,0x18,0x70,0xa2,0x98,0x28,0x18,0x70,0xa2,0x98,0x28,0x18,0x70,0xa2,0x98,0x28,0x18,0x70,
0x92,0x98,0x28,0x18,0x70,0xd2,0x98,0x28,0x18,0x70,0xd2,0x98,0x28,0x18,0x71,0xc3,0x58,0x28,0x1f,0xf1,
0xc3,0x58,0x28,0x19,0x52,0x83,0x58,0x28,0x18,0x03,0x43,0x5d,0x68,0x14,0x07,0x07,0x5f,0xf8,0x00,0x0e,
0x0b,0x18,0x28,0x00,0x2c,0x7e,0x18,0x24,0x00,0x14,0x14,0x00,0x00,0x00,0x00,0x50,0x09,0x00,0x00,0x00,
0xa0,0x0a,0x00,0x15,0x50,0xa0,0x07,0x00,0x2f,0xe0,0xa0,0x06,0x00,0x28,0x65,0xe1,0xff,0xfc,0x28,0x6b,
0xfd,0x55,0x54,0x28,0x60,0xa0,0x00,0x10,0x28,0x60,0xa0,0xa0,0x74,0x28,0x60,0xa0,0xa0,0x70,0x28,0x60,
0xa4,0x60,0x70,0x28,0x60,0xfd,0x70,0xa0,0x28,0x6b,0xe0,0x70,0xa0,0x29,0xa5,0xa0,0x34,0x90,0x2f,0xe0,
0xa0,0x34,0xd0,0x28,0x00,0xa0,0x34,0xc0,0x28,0x00,0xa0,0x35,0xc0,0x00,0x00,0xa0,0x25,0x80,0x00,0x00,
0xa1,0x56,0x94,0x00,0x07,0xd3,0xff,0xfd,0x00,0x01,0x40,0x00,0x00,0x00,0x00,0x24,0x00,0x00,0x00,0x00,
0x38,0x00,0x00,0x1f,0xff,0xff,0xff,0xf4,0x00,0x00,0x28,0x00,0x00,0x00,0x00,0x38,0x00,0x00,0x03,0xff,
0xff,0xff,0xc0,0x00,0x00,0x00,0x00,0x00,0x00,0xff,0xff,0xff,0x00,0x00,0xd0,0x00,0x07,0x00,0x00,0xd0,
0x00,0x07,0x00,0x00,0xff,0xff,0xff,0x00,0x00,0x1d,0x00,0x74,0x00,0x3f,0xff,0xff,0xff,0xfc,0x15,0x55,
0x55,0x55,0x54,0x00,0x00,0x00,0x00,0x00,0x01,0xff,0xff,0xff,0x80,0x01,0xc0,0x00,0x03,0x80,0x01,0xc0,
0x00,0x03,0x80,0x01,0xff,0xff,0xff,0x80,0x01,0x80,0x00,0x02,0x40,0x00,0x01,0x55,0x55,0x54,0x15,0x52,
0xff,0xff,0xfc,0x2f,0xf6,0x80,0x00,0x00,0x28,0x36,0x80,0x00,0x00,0x28,0x36,0x8f,0xff,0xf4,0x28,0x36,
0x8d,0x28,0x34,0x28,0x36,0x8d,0x28,0x34,0x28,0x36,0x8f,0xff,0xf4,0x28,0x36,0x8d,0x28,0x34,0x28,0x36,
0x8d,0x28,0x34,0x28,0x36,0x8f,0xff,0xf4,0x29,0x76,0x80,0x28,0x00,0x2f,0xf7,0x40,0x28,0x00,0x28,0x03,
0x5f,0xff,0xf4,0x18,0x07,0x05,0x69,0x50,0x00,0x0b,0x00,0x28,0x00,0x00,0x0e,0x15,0x69,0x54,0x00,0x1c,
0x7f,0xff,0xfd,0x00,0x04,0x00,0x00,0x00,0x1f,0xff,0xff,0xff,0xf4,0x1e,0xaa,0xaa,0xaa,0xb4,0x1d,0x00,
0x00,0x00,0x74,0x1d,0x00,0x00,0x00,0x74,0x1d,0x00,0x00,0x00,0x74,0x1d,0x0f,0xff,0xe0,0x74,0x1d,0x0e,
0x55,0xa0,0x74,0x1d,0x0d,0x00,0xa0,0x74,0x1d,0x0d,0x00,0xa0,0x74,0x1d,0x0d,0x00,0xa0,0x74,0x1d,0x0d,
0x00,0xa0,0x74,0x1d,0x0f,0xff,0xe0,0x74,0x1d,0x05,0x55,0x50,0x74,0x1d,0x00,0x00,0x00,0x74,0x1d,0x00,
0x00,0x00,0x74,0x1d,0x00,0x00,0x00,0x74,0x1f,0xff,0xff,0xff,0xf4,0x1e,0x55,0x55,0x55,0xb4,0x18,0x00,
0x00,0x00,0x24,0x05,0x55,0x55,0x55,0x50,0x1f,0xff,0xff,0xff,0xf4,0x1d,0x00,0x00,0x00,0x74,0x1d,0x00,
0x28,0x00,0x74,0x1d,0x00,0x28,0x00,0x74,0x1d,0x55,0x69,0x55,0x74,0x1d,0xbf,0xff,0xfe,0x74,0x1d,0x00,
0xfd,0x00,0x74,0x1d,0x02,0xef,0x40,0x74,0x1d,0x07,0x69,0xd0,0x74,0x1d,0x1d,0x28,0x74,0x74,0x1d,0x78,
0x28,0x1d,0x74,0x1d,0xe0,0x28,0x0a,0x74,0x1d,0x00,0x28,0x00,0x74,0x1d,0x00,0x28,0x00,0x74,0x1d,0x00,
0x00,0x00,0x74,0x1f,0xff,0xff,0xff,0xf4,0x1e,0x55,0x55,0x55,0xb4,0x18,0x00,0x00,0x00,0x24,0x05,0x55,
0x55,0x55,0x50,0x1f,0xff,0xff,0xff,0xf4,0x1d,0x00,0x00,0x00,0x74,0x1d,0x15,0x55,0x54,0x74,0x1d,0x7f,
0xff,0xfc,0x74,0x1d,0x00,0x28,0x00,0x74,0x1d,0x00,0x28,0x00,0x74,0x1d,0x00,0x28,0x00,0x74,0x1d,0x2f,
0xff,0xf8,0x74,0x1d,0x15,0x79,0x54,0x74,0x1d,0x00,0x28,0xe0,0x74,0x1d,0x00,0x28,0x34,0x74,0x1d,0x00,
0x28,0x14,0x74,0x1d,0x7f,0xff,0xfe,0x74,0x1d,0x15,0x55,0x54,0x74,0x1d,0x00,0x00,0x00,0x74,0x1f,0xff,
0xff,0xff,0xf4,0x1e,0x55,0x55,0x55,0xb4,0x08,0x00,0x00,0x00,0x60,0x00,0x01,0x40,0x00,0x00,0x00,0x02,
0xc0,0x00,0x00,0x00,0x03,0x80,0x00,0x00,0x15,0x5b,0x95,0x55,0x54,0x2f,0xff,0xff,0xff,0xf8,0x00,0x1e,
0x00,0x00,0x00,0x00,0x2c,0x00,0xd0,0x00,0x00,0x74,0x00,0xd0,0x00,0x00,0xe0,0x00,0xd0,0x00,0x03,0xd0,
0x00,0xd0,0x00,0x0b,0xd2,0xff,0xff,0xf0,0x3d,0xd1,0x55,0xe5,0x50,0x24,0xd0,0x00,0xd0,0x00,0x00,0xd0,
0x00,0xd0,0x00,0x00,0xd0,0x00,0xd0,0x00,0x00,0xd0,0x00,0xd0,0x00,0x00,0xd0,0x00,0xd0,0x00,0x00,0xd1,
0x55,0xe5,0x54,0x00,0xd7,0xff,0xff,0xf8,0x00,0x90,0x00,0x00,0x00,0x00,0x20,0x00,0x00,0x00,0x00,0xb2,
0xff,0xff,0xc0,0x00,0xe2,0xd5,0x56,0xc0,0x02,0xc2,0xc0,0x01,0xc0,0x07,0x82,0xff,0xff,0xc0,0x1f,0x80,
0x56,0xd5,0x40,0x3e,0x80,0x02,0xc0,0x00,0x26,0x9f,0xff,0xff,0xf8,0x02,0x85,0x6e,0xed,0x50,0x02,0x80,
0xb2,0xcb,0x40,0x02,0x87,0xc2,0xc2,0xe4,0x02,0x8e,0x02,0xc0,0x28,0x01,0x40,0x29,0x40,0x00,0x00,0x00,
0x28,0x00,0x00,0x07,0xff,0xff,0xff,0xd0,0x01,0x55,0x79,0x55,0x40,0x00,0x00,0x28,0x00,0x00,0x15,0x55,
0x79,0x55,0x54,0x7f,0xff,0xff,0xff,0xfd,0x00,0x10,0x00,0x00,0x00,0x00,0x74,0x00,0x00,0x00,0x00,0xf5,
0x55,0x55,0x50,0x02,0xff,0xff,0xff,0xf0,0x0b,0x40,0x00,0x00,0x00,0x2d,0xbf,0xff,0xff,0x80,0x14,0xa0,
0x00,0x03,0x80,0x00,0xa0,0x00,0x03,0x80,0x00,0xbf,0xff,0xff,0x80,0x00,0xa0,0x00,0x03,0x80,0x00,0xbf,
0xff,0xff,0x80,0x00,0x0f,0x00,0x00,0x00,0x00,0x2d,0x00,0x00,0x00,0x00,0xbf,0xff,0xff,0x00,0x02,0xed,
0x00,0x2d,0x00,0x0b,0x4b,0x81,0xf4,0x00,0x00,0x01,0xff,0x80,0x00,0x01,0x6b,0xeb,0xe9,0x50,0x3f,0xf9,
0x00,0x6b,0xfc,0x15,0x00,0x00,0x00,0x10,0x00,0x00,0x18,0x00,0x00,0x00,0x00,0x28,0x00,0x00,0x00,0x00,
0x28,0x00,0x00,0x00,0x00,0x38,0x00,0x00,0x00,0x00,0x38,0x00,0x00,0x00,0x00,0x38,0x00,0x00,0x1a,0xaa,
0xba,0xaa,0xa4,0x2f,0xff,0xff,0xff,0xfc,0x00,0x00,0x7d,0x00,0x00,0x00,0x00,0xbe,0x00,0x00,0x00,0x00,
0xe7,0x40,0x00,0x00,0x01,0xd3,0x80,0x00,0x00,0x03,0xc2,0xd0,0x00,0x00,0x0b,0x40,0xf0,0x00,0x00,0x1e,
0x00,0x78,0x00,0x00,0x7c,0x00,0x2e,0x00,0x01,0xf4,0x00,0x0b,0x80,0x0b,0xd0,0x00,0x03,0xf4,0x2e,0x00,
0x00,0x00,0xbc,0x14,0x00,0x00,0x00,0x14,0x0f,0xff,0xff,0xff,0xf0,0x0a,0xaa,0xbe,0xaa,0x90,0x00,0x00,
0x38,0x00,0x00,0x00,0x00,0x38,0x00,0x00,0x00,0x00,0x38,0x00,0x00,0x00,0x00,0x38,0x00,0x00,0x1a,0xaa,
0xba,0xaa,0xa4,0x2f,0xff,0xff,0xff,0xf8,0x00,0x00,0xbd,0x00,0x00,0x00,0x00,0xfa,0x00,0x00,0x00,0x01,
0xd7,0x40,0x00,0x00,0x03,0xc3,0xc0,0x00,0x00,0x0b,0x41,0xe0,0x00,0x00,0x2e,0x00,0x78,0x00,0x00,0xb8,
0x00,0x2e,0x00,0x0b,0xd0,0x00,0x07,0xe4,0x3e,0x40,0x00,0x01,0xbc,0x14,0x00,0x00,0x00,0x14,0x00,0x10,
0x24,0x00,0x00,0x00,0xb0,0x38,0x00,0x00,0x00,0xe0,0x38,0x00,0x00,0x01,0xd0,0x38,0x00,0x00,0x02,0xff,
0xff,0xff,0xd0,0x03,0xaa,0xbe,0xaa,0x80,0x0b,0x00,0x38,0x00,0x00,0x1e,0x00,0x38,0x00,0x00,0x18,0x00,
0x38,0x00,0x00,0x00,0x00,0x38,0x00,0x00,0x3f,0xff,0xff,0xff,0xfc,0x1a,0xaa,0xbe,0xaa,0xa4,0x00,0x00,
0xfa,0x00,0x00,0x00,0x01,0xd7,0x40,0x00,0x00,0x07,0xc2,0xd0,0x00,0x00,0x1f,0x40,0xf0,0x00,0x00,0x7d,
0x00,0x7d,0x00,0x06,0xe0,0x00,0x1b,0x90,0x3f,0x40,0x00,0x02,0xfc,0x14,0x00,0x00,0x00,0x14,0x00,0x00,
0x18,0x00,0x00,0x00,0x00,0x2c,0x00,0x00,0x00,0x00,0x2c,0x00,0x00,0x05,0x55,0x7d,0x55,0x50,0x1f,0xff,
0xff,0xff,0xf0,0x00,0x40,0x28,0x05,0x00,0x01,0xd0,0x28,0x0b,0x00,0x00,0xb0,0x38,0x1d,0x00,0x00,0x74,
0x38,0x2c,0x00,0x00,0x34,0x38,0x74,0x00,0x15,0x65,0xb9,0x65,0x54,0x3f,0xff,0xff,0xff,0xfc,0x00,0x00,
0xfe,0x00,0x00,0x00,0x01,0xd7,0x40,0x00,0x00,0x03,0xc3,0xc0,0x00,0x00,0x0b,0x40,0xf0,0x00,0x00,0x7e,
0x00,0x7d,0x00,0x06,0xf4,0x00,0x1f,0x90,0x2f,0x80,0x00,0x02,0xf8,0x14,0x00,0x00,0x00,0x14,0x00,0x00,
0x18,0x00,0x00,0x00,0x00,0x28,0x00,0x00,0x0f,0xff,0xff,0xff,0xf0,0x05,0x55,0xb9,0x55,0x50,0x00,0x00,
0xfe,0x40,0x00,0x00,0x07,0xdb,0xe4,0x00,0x01,0x6f,0x40,0x7f,0x40,0x0f,0xe4,0x00,0x07,0xd0,0x1a,0x55,
0x55,0x55,0x94,0x3f,0xff,0xff,0xff,0xfc,0x00,0x00,0x00,0x07,0x40,0x01,0x55,0x54,0x07,0x40,0x03,0xff,
0xfc,0x07,0x40,0x03,0x80,0x1c,0x07,0x40,0x03,0x80,0x1c,0x07,0x40,0x03,0x80,0x1c,0x07,0x40,0x03,0xff,
0xfc,0x07,0x40,0x03,0x95,0x54,0x07,0x40,0x01,0x40,0x03,0xff,0x00,0x00,0x00,0x01,0x54,0x00,0x01,0x80,
0x00,0x00,0x00,0x02,0xc0,0x00,0x00,0x00,0x02,0x80,0x2f,0xff,0xf4,0x03,0x80,0x15,0x55,0xf0,0x17,0x95,
0x00,0x02,0xd0,0x7f,0xff,0x40,0x0b,0x40,0x07,0x03,0x40,0x1d,0x00,0x0b,0x07,0x40,0x28,0x00,0x0a,0x07,
0x00,0x28,0x00,0x0d,0x0b,0x55,0x7d,0x54,0x1d,0x0e,0x7f,0xff,0xfd,0x2d,0x1d,0x00,0x28,0x00,0x1f,0x6c,
0x00,0x28,0x00,0x02,0xf8,0x00,0x28,0x00,0x00,0xb8,0x00,0x28,0x00,0x01,0xef,0x00,0x28,0x00,0x07,0x87,
0x80,0x28,0x00,0x1f,0x01,0x00,0x28,0x00,0x78,0x00,0x0b,0xf8,0x00,0x00,0x00,0x01,0x50,0x00,0x00,0x50,
0x00,0x00,0x00,0x00,0xe0,0x00,0x00,0x00,0x00,0xd0,0x01,0x55,0x54,0x01,0xd0,0x07,0xff,0xf4,0x16,0xd5,
0x57,0x00,0x34,0x3f,0xff,0xd7,0x00,0x34,0x02,0x80,0xd7,0x00,0x34,0x03,0x41,0xd7,0x00,0x34,0x07,0x41,
0xc7,0x00,0x34,0x07,0x02,0xc7,0x00,0x34,0x0a,0x03,0x87,0x00,0x34,0x0f,0x07,0x47,0x00,0x34,0x07,0xdb,
0x07,0x00,0x34,0x00,0xfe,0x07,0x00,0x34,0x00,0x3e,0x07,0x00,0x34,0x00,0x7f,0x87,0x00,0x34,0x01,0xe2,
0xd7,0xff,0xf4,0x0b,0x80,0x47,0x55,0x74,0x2e,0x00,0x07,0x00,0x24,0x14,0x00,0x00,0x00,0x00,0x00,0x40,
0x00,0x00,0x00,0x01,0xc0,0x00,0x00,0x00,0x02,0xc0,0x15,0x55,0x50,0x02,0x80,0x3f,0xff,0xf0,0x17,0x95,
0x00,0x00,0x70,0x3f,0xff,0x00,0x00,0x70,0x07,0x47,0x00,0x00,0x70,0x07,0x0b,0x00,0x00,0x70,0x0a,0x0a,
0x00,0x00,0x70,0x0e,0x0e,0x2f,0xff,0xf0,0x1d,0x0d,0x1a,0xaa,0xb0,0x1e,0x1c,0x00,0x00,0x70,0x0b,0xa8,
0x00,0x00,0x70,0x01,0xf4,0x00,0x00,0x70,0x00,0xbd,0x00,0x00,0x70,0x01,0xef,0x00,0x00,0x70,0x07,0x87,
0x15,0x55,0xb0,0x1f,0x00,0x7f,0xff,0xf0,0x38,0x00,0x00,0x00,0x70,0x10,0x00,0x00,0x00,0x60,0x01,0x40,
0x00,0x50,0x00,0x02,0x80,0x00,0xe0,0x00,0x02,0x80,0x01,0xd0,0x00,0x03,0x40,0x03,0x81,0x00,0x17,0x95,
0x07,0x43,0x80,0x3f,0xfe,0x0e,0x01,0xd0,0x07,0x0a,0x2c,0x00,0xb0,0x0a,0x0e,0xba,0xaf,0xf8,0x0e,0x0d,
0xbf,0xaa,0x6c,0x0d,0x1d,0x00,0x00,0x08,0x1c,0x1c,0x00,0x00,0x00,0x2d,0x28,0x2f,0xff,0xf0,0x0b,0xb4,
0x29,0x55,0xb0,0x02,0xf0,0x28,0x00,0x70,0x00,0xf8,0x28,0x00,0x70,0x01,0xed,0x28,0x00,0x70,0x03,0xcb,
0x28,0x00,0x70,0x0b,0x41,0x29,0x55,0xb0,0x3d,0x00,0x2f,0xff,0xf0,0x14,0x00,0x24,0x00,0x60,0x00,0x00,
0x00,0x90,0x00,0x0b,0x80,0x00,0xd0,0x00,0x01,0xa3,0xff,0xff,0xf4,0x10,0x03,0x95,0xd5,0xb0,0x2e,0x03,
0x40,0xd0,0x50,0x06,0x43,0xff,0xff,0xd0,0x00,0x87,0x6d,0x56,0x80,0x01,0xd7,0x0e,0x0b,0x40,0x03,0x8e,
0x02,0xfc,0x00,0x0e,0x2d,0x1b,0xfe,0x50,0x2c,0x38,0xf9,0x06,0xf8,0x04,0x10,0x90,0x00,0x14,0x15,0x56,
0xd5,0x55,0x54,0x2f,0xff,0xff,0xff,0xfc,0x00,0x1d,0x00,0x2c,0x00,0x00,0x79,0x00,0xb4,0x00,0x00,0x5a,
0xfb,0xd0,0x00,0x01,0x5a,0xfa,0xfe,0x40,0x2f,0xfa,0x40,0x06,0xf4,0x04,0x00,0x00,0x00,0x10,0x00,0x00,
0x00,0x00,0x00,0x03,0xff,0xff,0xff,0xc0,0x01,0x55,0x55,0x6f,0x80,0x00,0x00,0x00,0x7d,0x00,0x00,0x00,
0x02,0xe4,0x00,0x00,0x00,0x1f,0x40,0x00,0x00,0x00,0x2c,0x00,0x00,0x00,0x00,0x2c,0x00,0x00,0x15,0x55,
0x7d,0x55,0x54,0x3f,0xff,0xff,0xff,0xfc,0x00,0x00,0x2c,0x00,0x00,0x00,0x00,0x2c,0x00,0x00,0x00,0x00,
0x2c,0x00,0x00,0x00,0x00,0x2c,0x00,0x00,0x00,0x00,0x2c,0x00,0x00,0x00,0x00,0x2c,0x00,0x00,0x00,0x00,
0x2c,0x00,0x00,0x00,0x2f,0xf8,0x00,0x00,0x00,0x0a,0x50,0x00,0x00,0x00,0x01,0x40,0x00,0x00,0x00,0x02,
0xc0,0x00,0x00,0x00,0x03,0x80,0x00,0x00,0x2f,0xff,0xff,0xff,0xf8,0x15,0x5f,0x55,0x55,0x54,0x00,0x1d,
0x00,0x00,0x00,0x00,0x3c,0x00,0x00,0x00,0x00,0x74,0xbf,0xff,0xe0,0x00,0xe0,0x55,0x57,0xc0,0x02,0xd0,
0x00,0x0f,0x00,0x0b,0xd0,0x00,0x78,0x00,0x2e,0xd0,0x00,0xa0,0x00,0x79,0xd1,0x55,0xf5,0x54,0x11,0xd7,
0xff,0xff,0xfc,0x01,0xd0,0x00,0xa0,0x00,0x01,0xd0,0x00,0xa0,0x00,0x01,0xd0,0x00,0xa0,0x00,0x01,0xd0,
0x00,0xa0,0x00,0x01,0xd0,0x3f,0xe0,0x00,0x00,0x40,0x15,0x40,0x00,0x00,0x00,0x60,0x00,0x00,0x00,0x00,
0x38,0x00,0x00,0x00,0x00,0x2c,0x00,0x00,0x1f,0xff,0xff,0xff,0xf4,0x1e,0x55,0x55,0x55,0xb4,0x1d,0x00,
0x00,0x00,0x74,0x1d,0x00,0x00,0x00,0x74,0x00,0x70,0x00,0x00,0x00,0x00,0x70,0x00,0x04,0x00,0x00,0x70,
0x00,0xbd,0x00,0x00,0x70,0x1b,0xe4,0x00,0x00,0x7a,0xf9,0x00,0x00,0x00,0x7e,0x40,0x00,0x00,0x00,0x70,
0x00,0x00,0x00,0x00,0x70,0x00,0x00,0x50,0x00,0x70,0x00,0x00,0xb0,0x00,0x70,0x00,0x00,0xe0,0x00,0x7a,
0x55,0x56,0xd0,0x00,0x1f,0xff,0xff,0x80,0x00,0x00,0x60,0x00,0x00,0x00,0x00,0x78,0x00,0x00,0x00,0x00,
0x2c,0x00,0x00,0x1f,0xff,0xff,0xff,0xf4,0x1e,0x55,0x55,0x55,0xb4,0x1c,0x00,0x00,0x00,0x74,0x1c,0x55,
0x55,0x54,0x74,0x00,0x7f,0xff,0xfd,0x00,0x00,0x00,0x00,0x00,0x00,0x00,0x00,0x00,0x00,0x00,0x15,0x55,
0x55,0x55,0x54,0x3f,0xff,0xff,0xff,0xfc,0x00,0x0b,0x01,0xc0,0x00,0x00,0x0a,0x01,0xc0,0x00,0x00,0x0e,
0x01,0xc0,0x00,0x00,0x1d,0x01,0xc0,0x14,0x00,0x3c,0x01,0xc0,0x1c,0x01,0xf4,0x01,0xd0,0x2c,0x2f,0x90,
0x01,0xff,0xf8,0x19,0x00,0x00,0x55,0x50,0x00,0x00,0x64,0x00,0x00,0x00,0x00,0x38,0x00,0x00,0x05,0x55,
0x6d,0x55,0x50,0x1f,0xff,0xff,0xff,0xf4,0x1c,0x00,0x00,0x00,0x74,0x1c,0x00,0x00,0x00,0x74,0x1c,0x00,
0x00,0x00,0x74,0x14,0xbf,0xff,0xff,0x14,0x00,0x55,0x7d,0x55,0x00,0x00,0x00,0x28,0x00,0x00,0x00,0x60,
0x28,0x00,0x00,0x00,0xa0,0x28,0x00,0x00,0x00,0xe0,0x2f,0xff,0x80,0x00,0xe0,0x2d,0x55,0x40,0x01,0xf0,
0x28,0x00,0x00,0x03,0xa8,0x28,0x00,0x00,0x07,0x5e,0x28,0x00,0x00,0x0e,0x07,0xf9,0x00,0x00,0x3c,0x00,
0xbf,0xff,0xfc,0x14,0x00,0x05,0x5a,0xa4,0x00,0x00,0x24,0x00,0x00,0x00,0x00,0x38,0x00,0x00,0x05,0x55,
0x6e,0x55,0x50,0x1f,0xff,0xff,0xff,0xf4,0x1d,0x00,0x00,0x00,0x74,0x1d,0x24,0x0e,0x00,0x74,0x1d,0x2e,
0x0e,0x00,0x74,0x00,0x07,0x4d,0x00,0x00,0x01,0x01,0x0d,0x00,0x00,0x03,0xd0,0x1d,0x00,0x00,0x00,0xb4,
0x1d,0x00,0x00,0x00,0x24,0x2c,0x00,0x00,0x15,0x55,0x6d,0x55,0x54,0x2f,0xff,0xff,0xff,0xf8,0x00,0x00,
0xb1,0x00,0x00,0x00,0x02,0xd3,0xd0,0x00,0x00,0x0b,0x80,0xbe,0x00,0x01,0xbd,0x00,0x0b,0xd0,0x0f,0xe0,
0x00,0x00,0xb4,0x05,0x00,0x00,0x00,0x10,0x00,0x00,0x60,0x00,0x00,0x00,0x00,0x70,0x00,0x00,0x0b,0xff,
0xff,0xff,0xf0,0x05,0x55,0xe5,0x55,0x50,0x00,0x00,0xe0,0x00,0x00,0x03,0xff,0xff,0xff,0xc0,0x01,0x56,
0xd5,0x55,0x40,0x00,0x02,0x80,0x00,0x00,0x15,0x57,0x95,0x55,0x54,0x3f,0xff,0xff,0xff,0xfc,0x00,0x0e,
0x00,0x09,0x00,0x00,0x2d,0x00,0x1d,0x00,0x00,0x7f,0xff,0xff,0xf4,0x00,0xf5,0x55,0x5e,0x50,0x03,0xd7,
0x40,0x1d,0x00,0x1f,0x42,0xd0,0x1d,0x00,0x2c,0x00,0xf0,0x1d,0x00,0x00,0x00,0x60,0x1d,0x00,0x00,0x00,
0x07,0xfc,0x00,0x00,0x00,0x01,0x50,0x00,0x00,0x60,0x00,0x50,0x00,0x00,0x70,0x01,0xd0,0x00,0x00,0x70,
0x07,0xff,0xf4,0x24,0x70,0x6d,0x55,0xb0,0x2d,0x72,0xe5,0x01,0xd0,0x0f,0x71,0x4b,0x47,0x80,0x07,0xf0,
0x02,0xed,0x00,0x01,0x70,0x02,0xf4,0x00,0x00,0x70,0x6f,0x42,0x80,0x00,0x71,0xe4,0x03,0x80,0x00,0xb1,
0x55,0x57,0x94,0x02,0xf3,0xff,0xff,0xfc,0x0b,0xb0,0x10,0x03,0x80,0x3d,0x70,0x74,0x03,0x80,0x24,0x70,
0x2d,0x03,0x80,0x00,0x70,0x0e,0x03,0x80,0x00,0x70,0x06,0x03,0x80,0x00,0x70,0x00,0x03,0x80,0x00,0x70,
0x00,0xbf,0x40,0x00,0x50,0x00,0x55,0x00,0x00,0x00,0x14,0x00,0x00,0x00,0x00,0x2c,0x00,0x00,0x00,0x00,
0x2c,0x00,0x00,0x00,0x00,0x2c,0x00,0x00,0x00,0x00,0x2c,0x00,0x00,0x00,0x40,0x2c,0x05,0x00,0x01,0xe0,
0x2c,0x0b,0x00,0x01,0xd0,0x2c,0x07,0x80,0x02,0xc0,0x2c,0x02,0xc0,0x03,0x80,0x2c,0x01,0xe0,0x07,0x40,
0x2c,0x00,0xb0,0x0b,0x00,0x2c,0x00,0x74,0x1e,0x00,0x2c,0x00,0x3c,0x3c,0x00,0x2c,0x00,0x2c,0x24,0x00,
0x2c,0x00,0x1d,0x00,0x00,0x2c,0x00,0x04,0x00,0x00,0x2c,0x00,0x00,0x00,0x00,0x2c,0x00,0x00,0x00,0x1f,
0xf8,0x00,0x00,0x00,0x0a,0x90,0x00,0x00,0x00,0x60,0x00,0x14,0x00,0x00,0x74,0x00,0x38,0x40,0x00,0x38,
0x00,0x39,0xd0,0x3f,0xff,0xf4,0x38,0xb0,0x15,0x55,0x50,0x38,0x24,0x00,0x00,0x00,0x34,0x00,0x0f,0xff,
0xdb,0xff,0xfc,0x0e,0x55,0xd1,0x75,0x54,0x0d,0x00,0xd0,0x74,0x00,0x0e,0x55,0xd0,0x7a,0x00,0x0f,0xff,
0xd0,0x7a,0x00,0x00,0x38,0x00,0xaa,0x00,0x06,0x39,0x80,0xda,0x00,0x0a,0x39,0xc0,0xda,0x00,0x0d,0x38,
0xa2,0xca,0x00,0x1c,0x38,0x63,0x4a,0x09,0x28,0x38,0x0b,0x0a,0x09,0x14,0x38,0x1e,0x0a,0x0d,0x02,0xf4,
0x38,0x07,0xfc,0x00,0x40,0x10,0x00,0x00,0x02,0x80,0x00,0x00,0xa0,0x02,0x80,0x1c,0x00,0xa0,0x02,0x80,
0x1c,0x00,0xa0,0x02,0x80,0x1c,0x00,0xa0,0x02,0x80,0x1c,0x00,0xa0,0x02,0x80,0x1c,0x00,0xa0,0x02,0x80,
0x1c,0x00,0xa0,0x03,0x80,0x1c,0x00,0xa0,0x03,0x80,0x1c,0x00,0xa0,0x03,0x80,0x1c,0x00,0xa0,0x03,0x80,
0x1c,0x00,0xa0,0x07,0x40,0x1c,0x00,0xa0,0x07,0x40,0x1c,0x00,0xa0,0x0b,0x00,0x1c,0x00,0xa0,0x1e,0x00,
0x1c,0x00,0xa0,0x2c,0x00,0x18,0x00,0xa0,0x74,0x00,0x00,0x00,0xa0,0x10,0x00,0x00,0x00,0x50,0x00,0x74,
0x05,0x00,0xb0,0x00,0x74,0x0b,0x00,0xb0,0x00,0x74,0x0b,0x00,0xb0,0x00,0x74,0x0b,0x00,0xb0,0x00,0x74,
0x0b,0x00,0xb0,0x0a,0x77,0x0b,0x70,0xb0,0x0d,0x77,0x8b,0x34,0xb0,0x1c,0x72,0xcb,0x2c,0xb0,0x28,0x71,
0xcb,0x0d,0xb0,0x74,0x70,0xdb,0x0a,0xb0,0x10,0xb0,0x4b,0x00,0xb0,0x00,0xa0,0x0b,0x00,0xb0,0x00,0xe0,
0x0b,0x00,0xb0,0x02,0xc0,0x0b,0x00,0xb0,0x03,0x80,0x0b,0x00,0xb0,0x0b,0x40,0x0b,0x00,0xb0,0x1e,0x00,
0x06,0x00,0xb0,0x18,0x00,0x00,0x00,0xa0,0x00,0x00,0x00,0x00,0x00,0x05,0x55,0x55,0x55,0x40,0x0f,0xff,
0xff,0xff,0x40,0x00,0x00,0x00,0x03,0x40,0x00,0x00,0x00,0x03,0x40,0x02,0x40,0x00,0x03,0x40,0x03,0x40,
0x00,0x03,0x40,0x03,0x40,0x00,0x03,0x40,0x03,0x40,0x00,0x03,0x40,0x03,0xff,0xff,0xff,0x40,0x03,0x95,
0x55,0x5b,0x40,0x03,0x40,0x00,0x02,0x40,0x03,0x40,0x00,0x00,0x00,0x03,0x40,0x00,0x00,0x10,0x03,0x40,
0x00,0x00,0x2c,0x03,0x40,0x00,0x00,0x28,0x03,0x80,0x00,0x00,0x38,0x02,0xe5,0x55,0x56,0xf4,0x00,0xbf,
0xff,0xff,0x90,0x00,0x40,0x14,0x01,0x00,0x01,0xd0,0x2c,0x07,0x80,0x00,0xb0,0x2c,0x0e,0x00,0x05,0x65,
0x6d,0x5d,0x50,0x1f,0xff,0xff,0xff,0xf4,0x1c,0x00,0x00,0x00,0x34,0x1c,0x00,0x00,0x00,0x34,0x1c,0x7f,
0xff,0xfd,0x34,0x00,0x74,0x00,0x1d,0x00,0x00,0x74,0x00,0x1d,0x00,0x00,0x7f,0xff,0xfd,0x00,0x00,0x00,
0x2c,0x00,0x00,0x01,0x55,0x6d,0x55,0x40,0x03,0xff,0xff,0xff,0xd0,0x03,0x80,0x2c,0x01,0xd0,0x03,0x80,
0x2c,0x01,0xd0,0x03,0x80,0x2c,0x01,0xd0,0x03,0x80,0x2c,0x16,0xc0,0x03,0x40,0x2c,0x3f,0x80,0x00,0x00,
0x18,0x00,0x00,0x0f,0xff,0xff,0xff,0xf0,0x06,0xaa,0xbe,0xaa,0xa0,0x00,0x00,0x38,0x00,0x00,0x00,0x00,
0x38,0x00,0x00,0x00,0x00,0x38,0x00,0x00,0x00,0x00,0x38,0x00,0x00,0x00,0x00,0x38,0x00,0x00,0x3f,0xff,
0xff,0xff,0xfc,0x2a,0xaa,0xbe,0xaa,0xa8,0x00,0x00,0x38,0x00,0x00,0x00,0x00,0x38,0x00,0x00,0x00,0x00,
0x38,0x00,0x00,0x00,0x00,0x38,0x00,0x00,0x00,0x00,0x38,0x00,0x00,0x00,0x00,0x38,0x00,0x00,0x00,0x00,
0x38,0x00,0x00,0x00,0x00,0x38,0x00,0x00,0x00,0x00,0x24,0x00,0x00,0x00,0x00,0x14,0x00,0x00,0x00,0x00,
0x1d,0x00,0x00,0x00,0x00,0x0f,0x00,0x00,0x0b,0xff,0xff,0xff,0xfc,0x0b,0x55,0x55,0x55,0x54,0x0a,0x00,
0x03,0x40,0x00,0x0a,0x00,0x07,0x40,0x00,0x0a,0x00,0x07,0x40,0x00,0x0a,0x15,0x5b,0x55,0x54,0x0a,0x3f,
0xff,0xff,0xf8,0x0a,0x00,0x0b,0x40,0x00,0x0a,0x00,0x0f,0xc0,0x00,0x0e,0x00,0x1d,0xd0,0x00,0x0e,0x00,
0x38,0xb0,0x00,0x0d,0x00,0x74,0x38,0x00,0x1d,0x01,0xe0,0x1e,0x00,0x2c,0x07,0xc0,0x0b,0x80,0x38,0x1f,
0x00,0x02,0xf4,0x74,0xb8,0x00,0x00,0x7c,0x10,0x10,0x00,0x00,0x04,0x00,0x00,0x14,0x00,0x00,0x00,0x00,
0x1d,0x00,0x00,0x00,0x00,0x0e,0x00,0x00,0x07,0xff,0xff,0xff,0xfc,0x07,0x55,0x55,0x55,0x54,0x07,0x00,
0x0a,0x00,0x00,0x07,0x00,0x0a,0x00,0x00,0x07,0x00,0x0b,0x55,0x50,0x0b,0x00,0x0b,0xff,0xf4,0x0b,0x00,
0x0a,0x00,0x00,0x0b,0x00,0x0a,0x00,0x00,0x0b,0x00,0x0a,0x00,0x00,0x0a,0x1f,0xff,0xff,0xd0,0x0a,0x1e,
0x55,0x56,0xd0,0x0e,0x1d,0x00,0x01,0xd0,0x1d,0x1d,0x00,0x01,0xd0,0x2c,0x1d,0x00,0x01,0xd0,0x38,0x1f,
0xff,0xff,0xd0,0x74,0x1e,0x55,0x55,0xd0,0x10,0x04,0x00,0x00,0x40,0x05,0x55,0x55,0x55,0x50,0x1f,0xff,
0xff,0xff,0xf4,0x00,0x0d,0x00,0x38,0x00,0x00,0x0d,0x00,0x38,0x00,0x00,0x0d,0x00,0x38,0x00,0x00,0x0d,
0x00,0x38,0x00,0x00,0x0d,0x00,0x38,0x00,0x00,0x0d,0x00,0x38,0x00,0x3f,0xff,0xff,0xff,0xfc,0x15,0x6e,
0x55,0x79,0x54,0x00,0x1c,0x00,0x38,0x00,0x00,0x2c,0x00,0x38,0x00,0x00,0x38,0x00,0x38,0x00,0x00,0x74,
0x00,0x38,0x00,0x00,0xf0,0x00,0x38,0x00,0x02,0xd0,0x00,0x38,0x00,0x0b,0x80,0x00,0x38,0x00,0x2e,0x00,
0x00,0x38,0x00,0x04,0x00,0x00,0x24,0x00,0x00,0x00,0x01,0x41,0x00,0x00,0x00,0x02,0xcb,0x40,0x00,0x00,
0x02,0xc2,0xd0,0x00,0x00,0x02,0xc0,0xa0,0x15,0x55,0x56,0xd5,0x64,0x3f,0xff,0xff,0xff,0xfc,0x00,0x00,
0x01,0xc0,0x00,0x00,0x00,0x01,0xd0,0x00,0x00,0x00,0x01,0xd0,0x00,0x1f,0xff,0xf8,0xd0,0x00,0x05,0x6d,
0x54,0xe0,0x00,0x00,0x2c,0x00,0xe0,0x00,0x00,0x2c,0x00,0xb0,0x00,0x00,0x2c,0x00,0x74,0x00,0x00,0x2c,
0x00,0x38,0x08,0x00,0x2c,0x18,0x3c,0x0d,0x00,0x6f,0xfd,0x1d,0x1c,0x1f,0xfa,0x40,0x0f,0x5c,0x1a,0x40,
0x00,0x07,0xf8,0x00,0x00,0x00,0x00,0x50,0x00,0x20,0x00,0x00,0x00,0x00,0xf0,0xff,0xff,0xd0,0x02,0xc0,
0xe5,0x55,0xd0,0x0f,0x40,0xd0,0x00,0xd0,0x3d,0x00,0xd0,0x00,0xd0,0x10,0x34,0xff,0xff,0xd0,0x00,0xb0,
0xe5,0x55,0xd0,0x01,0xd0,0xd0,0x00,0xd0,0x07,0xc0,0xd0,0x00,0xd0,0x1f,0xc0,0xff,0xff,0xd0,0x7e,0xc0,
0xe6,0xd5,0x40,0x21,0xc0,0xd0,0xd0,0x60,0x01,0xc0,0xd0,0xa1,0xe0,0x01,0xc0,0xd0,0x7b,0x80,0x01,0xc0,
0xd0,0x3d,0x00,0x01,0xc0,0xd0,0x1e,0x00,0x01,0xc0,0xd0,0x4b,0x80,0x01,0xc1,0xef,0xc2,0xf4,0x01,0xc2,
0xf9,0x00,0x7c,0x01,0x80,0x40,0x00,0x04,0x07,0xff,0xff,0xff,0x40,0x01,0x55,0x55,0x57,0x40,0x00,0x00,
0x00,0x03,0x40,0x00,0x00,0x00,0x03,0x40,0x02,0xff,0xff,0xff,0x40,0x02,0xd5,0x55,0x55,0x00,0x02,0x80,
0x00,0x00,0x10,0x02,0x80,0x00,0x00,0x70,0x02,0xd5,0x55,0x55,0xf0,0x00,0xbf,0xff,0xff,0x90,0x00,0x00,
0x50,0x00,0x00,0x00,0x00,0xb4,0x01,0x40,0x07,0x68,0x2d,0x02,0xc0,0x0b,0x28,0x0e,0x01,0xd0,0x0a,0x28,
0x07,0x09,0xb0,0x1d,0x28,0x00,0x0d,0x74,0x2c,0x2d,0x55,0x6d,0x38,0x14,0x1b,0xff,0xf8,0x10,0x01,0x80,
0x01,0x80,0x00,0x02,0xc0,0x01,0xc0,0x00,0x02,0xc0,0x01,0xc0,0x00,0x02,0xc0,0x56,0xd5,0x50,0x16,0xf5,
0xff,0xff,0xe0,0x2a,0xdc,0x01,0xc0,0xe0,0x26,0xcd,0x01,0xc0,0xe0,0x36,0xc9,0x01,0xc0,0xe0,0x32,0xc0,
0x01,0xc0,0xe0,0x72,0xc0,0x01,0xc0,0xe0,0x02,0xc7,0xff,0xff,0xfd,0x02,0xc5,0x57,0xf5,0x54,0x02,0xc0,
0x03,0xf0,0x00,0x02,0xc0,0x07,0x78,0x00,0x02,0xc0,0x0f,0x2d,0x00,0x02,0xc0,0x1d,0x0e,0x00,0x02,0xc0,
0x78,0x07,0x80,0x02,0xc2,0xe0,0x02,0xf4,0x02,0xcb,0x80,0x00,0x7d,0x01,0x85,0x00,0x00,0x14,0x01,0x40,
0x09,0x00,0x00,0x02,0x80,0x0d,0x00,0x00,0x02,0x80,0x0d,0x00,0x00,0x02,0x81,0x6d,0x55,0x54,0x06,0xb7,
0xff,0xff,0xfc,0x1a,0xa8,0x2c,0x04,0x00,0x1a,0x9c,0x28,0x0d,0x00,0x2a,0x8c,0x34,0x0d,0x00,0x36,0x80,
0x35,0x8d,0x34,0x32,0x80,0x72,0x9c,0x30,0x02,0x80,0xa2,0x5c,0x70,0x02,0x80,0xd3,0x28,0xa0,0x02,0x82,
0xc6,0x2c,0xc0,0x02,0x83,0x80,0x3d,0x00,0x02,0x8b,0x00,0x7a,0x00,0x02,0x9d,0x00,0xe7,0x40,0x02,0x84,
0x02,0xd2,0xc0,0x02,0x80,0x0b,0x40,0xe0,0x02,0x80,0x7d,0x00,0x7c,0x01,0x40,0x20,0x00,0x04,0x02,0x40,
0x09,0x00,0x00,0x02,0x80,0x2c,0x00,0x00,0x02,0x80,0x39,0x55,0x54,0x02,0x90,0x7f,0xff,0xfc,0x16,0xb4,
0xe0,0x00,0x00,0x2a,0xaa,0xc0,0x00,0x00,0x26,0x9e,0xbf,0xff,0xf0,0x36,0x8c,0x75,0x95,0xa0,0x36,0x80,
0x71,0xd0,0xa0,0x72,0x80,0xa0,0x74,0xa0,0x02,0x85,0xa5,0x65,0xa4,0x02,0x8b,0xff,0xff,0xfd,0x02,0x80,
0xd2,0x40,0xe0,0x02,0x80,0xd0,0xa0,0xd0,0x02,0x81,0xc0,0x20,0xd0,0x02,0x82,0xff,0xff,0xfc,0x02,0x80,
0x55,0x56,0xd4,0x02,0x80,0x00,0x02,0xc0,0x02,0x80,0x00,0x7f,0x40,0x01,0x40,0x00,0x14,0x00,0x00,0x20,
0x00,0x00,0x00,0x00,0x74,0x05,0x55,0x50,0x00,0x74,0x0b,0xff,0xf0,0x15,0x75,0x4a,0x00,0x70,0x3f,0xff,
0xda,0x55,0x70,0x00,0xb4,0x0b,0xff,0xf0,0x01,0xf8,0x0a,0x00,0x70,0x03,0xbf,0x0a,0x00,0x70,0x0b,0x76,
0xdb,0xff,0xf0,0x1d,0x74,0x8a,0x55,0xb0,0x38,0x74,0x0a,0x00,0x70,0x10,0x74,0x0b,0xff,0xf0,0x00,0x60,
0x65,0x55,0x50,0x05,0x04,0x78,0x01,0x80,0x0b,0x1c,0x1e,0x01,0xe0,0x0e,0x1c,0x06,0x14,0xb0,0x1d,0x1c,
0x00,0x1c,0x38,0x38,0x1e,0x55,0x68,0x28,0x00,0x0b,0xff,0xf4,0x00,0x00,0x00,0x24,0x00,0x00,0x00,0x00,
0x2c,0x00,0x00,0x0b,0xff,0xff,0xff,0xe0,0x01,0x6d,0x55,0x79,0x40,0x00,0x0d,0x00,0x70,0x00,0x2f,0xff,
0xff,0xff,0xf8,0x05,0x55,0x55,0x55,0x50,0x00,0x00,0x00,0x00,0x00,0x01,0xff,0xff,0xff,0x40,0x01,0xd0,
0x00,0x07,0x40,0x01,0xff,0xff,0xff,0x40,0x01,0xd0,0x00,0x07,0x40,0x01,0xd0,0x00,0x07,0x40,0x01,0xff,
0xff,0xff,0x40,0x01,0x00,0xb4,0x01,0x40,0x03,0x8d,0x2e,0x02,0xc0,0x07,0x0d,0x06,0x24,0xe0,0x1e,0x0e,
0x00,0x34,0x74,0x18,0x0b,0xff,0xf0,0x10,0x00,0x01,0x55,0x40,0x00,0x00,0x00,0x00,0x45,0x00,0x00,0x00,
0x02,0xcb,0x80,0x01,0x55,0x56,0xd6,0xd4,0x07,0xff,0xff,0xff,0xfc,0x07,0x00,0x01,0xd0,0x00,0x07,0x7f,
0xfc,0xd0,0xa0,0x0b,0x00,0x00,0xe1,0xd0,0x0a,0x00,0x00,0xb2,0x80,0x0a,0x3f,0xf8,0x7b,0x40,0x0a,0x34,
0x28,0x3d,0x04,0x0d,0x34,0x28,0x7d,0x0c,0x1c,0x3f,0xf9,0xef,0x5c,0x38,0x00,0x07,0x82,0xf8,0x14,0x00,
0x60,0x00,0x50,0x01,0x28,0x38,0x01,0x80,0x0b,0x28,0x0e,0x05,0xe0,0x0e,0x28,0x05,0x0d,0xb0,0x2c,0x2c,
0x00,0x1d,0x38,0x14,0x1f,0xff,0xf8,0x10,0x00,0x01,0x55,0x40,0x00,0x01,0x80,0x00,0x60,0x00,0x02,0xc0,
0x00,0xb0,0x00,0x02,0xc0,0x00,0xb0,0x00,0x02,0xc0,0x55,0xb5,0x54,0x16,0xd5,0xff,0xff,0xf8,0x3f,0xfd,
0xd0,0xb0,0x38,0x02,0xc1,0xd0,0xb0,0x74,0x02,0xc1,0xd0,0xb0,0x60,0x02,0xc1,0xd5,0xb5,0x50,0x02,0xc5,
0xff,0xff,0xf0,0x02,0xfd,0xec,0x00,0xd0,0x2f,0xe5,0xce,0x01,0xc0,0x3a,0xc1,0xc7,0x03,0x80,0x02,0xc2,
0xc3,0x8b,0x00,0x02,0xc2,0x81,0xed,0x00,0x02,0xc3,0x40,0xbc,0x00,0x02,0xc7,0x02,0xfe,0x00,0x02,0xce,
0x1f,0x47,0xe4,0x2f,0x9d,0xb9,0x00,0xbc,0x05,0x00,0x50,0x00,0x04,0x01,0x80,0x00,0x60,0x00,0x01,0xc0,
0x00,0x70,0x00,0x01,0xc0,0x00,0x70,0x00,0x01,0xc0,0x00,0x70,0x00,0x16,0xd4,0x00,0x70,0x00,0x7f,0xfd,
0xff,0xff,0xf8,0x01,0xc0,0xe5,0xb5,0x68,0x01,0xc0,0xd0,0x70,0x28,0x01,0xc0,0xd0,0x70,0x28,0x01,0xc5,
0xd0,0x70,0x28,0x02,0xfd,0xd0,0x70,0x28,0x7f,0xd0,0xff,0xff,0xf8,0x25,0xc0,0xe5,0xb5,0x68,0x01,0xc0,
0xd0,0x70,0x28,0x01,0xc0,0xd0,0x70,0x28,0x01,0xc0,0xd0,0x70,0x28,0x01,0xc0,0xe5,0xb5,0x68,0x01,0xc0,
0xff,0xff,0xf8,0x2f,0xc0,0xd0,0x00,0x28,0x05,0x00,0x90,0x00,0x14,0x01,0x80,0x00,0x90,0x00,0x01,0xc0,
0x00,0xe0,0x00,0x01,0xc0,0x00,0xb0,0x00,0x01,0xc0,0x00,0x60,0x00,0x16,0xd4,0xff,0xff,0xf8,0x3f,0xfc,
0x55,0x55,0x54,0x01,0xc0,0x00,0x00,0x40,0x01,0xc0,0x28,0x01,0xd0,0x01,0xc0,0x1c,0x01,0xc0,0x01,0xc4,
0x1d,0x02,0xc0,0x02,0xfd,0x0d,0x02,0x80,0x2f,0xe4,0x0e,0x03,0x80,0x26,0xc0,0x0a,0x03,0x40,0x01,0xc0,
0x0b,0x07,0x00,0x01,0xc0,0x07,0x07,0x00,0x01,0xc0,0x07,0x0a,0x00,0x01,0xc0,0x01,0x0e,0x00,0x01,0xc1,
0x55,0x5e,0x54,0x1f,0xc3,0xff,0xff,0xfd,0x05,0x00,0x00,0x00,0x00,0x01,0x80,0x00,0x60,0x00,0x01,0xc0,
0x40,0xb0,0x20,0x01,0xc0,0xe0,0xb0,0x74,0x01,0xc0,0xb0,0xb0,0xa0,0x16,0xd4,0x34,0xb1,0xd0,0x7f,0xfd,
0x28,0xb2,0x80,0x01,0xc0,0x00,0xb0,0x00,0x01,0xc0,0xff,0xff,0xf8,0x01,0xc0,0x55,0xb5,0x54,0x01,0xc5,
0x00,0xb0,0x00,0x02,0xfd,0x00,0xb0,0x00,0x6f,0xe4,0x00,0xb0,0x00,0x2a,0xc3,0xff,0xff,0xfd,0x01,0xc1,
0x55,0xb5,0x54,0x01,0xc0,0x00,0xb0,0x00,0x01,0xc0,0x00,0xb0,0x00,0x01,0xc0,0x00,0xb0,0x00,0x01,0xc0,
0x00,0xb0,0x00,0x2f,0xc0,0x00,0xb0,0x00,0x05,0x00,0x00,0x50,0x00,0x01,0x80,0x00,0x00,0x00,0x01,0xc0,
0x55,0x55,0x50,0x01,0xc0,0xff,0xff,0xf0,0x01,0xc0,0x1c,0x01,0xd0,0x16,0xd4,0x0a,0x07,0x80,0x3f,0xfd,
0x03,0x9e,0x00,0x01,0xc0,0x01,0xf8,0x00,0x01,0xc0,0x1b,0xaf,0x40,0x01,0xc1,0xfd,0x06,0xf8,0x01,0xd9,
0x90,0x60,0x28,0x06,0xfd,0x00,0xb0,0x00,0x3f,0xd0,0xbf,0xff,0xe0,0x25,0xc0,0x55,0xb5,0x50,0x01,0xc0,
0x00,0xb0,0x00,0x01,0xc1,0x55,0xb5,0x54,0x01,0xc2,0xff,0xff,0xfc,0x01,0xc0,0x00,0xb0,0x00,0x02,0xc0,
0x00,0xb0,0x00,0x2f,0x80,0x00,0xb0,0x00,0x05,0x00,0x00,0x60,0x00,0x01,0x40,0x04,0x00,0x40,0x02,0x80,
0x2c,0x01,0xe0,0x02,0x80,0x1d,0x02,0xc0,0x02,0x80,0x0b,0x03,0x80,0x17,0xd4,0x06,0x07,0x00,0x7f,0xf8,
0xff,0xff,0xf8,0x02,0x80,0x5f,0x5b,0x54,0x02,0x80,0x0a,0x07,0x00,0x02,0x80,0x0a,0x07,0x00,0x02,0x84,
0x0a,0x07,0x00,0x02,0xf9,0x5f,0x5b,0x54,0x6f,0xd2,0xff,0xff,0xfc,0x76,0x80,0x0e,0x07,0x00,0x02,0x80,
0x0d,0x07,0x00,0x02,0x80,0x1d,0x07,0x00,0x02,0x80,0x2c,0x07,0x00,0x02,0x80,0x74,0x07,0x00,0x02,0x80,
0xe0,0x07,0x00,0x2f,0x83,0xc0,0x07,0x00,0x15,0x01,0x00,0x05,0x00,0x01,0x80,0x00,0x90,0x00,0x01,0xc0,
0x00,0xe0,0x00,0x01,0xc0,0x00,0xb0,0x00,0x01,0xc1,0xff,0xff,0xfc,0x16,0xd5,0xd5,0x55,0x6c,0x7f,0xfd,
0xc1,0x80,0x2c,0x01,0xc1,0xc2,0xc0,0x2c,0x01,0xc0,0x03,0x80,0x00,0x01,0xc1,0x5b,0x95,0x54,0x01,0xc3,
0xff,0xff,0xfd,0x01,0xd9,0x1d,0x02,0xc0,0x17,0xf9,0x2c,0x03,0x80,0x7f,0xc0,0x78,0x07,0x40,0x11,0xc0,
0x7d,0x0b,0x00,0x01,0xc0,0x0b,0xed,0x00,0x01,0xc0,0x01,0xfc,0x00,0x01,0xc0,0x02,0xef,0x40,0x02,0xc0,
0x6f,0x42,0xe4,0x2f,0x82,0xe4,0x00,0x78,0x05,0x00,0x40,0x00,0x00,0x02,0x80,0x06,0x00,0x00,0x02,0x80,
0x0e,0x00,0x00,0x02,0x80,0x1f,0xff,0x80,0x02,0x80,0x79,0x5b,0x40,0x17,0xd4,0xf0,0x0e,0x00,0x3f,0xfa,
0xe5,0x6d,0x40,0x02,0x82,0xff,0xff,0xe0,0x02,0x80,0xe0,0xa0,0xe0,0x02,0x80,0xe0,0xa0,0xe0,0x02,0x84,
0xe0,0xa0,0xe0,0x02,0xf8,0xe0,0xe0,0xe0,0x2f,0xe4,0xe0,0xd0,0xe0,0x3b,0x87,0xff,0xff,0xfc,0x02,0x81,
0x56,0xf5,0x54,0x02,0x80,0x07,0xb4,0x00,0x02,0x80,0x0e,0x1d,0x00,0x02,0x80,0x7c,0x0b,0x40,0x02,0x82,
0xe0,0x02,0xe0,0x2f,0x8f,0x40,0x00,0x7c,0x05,0x04,0x00,0x00,0x04,0x01,0x80,0x01,0x45,0x00,0x01,0xc0,
0x03,0x4a,0x00,0x01,0xc0,0x03,0x4a,0x00,0x01,0xc0,0x03,0x4a,0x00,0x16,0xd4,0xff,0x4b,0xfc,0x3f,0xfd,
0x57,0x4b,0x54,0x01,0xc0,0x03,0x4a,0x00,0x01,0xc0,0x03,0x4a,0x00,0x01,0xc0,0x57,0x4a,0x54,0x01,0xc0,
0xff,0x4b,0xf8,0x01,0xed,0x03,0x4a,0x00,0x2f,0xe4,0x03,0x4a,0x00,0x2a,0xc0,0x57,0x4b,0x54,0x01,0xc1,
0xff,0x4b,0xfd,0x01,0xc0,0x03,0x4a,0x00,0x01,0xc0,0x03,0x4a,0x00,0x01,0xc0,0x03,0x4a,0x00,0x01,0xc0,
0x03,0x4a,0x00,0x1f,0xc0,0x03,0x4a,0x00,0x05,0x00,0x02,0x45,0x00,0x01,0x80,0x00,0x00,0x00,0x01,0xc0,
0xbf,0xff,0xf0,0x01,0xc0,0xa5,0x55,0xb0,0x01,0xc0,0xa0,0x00,0x70,0x16,0xd4,0xbf,0xff,0xf0,0x3f,0xfc,
0xa0,0x00,0xb0,0x01,0xc0,0xa0,0x00,0x70,0x01,0xc0,0xbf,0xff,0xf0,0x01,0xc0,0x39,0x55,0x40,0x01,0xc4,
0x75,0x55,0x54,0x02,0xfc,0xbf,0xff,0xfc,0x2f,0xd2,0xc0,0x20,0x2c,0x2a,0xc7,0x40,0x60,0x28,0x01,0xc1,
0xa0,0xf4,0x28,0x01,0xc0,0xa7,0x4a,0x28,0x01,0xc0,0xa5,0x01,0x28,0x01,0xc0,0xbf,0xff,0x74,0x01,0xc0,
0x00,0x00,0x74,0x1f,0x80,0x00,0x07,0xe0,0x05,0x00,0x00,0x00,0x00,0x00,0x50,0x00,0x50,0x00,0x00,0xb0,
0x00,0xe0,0x00,0x00,0x74,0x01,0xd0,0x00,0x15,0x65,0x51,0xd0,0x00,0x3f,0xff,0xe2,0xd5,0x54,0x02,0x80,
0x03,0xff,0xfd,0x02,0x80,0x07,0x80,0xe0,0x02,0x80,0x0b,0x80,0xd0,0x02,0xff,0xde,0xc1,0xd0,0x02,0x96,
0xb8,0xd2,0xc0,0x02,0x82,0x94,0xe3,0x80,0x03,0x82,0x80,0xb7,0x40,0x03,0x82,0x80,0x7f,0x00,0x03,0x42,
0x80,0x2d,0x00,0x07,0x42,0x80,0x3d,0x00,0x0b,0x02,0x80,0xbf,0x40,0x0d,0x03,0x82,0xd3,0xc0,0x2c,0x07,
0x5f,0x41,0xf4,0x74,0xbf,0x7d,0x00,0x7d,0x10,0x14,0x10,0x00,0x04,0x00,0x24,0x00,0x50,0x00,0x00,0x38,
0x00,0xb0,0x00,0x3f,0xff,0xf4,0xe5,0x54,0x00,0x34,0x02,0xff,0xfc,0x1f,0xff,0xe7,0xc0,0xe0,0x1c,0x34,
0xaf,0xa1,0xc0,0x1c,0x34,0xa4,0x77,0x80,0x1f,0xff,0xe0,0x2f,0x00,0x00,0xba,0x00,0x2f,0x40,0x07,0xb6,
0xd1,0xf6,0xe0,0x2e,0x34,0x5b,0x80,0xbc,0x15,0x69,0x55,0x55,0x54,0x0b,0xff,0xff,0xff,0xe0,0x00,0x00,
0x28,0x00,0x00,0x00,0x50,0x28,0x00,0x00,0x00,0xa0,0x2f,0xff,0x40,0x00,0xa0,0x28,0x00,0x00,0x15,0xa5,
0x69,0x55,0x54,0x3f,0xff,0xff,0xff,0xfc,0x00,0x50,0x00,0x01,0x40,0x00,0xe0,0x00,0x02,0x80,0x24,0xe2,
0x86,0x02,0x80,0x28,0xe3,0x47,0xd2,0x80,0x1c,0xe3,0x00,0xb2,0x80,0x0d,0xe6,0x00,0x12,0x80,0x09,0xe5,
0x00,0x02,0x80,0x15,0xe5,0x59,0x02,0x80,0x3f,0xff,0x9b,0x42,0x80,0x01,0xe0,0x02,0xd2,0x80,0x03,0xf4,
0x00,0x42,0x80,0x07,0xed,0x00,0x02,0x80,0x0a,0xeb,0x00,0x06,0xed,0x0d,0xe3,0x5a,0xff,0xe4,0x28,0xe1,
0x3e,0x96,0x80,0x74,0xe0,0x00,0x02,0x80,0x20,0xe0,0x00,0x02,0x80,0x00,0xe0,0x00,0x02,0x80,0x00,0xe0,
0x00,0x02,0x80,0x00,0x90,0x00,0x01,0x40,0x01,0xff,0xff,0xff,0x80,0x01,0xea,0xaa,0xab,0x80,0x01,0xc0,
0x00,0x03,0x80,0x01,0xc0,0x00,0x03,0x80,0x01,0xc0,0x00,0x03,0x80,0x01,0xc0,0x00,0x03,0x80,0x01,0xc0,
0x00,0x03,0x80,0x01,0xff,0xff,0xff,0x80,0x01,0xe5,0x55,0x57,0x80,0x01,0xc0,0x00,0x03,0x80,0x01,0xc0,
0x00,0x03,0x80,0x01,0xc0,0x00,0x03,0x80,0x01,0xc0,0x00,0x03,0x80,0x01,0xc0,0x00,0x03,0x80,0x01,0xe5,
0x55,0x57,0x80,0x01,0xff,0xff,0xff,0x80,0x01,0xc0,0x00,0x03,0x80,0x01,0x40,0x00,0x01,0x40,0x05,0x55,
0x0f,0xff,0xf8,0x1f,0xff,0x0e,0x55,0x78,0x1c,0x07,0x0d,0x00,0x38,0x1c,0x07,0x0d,0x00,0x38,0x1c,0x07,
0x0d,0x00,0x38,0x1c,0x07,0x0e,0x55,0x78,0x1f,0xff,0x0f,0xff,0xf8,0x1d,0x5b,0x0d,0x00,0x38,0x1c,0x07,
0x0d,0x00,0x38,0x1c,0x07,0x0d,0x00,0x38,0x1c,0x07,0x0e,0x55,0x78,0x1d,0x5b,0x1f,0xff,0xf8,0x1f,0xff,
0x1c,0x00,0x38,0x1c,0x00,0x28,0x00,0x38,0x1c,0x00,0x74,0x00,0x38,0x00,0x00,0xb0,0x00,0x38,0x00,0x02,
0xd0,0x00,0x38,0x00,0x07,0x80,0x0f,0xf4,0x00,0x01,0x00,0x05,0x50,0x00,0x00,0x05,0x00,0x00,0x00,0x00,
0x0b,0x00,0x00,0x2f,0xf8,0x07,0x01,0x50,0x29,0x69,0x6b,0xff,0xf4,0x28,0x19,0xeb,0x94,0x40,0x28,0x18,
0x02,0xc1,0xe0,0x28,0x18,0x01,0xdb,0x80,0x28,0x18,0x00,0xfd,0x00,0x2f,0xf8,0x1b,0xf8,0x18,0x29,0x69,
0xfe,0x1e,0x68,0x28,0x18,0x50,0x06,0xf0,0x28,0x19,0x55,0x55,0x54,0x28,0x1a,0xff,0xff,0xfc,0x28,0x18,
0x0b,0x0d,0x00,0x2f,0xf8,0x0a,0x0d,0x00,0x29,0x54,0x0d,0x0d,0x00,0x28,0x00,0x2c,0x0d,0x0c,0x00,0x01,
0xb4,0x0d,0x1c,0x00,0x07,0xd0,0x0f,0xf8,0x00,0x01,0x00,0x01,0x50,0x00,0x00,0x02,0x00,0x00,0x00,0x00,
0x0b,0x00,0x00,0x1f,0xfc,0x1f,0xff,0x00,0x1d,0x6c,0x2d,0x5e,0x00,0x1c,0x1c,0xb4,0x1d,0x00,0x1c,0x1d,
0xf5,0x79,0x50,0x1c,0x1f,0xff,0xff,0xf4,0x1c,0x1d,0xa0,0x70,0x34,0x1f,0xfc,0xa0,0xb0,0x34,0x1d,0x6c,
0xa0,0xa0,0x34,0x1c,0x1c,0xa5,0xe5,0x74,0x1c,0x1c,0xbf,0xff,0xf4,0x1c,0x1c,0x01,0xec,0x00,0x1c,0x1c,
0x02,0xdc,0x00,0x1f,0xfc,0x07,0x5c,0x00,0x1d,0x54,0x0e,0x1c,0x08,0x1c,0x00,0x7d,0x1c,0x0d,0x04,0x01,
0xf4,0x1c,0x1c,0x00,0x1f,0x80,0x1f,0xf8,0x00,0x08,0x00,0x05,0x50,0x00,0x24,0x00,0x18,0x00,0x00,0x34,
0x00,0x1c,0x00,0x1f,0xff,0xc7,0xff,0xf4,0x05,0x75,0x41,0x6d,0x50,0x00,0x74,0x00,0x2c,0x00,0x2f,0xff,
0xdf,0xff,0xf8,0x15,0xf5,0x45,0x7e,0x54,0x01,0xfd,0x00,0xe7,0x40,0x03,0x8b,0x82,0xd2,0xd0,0x1f,0x42,
0x9f,0x40,0xb8,0x3d,0x55,0x59,0x55,0x2c,0x01,0xff,0xff,0xff,0x40,0x01,0xd0,0x00,0x07,0x40,0x01,0xd0,
0x00,0x07,0x40,0x01,0xff,0xff,0xff,0x40,0x01,0xd5,0x55,0x57,0x40,0x01,0xd0,0x00,0x07,0x40,0x01,0xd5,
0x55,0x57,0x40,0x01,0xff,0xff,0xff,0x40,0x01,0x80,0x00,0x02,0x00,0x00,0x01,0x40,0x00,0x00,0x00,0x02,
0xc0,0x00,0x00,0x00,0x03,0x80,0x00,0x00,0x2f,0xff,0xff,0xff,0xf8,0x15,0x5f,0x55,0x55,0x54,0x00,0x1d,
0x00,0x00,0x00,0x00,0x3c,0x00,0x00,0x00,0x00,0x7f,0xff,0xff,0x40,0x00,0xf9,0x55,0x57,0x40,0x02,0xf8,
0x00,0x03,0x40,0x0b,0x79,0x55,0x57,0x40,0x3d,0x3f,0xff,0xff,0x40,0x14,0x38,0x00,0x03,0x40,0x00,0x38,
0x00,0x03,0x40,0x00,0x3f,0xff,0xff,0x40,0x00,0x39,0x55,0x57,0x40,0x00,0x38,0x00,0x03,0x40,0x00,0x38,
0x00,0x03,0x40,0x00,0x38,0x01,0xff,0x40,0x00,0x14,0x00,0x54,0x00,0x00,0x00,0x14,0x00,0x00,0x00,0x00,
0x28,0x00,0x00,0x15,0x55,0x7d,0x55,0x54,0x1f,0xff,0xff,0xff,0xf8,0x00,0x00,0x28,0x00,0x00,0x00,0x00,
0x28,0x00,0x00,0x01,0x55,0x79,0x55,0x40,0x03,0xff,0xff,0xff,0xd0,0x03,0x40,0x28,0x01,0xd0,0x03,0x40,
0x28,0x01,0xd0,0x03,0x40,0x28,0x01,0xd0,0x03,0xff,0xff,0xff,0xd0,0x01,0x55,0xff,0x55,0x40,0x00,0x02,
0xff,0x80,0x00,0x00,0x0b,0x69,0xe0,0x00,0x00,0x7d,0x28,0x7d,0x00,0x02,0xe0,0x28,0x0b,0x90,0x2f,0x80,
0x28,0x02,0xf8,0x28,0x00,0x28,0x00,0x28,0x00,0x00,0x24,0x00,0x00,0x00,0x00,0x28,0x00,0x00,0x00,0x00,
0x28,0x00,0x00,0x00,0x00,0x28,0x00,0x00,0x0f,0xff,0xff,0xff,0xf0,0x05,0x55,0x7d,0x55,0x50,0x00,0xd0,
0x28,0x07,0x40,0x00,0xb0,0x28,0x0b,0x00,0x00,0x74,0x28,0x0d,0x00,0x00,0x28,0x28,0x2c,0x00,0x15,0x65,
0x7d,0x69,0x54,0x3f,0xff,0xff,0xff,0xfc,0x00,0x01,0xff,0x40,0x00,0x00,0x03,0xaa,0xc0,0x00,0x00,0x0f,
0x28,0xf0,0x00,0x00,0x3c,0x28,0x3c,0x00,0x01,0xf0,0x28,0x1f,0x40,0x0b,0x80,0x28,0x02,0xe0,0x3e,0x00,
0x28,0x00,0xbc,0x14,0x00,0x28,0x00,0x14,0x00,0x00,0x24,0x00,0x00,0x00,0x60,0x00,0x18,0x00,0x00,0x70,
0x00,0x2c,0x00,0x00,0x70,0x00,0x2c,0x00,0x00,0x70,0x00,0x2c,0x00,0x00,0x70,0x00,0x2c,0x00,0x3f,0xff,
0xcf,0xff,0xf8,0x15,0xf9,0x45,0x7e,0x54,0x00,0xf8,0x00,0x7e,0x00,0x01,0xfe,0x00,0xbf,0x00,0x02,0xf7,
0x40,0xff,0x40,0x03,0xb2,0xd1,0xee,0x80,0x0a,0x70,0x83,0x6c,0xd0,0x0d,0x70,0x0b,0x2c,0xa0,0x2c,0x70,
0x1e,0x2c,0x74,0x74,0x70,0x3c,0x2c,0x2c,0x10,0x70,0x74,0x2c,0x18,0x00,0x70,0x10,0x2c,0x00,0x00,0x70,
0x00,0x2c,0x00,0x00,0x70,0x00,0x2c,0x00,0x00,0x60,0x00,0x18,0x00,0x01,0x55,0x55,0x55,0x40,0x02,0xff,
0xff,0xff,0xc0,0x02,0x80,0x28,0x02,0xc0,0x02,0x80,0x28,0x02,0xc0,0x02,0xff,0xff,0xff,0xc0,0x02,0x95,
0x7d,0x56,0xc0,0x02,0x80,0x28,0x02,0xc0,0x02,0x95,0x7d,0x56,0xc0,0x02,0xff,0xff,0xff,0xc0,0x00,0x00,
0x28,0x00,0x00,0x15,0x55,0x7d,0x55,0x54,0x2f,0xff,0xff,0xff,0xf8,0x00,0x02,0xff,0x80,0x00,0x00,0x0b,
0x69,0xe0,0x00,0x00,0x6d,0x28,0x7d,0x00,0x02,0xf4,0x28,0x0b,0x90,0x2f,0x80,0x28,0x01,0xf8,0x29,0x00,
0x28,0x00,0x28,0x00,0x00,0x28,0x00,0x00,0x00,0x00,0x24,0x00,0x00,0x00,0x00,0x28,0x00,0x00,0x00,0x00,
0x28,0x00,0x00,0x3f,0xff,0xff,0xff,0xfc,0x15,0x56,0xff,0x95,0x54,0x00,0x07,0x69,0xd0,0x00,0x00,0x2e,
0x28,0xb8,0x00,0x00,0xb8,0x28,0x2e,0x00,0x07,0xd0,0x28,0x07,0xe0,0x3e,0x40,0x14,0x01,0xbc,0x14,0xbf,
0xff,0xfe,0x14,0x00,0xb0,0x00,0x0e,0x00,0x00,0xbf,0xff,0xfe,0x00,0x00,0xb0,0x00,0x0e,0x00,0x00,0xb0,
0x00,0x0e,0x00,0x00,0xbf,0xff,0xfe,0x00,0x00,0x00,0x00,0x00,0x00,0x15,0x55,0x55,0x55,0x54,0x2f,0xff,
0xff,0xff,0xf8,0x00,0x90,0x00,0x00,0x00,0x00,0xe0,0x00,0x00,0x00,0x00,0xe0,0x2f,0xff,0xf0,0x00,0xe0,
0x15,0x55,0x50,0x00,0xe0,0x00,0x00,0x00,0x3f,0xff,0x00,0x00,0x00,0x16,0xe5,0x00,0x00,0x00,0x02,0xf0,
0xbf,0xff,0xfc,0x03,0xf8,0x55,0xb9,0x54,0x07,0xee,0x00,0x74,0x00,0x09,0xe7,0x00,0x74,0x00,0x1c,0xe1,
0x1c,0x75,0xd0,0x38,0xe0,0x28,0x74,0xe0,0x74,0xe0,0x34,0x74,0xb0,0x20,0xe0,0x70,0x74,0x34,0x00,0xe0,
0xe0,0x74,0x28,0x00,0xe2,0xd0,0x74,0x2c,0x00,0xe0,0x40,0x74,0x14,0x00,0xe0,0x0b,0xf0,0x00,0x00,0x90,
0x06,0x50,0x00,0x00,0x80,0x00,0x60,0x00,0x01,0xc0,0x00,0xb0,0x00,0x01,0xc0,0x00,0xb0,0x00,0x01,0xc0,
0xbf,0xff,0xf0,0x16,0xd5,0x55,0xb5,0x50,0x3f,0xfe,0x00,0xb0,0x00,0x02,0xd0,0x00,0xb0,0x00,0x03,0xe1,
0x55,0xb5,0x54,0x03,0xf5,0xff,0xff,0xfc,0x07,0xec,0x00,0x00,0x00,0x0a,0xdd,0x00,0xb0,0x00,0x1d,0xc4,
0x00,0xb0,0x00,0x29,0xc0,0x55,0xb5,0x50,0x75,0xc0,0xff,0xff,0xf4,0x61,0xc0,0x00,0xb0,0x00,0x01,0xc0,
0x00,0xb0,0x00,0x01,0xc0,0x00,0xb0,0x00,0x01,0xc1,0x55,0xb5,0x54,0x01,0xc7,0xff,0xff,0xfd,0x01,0x80,
0x00,0x00,0x00,0x00,0x00,0x20,0x00,0x00,0x00,0x00,0x38,0x00,0x00,0x1f,0xff,0xff,0xff,0xf4,0x1d,0x55,
0x95,0x55,0x74,0x1c,0x01,0xd0,0x00,0x34,0x15,0x56,0xd5,0x55,0x54,0x2f,0xff,0xff,0xff,0xf8,0x00,0x2c,
0x00,0x78,0x00,0x00,0xb9,0x41,0xe0,0x00,0x00,0x6b,0xff,0x80,0x00,0x01,0x5a,0xfa,0xfe,0x40,0x2f,0xe9,
0x64,0x16,0xe0,0x00,0x00,0x28,0x00,0x00,0x3f,0xff,0xff,0xff,0xfc,0x15,0x56,0xff,0x95,0x54,0x00,0x0b,
0x69,0xe0,0x00,0x00,0x7d,0x28,0x7d,0x00,0x1b,0xe0,0x28,0x0b,0xe4,0x3e,0x40,0x28,0x01,0xbc,0x00,0x00,
0x14,0x00,0x04,0x00,0x80,0x00,0x00,0x00,0x00,0xd0,0x05,0x6b,0xe0,0x00,0xd0,0x7f,0xfa,0x50,0x00,0xd0,
0x10,0xe0,0x00,0x15,0xe5,0x00,0xd0,0x00,0x3f,0xfe,0x01,0xc0,0x00,0x01,0xd0,0xff,0xff,0xfc,0x02,0xe0,
0x5b,0x9b,0x54,0x03,0xf4,0x0a,0x02,0x80,0x07,0xec,0x2d,0x01,0xe0,0x0a,0xdd,0xb4,0x00,0x78,0x0d,0xd1,
0xda,0x02,0xac,0x28,0xd0,0x4b,0x03,0x80,0x74,0xd0,0x0a,0x03,0x80,0x30,0xd0,0x0a,0x03,0x80,0x00,0xd0,
0x0d,0x03,0x80,0x00,0xd0,0x2c,0x03,0x80,0x00,0xd0,0x74,0x03,0x80,0x00,0xd1,0xe0,0x03,0x80,0x00,0x80,
0x80,0x02,0x40,0x01,0x80,0x00,0x90,0x00,0x01,0xc0,0x01,0xe0,0x00,0x01,0xc0,0x02,0xf0,0x00,0x01,0xc0,
0x07,0x68,0x00,0x16,0xd4,0x1d,0x0e,0x00,0x3f,0xfc,0x78,0x03,0x80,0x02,0xc1,0xe0,0x01,0xf4,0x03,0xd7,
0xaf,0xff,0x6c,0x07,0xf5,0x15,0x55,0x04,0x0b,0xe8,0x00,0x00,0x00,0x0e,0xdc,0x90,0xc0,0x70,0x1d,0xc4,
0xa0,0xd0,0xa0,0x29,0xc0,0x70,0xa1,0xd0,0x71,0xc0,0x70,0xa2,0x80,0x11,0xc0,0x34,0x63,0x40,0x01,0xc0,
0x10,0x06,0x00,0x01,0xc0,0x00,0x0d,0x00,0x01,0xc3,0xff,0xff,0xf8,0x01,0xc1,0x55,0x55,0x54,0x01,0x40,
0x00,0x00,0x00,0x02,0x40,0x10,0x00,0x00,0x02,0x80,0x34,0x00,0x00,0x02,0x80,0x34,0x7f,0xf8,0x02,0x80,
0x35,0x79,0x68,0x17,0x94,0x3f,0xa8,0x28,0x3f,0xf4,0x34,0x28,0x28,0x03,0x80,0x34,0x18,0x34,0x07,0x80,
0x34,0x1c,0x34,0x0b,0xdf,0xff,0xdc,0x70,0x0b,0xe5,0x79,0x4d,0xa0,0x0e,0xb4,0x34,0x09,0xd0,0x1a,0x92,
0x76,0x0b,0xd0,0x36,0x87,0x36,0x87,0xc0,0x72,0x86,0x35,0xc3,0x40,0x22,0x8a,0x34,0xdb,0x80,0x02,0x9c,
0x34,0x5e,0xd0,0x02,0x84,0x34,0x28,0xe0,0x02,0x80,0x34,0xb4,0x74,0x02,0x82,0xf2,0xd0,0x2c,0x02,0x40,
0x41,0x40,0x04,0x02,0x40,0x00,0x00,0x00,0x02,0x8b,0xff,0xdf,0xf8,0x02,0x87,0x97,0x5d,0x68,0x02,0x82,
0x43,0x5c,0x34,0x17,0x96,0x43,0x5c,0x70,0x3f,0xf6,0x97,0x5c,0x60,0x03,0x82,0xff,0x5c,0xa0,0x07,0xc2,
0x43,0x5c,0xd0,0x07,0xd2,0x43,0x5c,0xd0,0x0b,0xb2,0x43,0x5c,0x70,0x0f,0xaa,0xff,0x5c,0x34,0x1e,0x96,
0x97,0x5c,0x28,0x2a,0x82,0x43,0x5c,0x1c,0x36,0x82,0x43,0x5c,0x1c,0x22,0x82,0x9b,0xdc,0x28,0x02,0x8b,
0xff,0x5d,0xf4,0x02,0x89,0x43,0x5c,0x40,0x02,0x80,0x03,0x5c,0x00,0x02,0x80,0x03,0x5c,0x00,0x02,0x40,
0x02,0x18,0x00,0x01,0xc0,0x09,0x06,0x00,0x01,0xc0,0x0e,0x07,0x00,0x01,0xc2,0xff,0xff,0xfc,0x01,0xc1,
0x5e,0x5b,0x54,0x16,0xd4,0x0e,0x07,0x00,0x3f,0xfc,0x05,0x05,0x00,0x02,0xc0,0xff,0xff,0xf0,0x03,0xd0,
0xd0,0x00,0xb0,0x07,0xf0,0xff,0xff,0xf0,0x07,0xe8,0xd0,0x00,0xb0,0x0b,0xdc,0xd0,0x00,0xb0,0x1e,0xc8,
0xff,0xff,0xf0,0x29,0xc0,0x00,0xd0,0x00,0x35,0xc1,0x55,0xe5,0x54,0x21,0xc7,0xff,0xff,0xfc,0x01,0xc0,
0x03,0xa8,0x00,0x01,0xc0,0x0b,0x5e,0x00,0x01,0xc0,0x7d,0x07,0x90,0x01,0xc7,0xe4,0x01,0xfc,0x01,0x82,
0x00,0x00,0x14,0x00,0x00,0x24,0x00,0x00,0x00,0x00,0x74,0x00,0x00,0x1d,0x00,0xb4,0x00,0x00,0x1f,0x80,
0xb0,0x00,0x00,0x02,0xe0,0xff,0xff,0xf4,0x00,0x51,0xe5,0x55,0xb4,0x00,0x02,0xc1,0x40,0xb0,0x00,0x07,
0x82,0xc0,0xe0,0x00,0x0f,0x02,0xc1,0xd0,0x00,0x05,0x02,0xc1,0x80,0x00,0x60,0x03,0xd0,0x00,0x00,0xf0,
0x03,0xe0,0x00,0x02,0xd0,0x07,0xf0,0x00,0x03,0x80,0x0b,0x74,0x00,0x0b,0x00,0x1d,0x2c,0x00,0x1e,0x00,
0x78,0x1e,0x00,0x3c,0x01,0xf4,0x0b,0x80,0x04,0x0b,0xd0,0x02,0xe4,0x00,0x3e,0x00,0x00,0x7c,0x00,0x14,
0x00,0x00,0x04,0x00,0x00,0x02,0x00,0x00,0x00,0x00,0x07,0x40,0x00,0x15,0x55,0x0b,0x00,0x00,0x3f,0xff,
0x4b,0x55,0x54,0x00,0x03,0x4f,0xff,0xf8,0x04,0x07,0x1d,0x00,0x38,0x28,0x0b,0x2c,0x60,0x34,0x0e,0x0a,
0x38,0x70,0x70,0x07,0x4d,0x20,0x70,0x10,0x02,0xdc,0x00,0x70,0x00,0x01,0xf8,0x00,0xb4,0x00,0x00,0xb4,
0x00,0xb8,0x00,0x00,0xb8,0x00,0xfc,0x00,0x01,0xed,0x01,0xdd,0x00,0x03,0x8e,0x03,0x8e,0x00,0x0f,0x07,
0x0b,0x47,0x40,0x3d,0x00,0x1e,0x02,0xc0,0x34,0x00,0x78,0x00,0xf4,0x00,0x02,0xe0,0x00,0x7d,0x00,0x00,
0x40,0x00,0x04,0x1f,0xff,0xff,0xff,0xf4,0x05,0x55,0x6e,0x55,0x50,0x00,0x00,0x1d,0x00,0x00,0x00,0x00,
0x1d,0x00,0x00,0x00,0x00,0x1d,0x00,0x00,0x01,0x90,0x1d,0x00,0x00,0x01,0xd0,0x1d,0x00,0x00,0x01,0xd0,
0x1f,0xff,0xe0,0x01,0xd0,0x1e,0x55,0x50,0x01,0xd0,0x1d,0x00,0x00,0x01,0xd0,0x1d,0x00,0x00,0x01,0xd0,
0x1d,0x00,0x00,0x01,0xd0,0x1d,0x00,0x00,0x01,0xd0,0x1d,0x00,0x00,0x01,0xd0,0x1d,0x00,0x00,0x3f,0xff,
0xff,0xff,0xfc,0x15,0x55,0x55,0x55,0x54,0x00,0x00,0x14,0x00,0x00,0x00,0x00,0x28,0x00,0x00,0x00,0x00,
0x28,0x00,0x00,0x00,0x00,0x28,0x00,0x00,0x00,0x00,0x28,0x00,0x40,0x00,0x00,0x2c,0x01,0xd0,0x2f,0xff,
0x2d,0x07,0x80,0x1a,0xaf,0x2e,0x0f,0x00,0x00,0x0e,0x2f,0x7c,0x00,0x00,0x1d,0x2e,0xf0,0x00,0x00,0x2c,
0x29,0xd0,0x00,0x00,0x38,0x28,0xb4,0x00,0x00,0xb0,0x28,0x3c,0x00,0x01,0xe0,0x28,0x1f,0x00,0x03,0xc0,
0x28,0x07,0xd0,0x1f,0x40,0x28,0x01,0xf4,0x3d,0x00,0x28,0x00,0x7d,0x14,0x00,0x28,0x00,0x04,0x00,0x0b,
0xf8,0x00,0x00,0x00,0x02,0x90,0x00,0x00,0x00,0x00,0x00,0x00,0x00,0x0e,0x40,0x00,0x00,0x00,0x06,0xe2,
0xff,0xff,0xf0,0x00,0x71,0xe5,0x55,0xb0,0x00,0x00,0xa0,0x00,0xa0,0x00,0x00,0x70,0x00,0xe0,0x10,0x00,
0x34,0x01,0xd0,0x3e,0x00,0x28,0x02,0xc0,0x07,0xc0,0x2c,0x03,0x80,0x00,0x80,0x0d,0x07,0x40,0x00,0x00,
0x0b,0x0a,0x00,0x00,0x00,0x07,0x5d,0x00,0x00,0x70,0x02,0xf8,0x00,0x00,0xa0,0x01,0xf0,0x00,0x01,0xd0,
0x02,0xf4,0x00,0x03,0x80,0x0b,0x6d,0x00,0x07,0x40,0x6d,0x0b,0x40,0x0e,0x02,0xf4,0x02,0xe4,0x1c,0x0f,
0x80,0x00,0x7c,0x00,0x04,0x00,0x00,0x04,0x00,0x00,0x00,0x50,0x00,0x0f,0x40,0x00,0xd0,0x00,0x02,0xe4,
0x00,0xd0,0x00,0x00,0x70,0x00,0xd0,0x00,0x00,0x00,0x00,0xd0,0x00,0x00,0x02,0x40,0xd0,0x24,0x10,0x03,
0x80,0xd0,0x34,0x3e,0x03,0x80,0xd0,0x34,0x0b,0xc3,0x80,0xd0,0x34,0x01,0x83,0x80,0xd0,0x34,0x00,0x03,
0x80,0xd0,0x34,0x00,0x03,0x80,0xd0,0x34,0x00,0x73,0x80,0xd0,0x34,0x00,0xb3,0x80,0xd0,0x34,0x01,0xd3,
0x80,0xd0,0x34,0x02,0xc3,0x80,0xd0,0x34,0x07,0x43,0x80,0xd0,0x34,0x0e,0x03,0xff,0xff,0xf4,0x1d,0x01,
0x55,0x55,0x74,0x00,0x00,0x00,0x00,0x24,0x00,0x00,0x00,0x00,0x00,0x0a,0x41,0x55,0x55,0x00,0x07,0xe3,
0xff,0xff,0x80,0x00,0xb0,0x00,0x2e,0x00,0x00,0x00,0x01,0xf4,0x00,0x00,0x00,0x0b,0x80,0x00,0x14,0x00,
0x7d,0x00,0x00,0x2e,0x42,0xff,0xff,0xf8,0x07,0xc1,0x5f,0x5e,0x78,0x00,0x40,0x1d,0x0d,0x38,0x00,0x00,
0x2c,0x2c,0x38,0x00,0x40,0x74,0x38,0x34,0x00,0xa1,0xe0,0x70,0x34,0x01,0xd7,0x80,0xe0,0x74,0x02,0xc6,
0x02,0xc0,0x74,0x03,0x80,0x07,0x40,0x70,0x0b,0x00,0x1e,0x00,0xb0,0x0e,0x00,0x78,0x00,0xe0,0x1c,0x02,
0xe0,0x2f,0xd0,0x00,0x00,0x40,0x05,0x00,0x0a,0x00,0x01,0xd0,0x00,0x0b,0xd0,0x01,0xd0,0x00,0x00,0xb4,
0x01,0xd0,0x00,0x00,0x10,0x91,0xd2,0x80,0x00,0x00,0xe1,0xd1,0xd0,0x10,0x01,0xd1,0xd0,0xb0,0x3d,0x02,
0xc1,0xd0,0x74,0x0b,0xc3,0x81,0xd0,0x28,0x01,0x87,0x41,0xd0,0x18,0x00,0x0f,0x01,0xd0,0xa0,0x00,0x15,
0x01,0xd1,0xd0,0x00,0x70,0x01,0xd2,0xc0,0x00,0xe0,0x00,0x0b,0x40,0x01,0xd0,0x00,0x2e,0x00,0x03,0x80,
0x00,0xb8,0x00,0x0b,0x00,0x07,0xd0,0x00,0x1e,0x01,0xbe,0x00,0x00,0x08,0x0b,0xe4,0x00,0x00,0x00,0x00,
0x00,0x00,0x00,0x04,0x00,0x00,0x00,0x00,0x0f,0x40,0x3f,0xfe,0x00,0x06,0xe0,0x39,0x5e,0x00,0x00,0xa0,
0x34,0x0a,0x00,0x00,0x00,0x74,0x0a,0x00,0x00,0x00,0xb0,0x0a,0x00,0x14,0x01,0xe0,0x0b,0x58,0x3e,0x07,
0xc0,0x07,0xfc,0x07,0xca,0x00,0x00,0x00,0x00,0x41,0x55,0x55,0x40,0x00,0x07,0xff,0xff,0xd0,0x00,0x00,
0xd0,0x02,0xc0,0x00,0xa0,0xb0,0x07,0x40,0x00,0xe0,0x38,0x0f,0x00,0x02,0xc0,0x1e,0x7c,0x00,0x03,0x80,
0x07,0xf0,0x00,0x0b,0x00,0x1b,0xf8,0x00,0x1e,0x01,0xbd,0x2f,0x90,0x1c,0x1f,0xd0,0x06,0xfc,0x00,0x05,
0x00,0x00,0x14,0x04,0x00,0x00,0x00,0x00,0x0f,0x45,0x55,0x55,0x54,0x07,0xef,0xff,0xff,0xfd,0x00,0xa0,
0x00,0x00,0xa0,0x00,0x00,0x00,0x00,0xa0,0x00,0x00,0x00,0x00,0xa0,0x24,0x02,0xff,0xe0,0xa0,0x3e,0x02,
0xd5,0xa0,0xa0,0x0b,0xc2,0x80,0xa0,0xa0,0x01,0x42,0x80,0xa0,0xa0,0x00,0x02,0x80,0xa0,0xa0,0x00,0x02,
0x80,0xa0,0xa0,0x00,0x62,0xd5,0xa0,0xa0,0x00,0xe2,0xff,0xe0,0xa0,0x01,0xd2,0x80,0x00,0xa0,0x03,0x81,
0x40,0x00,0xa0,0x0b,0x40,0x00,0x00,0xa0,0x1e,0x00,0x00,0x00,0xe0,0x1c,0x00,0x01,0xff,0xd0,0x00,0x00,
0x00,0xa9,0x40,0x04,0x00,0x00,0x90,0x00,0x0f,0x80,0x00,0xe0,0x00,0x02,0xf4,0x00,0xe0,0x00,0x00,0x60,
0x00,0xe0,0x00,0x00,0x01,0x55,0xe5,0x54,0x00,0x02,0xff,0xff,0xf4,0x24,0x02,0x80,0xe0,0x34,0x2f,0x42,
0x80,0xe0,0x34,0x07,0xd2,0x80,0xe0,0x34,0x00,0x42,0x80,0xe0,0x34,0x00,0x02,0xd5,0xe5,0x74,0x00,0x02,
0xff,0xff,0xf4,0x00,0x52,0x80,0xe0,0x34,0x00,0xe2,0x80,0xe0,0x34,0x01,0xd2,0x80,0xe0,0x34,0x02,0xc2,
0x80,0xe0,0x34,0x07,0x42,0x80,0xe0,0x34,0x0f,0x02,0xff,0xff,0xf4,0x1d,0x02,0xd5,0x55,0x74,0x00,0x01,
0x40,0x00,0x24,0x00,0x00,0x02,0x40,0x00,0x0b,0x80,0x0b,0x40,0x00,0x02,0xf4,0x0e,0x00,0x00,0x00,0x24,
0x2c,0x18,0x00,0x00,0x00,0x38,0x0f,0x00,0x00,0x00,0xb0,0x07,0x80,0x14,0x01,0xd0,0x01,0xd0,0x2e,0x47,
0xea,0xaf,0xf0,0x07,0xcb,0xfe,0xaa,0x78,0x00,0x40,0x00,0x00,0x14,0x00,0x00,0x00,0x00,0x00,0x00,0x12,
0xff,0xff,0xe0,0x00,0x72,0xd5,0x55,0xe0,0x00,0xe2,0xc0,0x00,0xe0,0x01,0xd2,0xc0,0x00,0xe0,0x03,0x82,
0xc0,0x00,0xe0,0x07,0x42,0xc0,0x00,0xe0,0x0e,0x02,0xd5,0x55,0xe0,0x1d,0x02,0xff,0xff,0xe0,0x04,0x01,
0x80,0x00,0x90,0x04,0x00,0x14,0x00,0x00,0x0f,0x80,0x38,0x00,0x00,0x02,0xe0,0xb4,0x00,0x00,0x00,0x50,
0xff,0xff,0xf4,0x00,0x01,0xe5,0x55,0xb4,0x00,0x03,0x80,0x00,0x74,0x14,0x0b,0x40,0x00,0x74,0x3e,0x1f,
0xff,0xf4,0x74,0x07,0xc5,0xd5,0x74,0x74,0x00,0x41,0xc0,0x34,0x70,0x00,0x01,0xc0,0x34,0x70,0x00,0x01,
0xd5,0x74,0xb0,0x00,0xa1,0xff,0xf4,0xb0,0x00,0xe1,0xc0,0x05,0xe0,0x02,0xc1,0xc0,0x0f,0xd0,0x03,0x81,
0xc0,0x00,0x04,0x0b,0x01,0xc0,0x00,0x1c,0x1e,0x01,0xd0,0x00,0x2c,0x1c,0x00,0xff,0xff,0xf4,0x00,0x00,
0x15,0x55,0x50,0x00,0x00,0x00,0x90,0x00,0x0f,0x40,0x00,0xd0,0x00,0x07,0xe0,0x00,0xd0,0x00,0x00,0xa1,
0x55,0xe5,0x54,0x00,0x03,0xff,0xff,0xfc,0x00,0x03,0x80,0xd0,0x38,0x14,0x03,0x80,0xd0,0x70,0x3e,0x03,
0x80,0xd0,0xa0,0x07,0xc3,0x95,0xe5,0x40,0x00,0x43,0xff,0xff,0xe0,0x00,0x03,0x68,0x01,0xc0,0x00,0x03,
0x5c,0x02,0x80,0x00,0xd3,0x4e,0x07,0x40,0x01,0xd7,0x07,0x4e,0x00,0x02,0xc7,0x02,0xec,0x00,0x07,0x4a,
0x00,0xf8,0x00,0x0b,0x0d,0x06,0xfe,0x00,0x1d,0x2c,0x2f,0x4b,0xd0,0x1c,0x39,0xf8,0x01,0xfc,0x00,0x10,
0x80,0x00,0x14,0x00,0x00,0x09,0x00,0x00,0x0a,0x00,0x0d,0x00,0x00,0x07,0x80,0x0e,0x05,0x60,0x01,0xe2,
0xaf,0xff,0xe0,0x00,0x57,0xab,0x50,0x40,0x00,0x00,0x03,0x82,0xd0,0x00,0x00,0x02,0xdb,0x40,0x29,0x00,
0x01,0xfd,0x00,0x1f,0x40,0x1b,0xf8,0x18,0x02,0x86,0xf9,0x1e,0x68,0x00,0x02,0x40,0x06,0xf0,0x00,0x01,
0x55,0x55,0x54,0x00,0x9b,0xff,0xff,0xf8,0x01,0xd0,0x1d,0x1c,0x00,0x02,0xc0,0x1c,0x1c,0x00,0x07,0x40,
0x2c,0x1c,0x00,0x0b,0x00,0x74,0x1c,0x18,0x1d,0x01,0xe0,0x1d,0x1c,0x18,0x0f,0x80,0x0f,0xf8,0x00,0x05,
0x00,0x01,0x50,0x00,0x00,0x60,0x00,0x00,0x0b,0x40,0xb0,0x00,0x00,0x02,0xe0,0xe5,0x55,0x54,0x00,0x51,
0xff,0xff,0xf8,0x00,0x03,0x80,0x00,0x00,0x00,0x0b,0x00,0x00,0x00,0x10,0x1e,0xbf,0xff,0xf0,0x3d,0x04,
0xe6,0x95,0xa0,0x0b,0x80,0xd1,0xd0,0xa0,0x02,0x40,0xd0,0x70,0xa0,0x00,0x06,0xd5,0x65,0xa4,0x00,0x1f,
0xff,0xff,0xfd,0x00,0xd2,0xc2,0x00,0xe0,0x02,0xc2,0x81,0xd0,0xd0,0x03,0x83,0x80,0x60,0xd0,0x07,0x43,
0xff,0xff,0xf8,0x0a,0x01,0x55,0x56,0xd4,0x1d,0x00,0x00,0x02,0xc0,0x18,0x00,0x00,0xbf,0x40,0x00,0x00,
0x00,0x14,0x00,0x04,0x00,0x00,0x90,0x00,0x0e,0x41,0x40,0xe0,0x24,0x07,0xd2,0xc0,0xe0,0x74,0x00,0xa0,
0xe0,0xe0,0xe0,0x00,0x00,0xb0,0xe2,0xd0,0x00,0x00,0x20,0xe1,0x40,0x10,0x01,0x55,0xe5,0x50,0x3e,0x01,
0xff,0xff,0xf0,0x07,0x81,0xc0,0x00,0xb0,0x01,0x41,0xc0,0x00,0xb0,0x00,0x01,0xff,0xff,0xf0,0x00,0x01,
0xd5,0x55,0xb0,0x00,0xa1,0xc0,0x00,0xb0,0x00,0xd1,0xd5,0x55,0xb0,0x02,0xc1,0xff,0xff,0xf0,0x03,0x81,
0xc0,0x00,0xb0,0x0b,0x01,0xc0,0x00,0xb0,0x0e,0x01,0xc0,0x00,0xb0,0x1c,0x01,0xc0,0x1f,0xe0,0x00,0x01,
0x80,0x05,0x40,0x05,0x00,0x00,0xd0,0x00,0x0b,0x80,0x51,0xd0,0x50,0x01,0xf0,0xd1,0xd0,0xe0,0x00,0x51,
0xc1,0xc2,0xc0,0x00,0x03,0x42,0xc7,0x40,0x00,0x00,0x03,0xf9,0x00,0x39,0x00,0x0b,0x1f,0x40,0x1b,0x80,
0x7d,0x02,0xe0,0x02,0x87,0xe0,0x90,0x78,0x00,0x01,0x01,0xd0,0x00,0x00,0x00,0xd1,0xc0,0xb0,0x00,0xa1,
0xd1,0xd0,0xe0,0x01,0xd2,0x82,0xe2,0xc0,0x02,0xc7,0x43,0xf7,0x40,0x07,0x41,0x0b,0x78,0x00,0x0f,0x00,
0x2e,0x1e,0x00,0x1d,0x01,0xf8,0x07,0xd4,0x18,0x1f,0x90,0x01,0xbc,0x00,0x04,0x00,0x00,0x04,0x00,0x00,
0x01,0x80,0x00,0x0e,0x00,0x01,0xc0,0x00,0x07,0xdb,0xff,0xff,0xf4,0x00,0x91,0x56,0xd5,0x50,0x00,0x00,
0x02,0xc0,0x00,0x00,0x03,0xff,0xff,0xe0,0x10,0x00,0x01,0xc0,0x00,0x3d,0x1f,0xff,0xff,0xfc,0x0b,0x85,
0x55,0x55,0x54,0x02,0x40,0x00,0x00,0x00,0x00,0x02,0xff,0xff,0xd0,0x00,0x42,0x80,0x00,0xd0,0x00,0xd2,
0xff,0xff,0xd0,0x01,0xc2,0x80,0x01,0xd0,0x03,0x82,0x80,0x00,0xd0,0x07,0x42,0xff,0xff,0xd0,0x0b,0x02,
0x80,0x01,0xd0,0x1d,0x02,0x80,0x01,0xd0,0x1c,0x02,0x80,0x2f,0xc0,0x00,0x01,0x40,0x05,0x00,0x04,0x00,
0x40,0x00,0x00,0x0f,0x40,0xd0,0x3f,0xf8,0x02,0xd0,0xd0,0x39,0x78,0x00,0x80,0xd0,0x34,0x28,0x00,0x15,
0xe5,0x34,0x28,0x00,0x3f,0xff,0x74,0x28,0x24,0x00,0xd0,0x3f,0xf8,0x2f,0x40,0xd0,0x39,0x78,0x07,0x80,
0xd0,0x34,0x28,0x00,0x00,0xd0,0x34,0x28,0x00,0x1f,0xfe,0x34,0x28,0x00,0x1d,0x5a,0x3f,0xf8,0x01,0x9c,
0x0a,0x35,0x78,0x02,0xdc,0x0a,0x70,0x28,0x03,0x5c,0x0a,0x60,0x28,0x07,0x1d,0x5a,0xa0,0x28,0x0e,0x1f,
0xfe,0xd0,0x28,0x1d,0x1c,0x02,0xc0,0x38,0x2c,0x04,0x07,0x43,0xf4,0x00,0x00,0x01,0x01,0x40,0x04,0x00,
0x90,0x00,0x00,0x0f,0x40,0xd0,0xbf,0xf4,0x02,0xd0,0xd0,0xa5,0x74,0x00,0x80,0xd0,0xa0,0x34,0x00,0x00,
0xd0,0xa0,0x34,0x00,0x2f,0xfe,0xa0,0x34,0x24,0x16,0xe5,0xa5,0x74,0x2e,0x41,0xd0,0xbf,0xf4,0x07,0x82,
0xe0,0xa0,0x34,0x00,0x03,0xf4,0xa0,0x34,0x00,0x07,0xfd,0xa0,0x34,0x00,0x0a,0xda,0xa5,0x74,0x02,0x4d,
0xd1,0xbf,0xf4,0x03,0x6c,0xd0,0xa0,0x34,0x07,0x78,0xd0,0xa0,0x34,0x0b,0x30,0xd0,0xa0,0x34,0x0e,0x00,
0xd0,0xa0,0x34,0x1d,0x00,0xd0,0xbf,0xf4,0x2c,0x00,0xd0,0xa5,0x74,0x04,0x00,0x90,0x50,0x14,0x00,0x00,
0x50,0x00,0x00,0x1d,0x00,0xa0,0x2f,0xf8,0x0b,0x95,0xe5,0x29,0x78,0x01,0xaf,0xff,0x68,0x28,0x00,0x00,
0xa0,0x28,0x28,0x00,0x00,0xa0,0x28,0x28,0x10,0x0f,0xff,0x2f,0xf8,0x3d,0x0c,0x07,0x29,0x78,0x0b,0x4d,
0x07,0x28,0x28,0x01,0x0f,0xff,0x28,0x28,0x00,0x0c,0x07,0x28,0x28,0x00,0x0d,0x07,0x2f,0xf8,0x02,0x8f,
0xff,0x39,0x78,0x03,0x80,0xa0,0x34,0x28,0x07,0x55,0xe5,0x74,0x28,0x0b,0x3f,0xff,0xb0,0x28,0x0e,0x00,
0xa0,0xb0,0x28,0x1c,0x00,0xa0,0xd0,0x28,0x28,0x00,0xa1,0xc3,0xf4,0x04,0x00,0x90,0x41,0x50,0x00,0x00,
0x38,0x00,0x00,0x00,0x00,0x38,0x00,0x00,0x00,0x00,0x38,0x00,0x00,0x00,0x00,0x38,0x00,0x00,0x00,0xd0,
0x38,0x00,0xb0,0x01,0xd0,0x38,0x00,0xe0,0x02,0xc0,0x34,0x01,0xd0,0x07,0x80,0x74,0x03,0x80,0x0b,0x00,
0x78,0x07,0x00,0x0e,0x00,0xbc,0x0a,0x00,0x00,0x00,0xee,0x00,0x00,0x00,0x01,0xdb,0x00,0x00,0x00,0x03,
0xc3,0x80,0x00,0x00,0x0b,0x41,0xe0,0x00,0x00,0x2d,0x00,0xb8,0x00,0x01,0xf4,0x00,0x2f,0x40,0x1b,0xd0,
0x00,0x07,0xf8,0x2d,0x00,0x00,0x00,0x68,0x00,0x00,0x00,0x00,0x00,0x00,0xd0,0x00,0x70,0x00,0x00,0xd0,
0x00,0x70,0x00,0x00,0xd0,0x00,0x70,0x00,0x00,0xd1,0x04,0x71,0x80,0x18,0xd7,0x1c,0x70,0xd0,0x28,0xda,
0x2c,0x70,0xb0,0x28,0xdd,0x28,0x70,0x34,0x34,0xd8,0x34,0x70,0x28,0x30,0xd0,0x70,0x70,0x18,0x11,0xd0,
0x60,0x70,0x00,0x01,0xc0,0x00,0x70,0xb0,0x01,0xd0,0x00,0x70,0xe0,0x02,0xf4,0x00,0x12,0xc0,0x03,0xad,
0x00,0x0b,0x40,0x07,0x4b,0x00,0x2d,0x00,0x0b,0x01,0x01,0xf4,0x00,0x2d,0x00,0x6f,0x80,0x00,0x38,0x02,
0xf9,0x00,0x00,0x00,0x00,0x40,0x00,0x00,0x00,0x90,0x05,0x00,0x00,0x00,0xd0,0x0a,0x00,0x00,0x00,0xd0,
0x0d,0x00,0x00,0x00,0xd0,0x1e,0x55,0x54,0x14,0xd7,0x2f,0xff,0xfd,0x18,0xda,0x35,0xd0,0x00,0x28,0xd9,
0xb1,0xd0,0x00,0x28,0xdc,0xe1,0xd0,0x00,0x34,0xd4,0x81,0xff,0xfc,0x30,0xd0,0x01,0xe5,0x54,0x01,0xd0,
0x01,0xd0,0x00,0x01,0xc0,0x01,0xd0,0x00,0x01,0xd0,0x01,0xd0,0x00,0x02,0xf0,0x01,0xff,0xfc,0x03,0xb8,
0x01,0xe5,0x54,0x07,0x5d,0x01,0xd0,0x00,0x0b,0x0a,0x01,0xd0,0x00,0x1d,0x00,0x01,0xd0,0x00,0x38,0x00,
0x01,0xd0,0x00,0x10,0x00,0x00,0x90,0x00,0x00,0x00,0x14,0x00,0x00,0x00,0x00,0x38,0x00,0x00,0x00,0x00,
0x39,0x55,0x50,0x00,0x00,0x3f,0xff,0xf4,0x00,0x00,0x38,0x00,0x00,0x00,0x00,0x38,0x00,0x00,0x01,0x55,
0x79,0x55,0x40,0x02,0xff,0xff,0xff,0x80,0x02,0x80,0x00,0x02,0x80,0x02,0x80,0x00,0x02,0x80,0x02,0x80,
0x00,0x02,0x80,0x02,0x80,0x00,0x02,0x80,0x02,0xff,0xff,0xff,0x80,0x01,0x55,0x55,0x55,0x40,0x00,0x00,
0x00,0x00,0x40,0x03,0x82,0x42,0x82,0xc0,0x07,0x43,0x42,0xc0,0xe0,0x0e,0x03,0x81,0xd0,0x74,0x2c,0x03,
0x80,0xe0,0x38,0x14,0x01,0x40,0x40,0x10,0x00,0x40,0x01,0x80,0x00,0x01,0xc0,0x01,0xc0,0x14,0x01,0xc0,
0x01,0xc0,0x34,0x01,0xc0,0xbf,0xff,0xb0,0x01,0xc6,0x56,0xd6,0xd0,0x19,0xca,0x01,0xc7,0x80,0x29,0xcd,
0x56,0xdf,0x54,0x25,0xdd,0xff,0xff,0xfd,0x35,0xd4,0x01,0xf0,0x00,0x31,0xc0,0x07,0xd5,0x50,0x01,0xc0,
0x2f,0xff,0xf8,0x01,0xc1,0xfb,0x00,0x00,0x02,0xcb,0x9a,0x00,0x00,0x02,0xe2,0x0e,0x55,0x50,0x03,0xb8,
0x1f,0xff,0xf0,0x07,0x1d,0x00,0x00,0xa0,0x0e,0x09,0x00,0x00,0xa0,0x2c,0x00,0x00,0x01,0xd0,0x34,0x00,
0x01,0xff,0xc0,0x00,0x00,0x00,0x55,0x00,0x00,0x80,0x06,0x00,0x00,0x01,0xc0,0x07,0x00,0x00,0x01,0xc0,
0x07,0x56,0xa4,0x01,0xc0,0xff,0xfa,0x94,0x09,0xca,0x56,0x80,0x60,0x0d,0xc9,0x01,0xd1,0xd0,0x0d,0xcc,
0x00,0xeb,0x80,0x1d,0xd8,0x00,0xbd,0x04,0x29,0xd4,0x1b,0xfc,0x1c,0x25,0xc0,0xbe,0x5f,0x68,0x11,0xc0,
0x50,0x02,0xf4,0x01,0xc0,0x55,0x55,0x54,0x02,0xc2,0xff,0xff,0xf8,0x02,0xe0,0x0b,0x0d,0x00,0x03,0x78,
0x0a,0x0d,0x00,0x07,0x1d,0x0e,0x0d,0x00,0x0e,0x09,0x2c,0x0d,0x0c,0x2c,0x00,0xb8,0x0d,0x1c,0x34,0x07,
0xd0,0x0f,0xf8,0x00,0x01,0x00,0x01,0x50,0x01,0x00,0x00,0x00,0x00,0x0b,0x93,0xff,0xff,0x40,0x01,0xb1,
0x55,0xbd,0x00,0x00,0x10,0x06,0xe0,0x00,0x18,0x00,0x6e,0x00,0x00,0x1b,0x82,0xff,0xff,0xf4,0x01,0x81,
0x5d,0x5d,0x74,0x00,0x20,0x28,0x28,0x34,0x00,0xa0,0xb0,0x70,0x70,0x02,0xc2,0xd0,0xe0,0x70,0x0b,0x42,
0x43,0x80,0xa0,0x0d,0x00,0x06,0x0f,0xd0,0x00,0x10,0x28,0x01,0x00,0x00,0x74,0x38,0x03,0x80,0x01,0xe0,
0x7d,0x0a,0x00,0x03,0x80,0xea,0x18,0x00,0x00,0x07,0xc3,0xd0,0x00,0x00,0x6e,0x00,0xb9,0x00,0x2f,0xe4,
0x00,0x1b,0xf8,0x15,0x00,0x00,0x00,0x64,0x00,0x50,0x01,0x40,0x00,0x00,0xa0,0x02,0x80,0x00,0x00,0xa0,
0x02,0x80,0x00,0x15,0xa5,0x16,0x95,0x40,0x2f,0xff,0x7f,0xff,0x80,0x00,0xa0,0x03,0x82,0x80,0x00,0xa0,
0x03,0x82,0x80,0x00,0xa6,0x53,0x42,0x80,0x06,0xfe,0x7b,0x42,0x80,0x3f,0xe0,0x1f,0x82,0x80,0x10,0xa0,
0x0e,0xe2,0x80,0x00,0xa0,0x2c,0x29,0xc9,0x00,0xa0,0xb4,0x01,0xdd,0x0f,0xe1,0xd0,0x00,0xbc,0x05,0x40,
0x00,0x00,0x10,0x02,0x81,0x02,0x42,0xc0,0x07,0x43,0x42,0xc1,0xe0,0x0e,0x03,0x81,0xd0,0x74,0x2c,0x02,
0x80,0xd0,0x38,0x14,0x01,0x40,0x40,0x14,0x01,0x40,0x40,0x00,0x00,0x02,0x40,0xd1,0xff,0xf4,0x02,0x40,
0x71,0x55,0x74,0x02,0x40,0x38,0x00,0x34,0x02,0x5a,0x54,0x00,0x34,0x1a,0x6b,0x41,0x40,0x34,0x2a,0x67,
0x41,0xe0,0x34,0x26,0x73,0x40,0x28,0x34,0x37,0xa3,0x41,0x04,0x34,0x33,0x43,0x5a,0x45,0x34,0x13,0x43,
0x56,0x43,0x34,0x03,0x43,0x66,0x42,0x74,0x03,0x43,0x62,0x41,0xb4,0x07,0xc3,0xa2,0x49,0xf4,0x0b,0xa3,
0x82,0x4c,0x34,0x0e,0x37,0x42,0xf8,0x34,0x1d,0x23,0x40,0x00,0x34,0x28,0x03,0x40,0x00,0x34,0x74,0x03,
0x40,0x0b,0xf4,0x10,0x01,0x40,0x05,0x40,0x00,0x00,0x90,0x00,0x00,0x00,0x00,0xd0,0x00,0x90,0x03,0xff,
0xff,0xf7,0xc0,0x01,0x55,0xe5,0x6f,0x00,0x00,0x00,0xd0,0x7c,0x00,0x15,0x55,0xe6,0xf5,0x54,0x3f,0xff,
0xff,0xff,0xfc,0x00,0x16,0xe4,0x00,0x00,0x06,0xff,0xff,0xff,0x40,0x7f,0xb4,0x00,0x07,0x40,0x24,0x70,
0x00,0x03,0x40,0x00,0x7f,0xff,0xff,0x40,0x00,0x70,0x00,0x03,0x40,0x00,0x74,0x00,0x07,0x40,0x00,0x7f,
0xff,0xff,0x40,0x01,0x40,0x00,0x01,0x40,0x07,0x83,0x43,0x81,0xd0,0x0b,0x03,0x41,0xc0,0xb0,0x2d,0x03,
0x80,0xd0,0x38,0x04,0x01,0x00,0x40,0x10,0x00,0x50,0x00,0x00,0x00,0x00,0xa1,0xff,0xff,0xc0,0x01,0xd1,
0xc0,0x01,0xc0,0x03,0xc1,0xc0,0x01,0xc0,0x0b,0x81,0xff,0xff,0xc0,0x2e,0x80,0x01,0xc0,0x00,0x36,0x80,
0x01,0xc0,0x00,0x02,0x8f,0xff,0xff,0xfc,0x02,0x80,0x1e,0xd9,0x00,0x02,0x80,0xb5,0xcb,0x80,0x02,0x8b,
0x81,0xc1,0xb4,0x02,0x89,0x15,0xc0,0x14,0x00,0x10,0x38,0x01,0x40,0x00,0x74,0x78,0x07,0x80,0x01,0xe0,
0xbd,0x0e,0x00,0x03,0x81,0xd7,0x6c,0x00,0x01,0x0b,0x82,0xe0,0x00,0x01,0xbe,0x00,0x7e,0x40,0x2f,0xe0,
0x00,0x0b,0xf8,0x15,0x00,0x00,0x00,0x54,0x00,0x00,0x18,0x00,0x00,0x00,0xb0,0x2c,0x00,0x00,0x00,0xe0,
0x2c,0x00,0x00,0x01,0xd0,0x2c,0x00,0x00,0x02,0xff,0xff,0xff,0xf0,0x07,0x95,0x6d,0x55,0x50,0x0b,0x00,
0x2c,0x00,0x00,0x1e,0x00,0x2c,0x00,0x00,0x2c,0x00,0x2c,0x00,0x00,0x00,0x00,0x2c,0x00,0x00,0x00,0x00,
0x2c,0x00,0x00,0x3f,0xff,0xff,0xff,0xfc,0x15,0x55,0x6d,0x55,0x54,0x00,0x00,0x2c,0x00,0x00,0x00,0x00,
0x2c,0x00,0x00,0x00,0x00,0x2c,0x00,0x00,0x00,0x00,0x2c,0x00,0x00,0x00,0x00,0x2c,0x00,0x00,0x00,0x00,
0x2c,0x00,0x00,0x00,0x00,0x18,0x00,0x00,0x00,0x60,0x05,0x00,0x00,0x04,0xa0,0x0a,0x00,0x00,0x0c,0xa0,
0x0e,0x00,0x00,0x1c,0xa0,0x1d,0x00,0x00,0x1d,0xb5,0x2f,0xff,0xfc,0x2f,0xff,0x39,0xe7,0xac,0x24,0xa0,
0x70,0xd3,0x6c,0x34,0xa0,0xe1,0xc7,0x28,0x70,0xa2,0xc2,0x8b,0x28,0x00,0xa1,0x47,0x4a,0x28,0x00,0xbb,
0x4a,0x1d,0x28,0x1b,0xf9,0x1d,0x2c,0x38,0x7e,0xa0,0x38,0x34,0x34,0x10,0xa0,0xf0,0x70,0x34,0x00,0xa0,
0x80,0xe0,0x34,0x00,0xa0,0x02,0xc0,0x74,0x00,0xa0,0x07,0x40,0xb0,0x00,0xa0,0x1e,0x00,0xe0,0x00,0xa0,
0x38,0x2f,0xd0,0x00,0x60,0x00,0x15,0x40,0x00,0x00,0x18,0x00,0x00,0x00,0xb0,0x28,0x00,0x00,0x00,0xf0,
0x28,0x00,0x00,0x01,0xe0,0x28,0x00,0x00,0x02,0xe5,0x7d,0x55,0x50,0x03,0xff,0xff,0xff,0xf0,0x0b,0x40,
0x28,0x00,0x00,0x1e,0x00,0x28,0x00,0x00,0x2c,0x00,0x28,0x00,0x00,0x00,0x00,0x28,0x00,0x00,0x01,0x55,
0x7d,0x55,0x40,0x02,0xff,0xff,0xff,0xd0,0x00,0x00,0x28,0x00,0x00,0x00,0x00,0x28,0x00,0x00,0x00,0x00,
0x28,0x00,0x00,0x00,0x00,0x28,0x00,0x00,0x00,0x00,0x28,0x00,0x00,0x15,0x55,0x7d,0x55,0x54,0x3f,0xff,
0xff,0xff,0xfc,0x03,0xff,0xff,0xff,0xe0,0x03,0x95,0x6d,0x55,0xe0,0x03,0x80,0x2c,0x00,0xa0,0x03,0x80,
0x2c,0x00,0xa0,0x03,0x95,0x6d,0x55,0xe0,0x03,0xff,0xff,0xff,0xe0,0x03,0x80,0x2c,0x00,0xa0,0x03,0x80,
0x2c,0x00,0xa0,0x03,0x40,0x2c,0x00,0xa0,0x03,0x95,0x6d,0x55,0xe0,0x03,0xff,0xff,0xff,0xe0,0x07,0x40,
0x2c,0x00,0xa0,0x07,0x00,0x2c,0x00,0xa0,0x0a,0x00,0x2c,0x00,0xa0,0x0e,0x00,0x2c,0x00,0xa0,0x2c,0x00,
0x2c,0x00,0xa0,0x38,0x00,0x2c,0x7f,0xd0,0x10,0x00,0x14,0x15,0x40,0x00,0x00,0x00,0x01,0x00,0x00,0x15,
0x5a,0xbf,0x80,0x0b,0xff,0xfe,0x54,0x00,0x00,0xa0,0x28,0x0f,0x00,0x00,0x74,0x28,0x1d,0x00,0x00,0x28,
0x28,0x38,0x00,0x2f,0xff,0xff,0xff,0xf8,0x15,0x56,0xff,0x95,0x54,0x00,0x0b,0x69,0xe0,0x00,0x00,0x2d,
0x28,0x7d,0x00,0x02,0xf4,0x28,0x1f,0x90,0x2f,0xd5,0x55,0x56,0xfc,0x29,0xff,0xff,0xff,0x94,0x01,0xd0,
0x28,0x03,0x80,0x01,0xd0,0x28,0x03,0x80,0x01,0xff,0xff,0xff,0x80,0x01,0xd0,0x28,0x03,0x80,0x01,0xd5,
0x69,0x57,0x80,0x01,0xff,0xff,0xff,0x80,0x01,0x80,0x00,0x02,0x40,0x00,0x00,0x06,0x00,0x00,0x00,0x00,
0x07,0x40,0x00,0x00,0x55,0x57,0x95,0x54,0x00,0xff,0xff,0xff,0xfd,0x10,0xd0,0x00,0x00,0x00,0x28,0xd0,
0x00,0x00,0x00,0x1c,0xd7,0xff,0xff,0xf8,0x0d,0xd1,0x55,0xe5,0x54,0x05,0xd0,0x00,0xd0,0x00,0x00,0xd0,
0x00,0xd0,0x00,0x00,0xd1,0x80,0xd0,0x00,0x02,0xd1,0xc0,0xe5,0x50,0x1f,0xd1,0xc0,0xff,0xf4,0x39,0xc1,
0xc0,0xd0,0x00,0x02,0xc1,0xc0,0xd0,0x00,0x03,0x81,0xc0,0xd0,0x00,0x07,0x41,0xc0,0xd0,0x00,0x0b,0x16,
0xd5,0xe5,0x54,0x2d,0x2f,0xff,0xff,0xfd,0x04,0x00,0x00,0x00,0x00,0x00,0x00,0x24,0x00,0x00,0x00,0x00,
0x74,0x00,0x00,0x00,0x00,0xb0,0x00,0x00,0x00,0x00,0xe0,0x00,0x00,0x03,0xff,0xff,0xff,0xc0,0x03,0xaa,
0xaa,0xaa,0xc0,0x03,0x40,0x00,0x01,0xc0,0x03,0x40,0x00,0x01,0xc0,0x03,0x40,0x00,0x01,0xc0,0x03,0x40,
0x00,0x01,0xc0,0x03,0xff,0xff,0xff,0xc0,0x03,0x95,0x55,0x56,0xc0,0x03,0x40,0x00,0x01,0xc0,0x03,0x40,
0x00,0x01,0xc0,0x03,0x40,0x00,0x01,0xc0,0x03,0x40,0x00,0x01,0xc0,0x03,0x95,0x55,0x56,0xc0,0x03,0xff,
0xff,0xff,0xc0,0x03,0x40,0x00,0x01,0xc0,0x02,0x40,0x00,0x01,0x80,0x00,0x60,0x00,0x80,0x00,0x00,0x70,
0x01,0xc0,0x00,0x00,0xa0,0x02,0xc0,0x00,0x05,0xe5,0x43,0x95,0x54,0x1f,0xff,0x87,0xff,0xf8,0x1c,0x02,
0x8a,0x00,0x38,0x1c,0x02,0x9d,0x00,0x34,0x1c,0x02,0xbc,0x00,0x34,0x1c,0x02,0x94,0x40,0x34,0x1d,0x56,
0x82,0xc0,0x34,0x1f,0xff,0x80,0xe0,0x34,0x1c,0x02,0x80,0x74,0x34,0x1c,0x02,0x80,0x2c,0x74,0x1c,0x02,
0x80,0x18,0x70,0x1c,0x02,0x80,0x00,0x70,0x1c,0x02,0x80,0x00,0xb0,0x1f,0xff,0x80,0x00,0xa0,0x1d,0x55,
0x40,0x01,0xe0,0x1c,0x00,0x00,0xbf,0xc0,0x00,0x00,0x00,0x15,0x00,0x00,0x14,0x00,0x14,0x00,0x00,0x2c,
0x00,0x38,0x00,0x00,0x0e,0x00,0x70,0x00,0x0b,0xff,0xff,0xff,0xe0,0x05,0x55,0x79,0x55,0x50,0x00,0x00,
0x28,0x00,0x00,0x02,0xff,0xff,0xff,0xc0,0x00,0x55,0x69,0x55,0x40,0x00,0x00,0x28,0x00,0x00,0x05,0x55,
0x69,0x55,0x50,0x2f,0xff,0xff,0xff,0xf8,0x00,0x00,0x00,0x00,0x00,0x03,0xff,0xff,0xff,0xc0,0x03,0x97,
0x96,0xd6,0xc0,0x03,0x42,0x82,0x81,0xc0,0x03,0x42,0x82,0x81,0xc0,0x03,0x42,0x82,0x81,0xc0,0x17,0x97,
0x96,0xd6,0xd4,0x3f,0xff,0xff,0xff,0xfc,0x00,0x00,0x24,0x00,0x00,0x00,0x00,0x74,0x00,0x00,0x00,0xbf,
0xff,0xff,0x40,0x00,0xa5,0x55,0x57,0x40,0x00,0xa0,0xb4,0x07,0x40,0x00,0xa0,0x2d,0x07,0x40,0x15,0xe5,
0x59,0x57,0x94,0x3f,0xff,0xff,0xff,0xfc,0x01,0xd0,0x40,0x07,0x40,0x02,0xc0,0xb4,0x07,0x40,0x07,0x80,
0x1d,0x17,0x40,0x1e,0x00,0x04,0x7e,0x00,0x05,0x55,0x55,0x55,0x40,0x03,0xff,0xff,0xff,0xc0,0x03,0x82,
0x82,0x82,0xc0,0x03,0x82,0x82,0x82,0xc0,0x03,0x82,0x82,0x82,0xc0,0x17,0x97,0x96,0x96,0xd4,0x3f,0xff,
0xff,0xff,0xfc,0x00,0x50,0x00,0x00,0x00,0x00,0xa0,0x15,0x55,0x54,0x00,0xa0,0x2f,0xff,0xf8,0x00,0xa0,
0x2c,0x00,0x38,0x15,0xf5,0x6c,0x00,0x38,0x3f,0xff,0xac,0x00,0x38,0x00,0xe0,0x2d,0x55,0x78,0x01,0xe0,
0x2f,0xff,0xf8,0x02,0xf0,0x2c,0x00,0x38,0x03,0xf8,0x2c,0x00,0x38,0x07,0xae,0x2c,0x00,0x38,0x09,0xa7,
0x6d,0x55,0x78,0x1c,0xa1,0x2f,0xff,0xf8,0x38,0xa0,0x2c,0x00,0x38,0x70,0xa0,0x2c,0x00,0x38,0x10,0xa0,
0x2c,0x00,0x38,0x00,0xa0,0x2c,0x00,0x38,0x00,0xa0,0x2f,0xff,0xf8,0x00,0xa0,0x2d,0x55,0x78,0x00,0xa0,
0x18,0x00,0x24,0x00,0x00,0x24,0x00,0x00,0x00,0x10,0x38,0x04,0x00,0x00,0x74,0x38,0x1e,0x00,0x00,0xf0,
0x38,0x07,0x80,0x02,0xd0,0x38,0x19,0xe0,0x0b,0x40,0x38,0x78,0x78,0x1e,0x00,0x3a,0xe0,0x14,0x00,0x00,
0x7e,0x40,0x00,0x00,0x6b,0xe4,0x00,0x00,0x2f,0xff,0xff,0xff,0x80,0x19,0xb5,0x55,0x57,0x80,0x00,0x70,
0x00,0x03,0x80,0x00,0x7f,0xff,0xff,0x80,0x00,0x70,0x00,0x03,0x80,0x00,0x70,0x00,0x03,0x80,0x00,0x7f,
0xff,0xff,0x80,0x00,0x70,0x00,0x03,0x80,0x00,0x75,0x55,0x57,0x80,0x00,0x7f,0xff,0xff,0x80,0x00,0x60,
0x00,0x02,0x40,0x00,0x00,0x00,0x00,0x40,0x01,0x55,0x5a,0xaf,0xc0,0x07,0xff,0xfa,0xa5,0x00,0x00,0x00,
0xe0,0x00,0x00,0x07,0xff,0xff,0xff,0xe0,0x01,0x57,0x95,0x55,0x40,0x00,0x07,0x40,0x00,0x00,0x2f,0xff,
0xff,0xff,0xf8,0x15,0x6e,0x55,0x55,0x54,0x00,0x3d,0x55,0x55,0x00,0x00,0xbf,0xff,0xff,0xc0,0x02,0xf8,
0x00,0x02,0xc0,0x1f,0x6f,0xff,0xff,0xc0,0x3d,0x28,0x00,0x02,0xc0,0x24,0x28,0x00,0x02,0xc0,0x00,0x2f,
0xff,0xff,0xc0,0x00,0x28,0x00,0x02,0xc0,0x00,0x29,0x55,0x56,0xc0,0x00,0x2f,0xff,0xff,0xc0,0x00,0x28,
0x00,0x02,0x80,0x2f,0xff,0xff,0xff,0xf8,0x15,0x5b,0x95,0x55,0x54,0x00,0x07,0x40,0x00,0x00,0x00,0x0b,
0x00,0x00,0x00,0x00,0x0e,0x00,0x00,0x00,0x00,0x2c,0x00,0x00,0x00,0x00,0x78,0x00,0x00,0x00,0x00,0xbf,
0xff,0xff,0xe0,0x02,0xf9,0x55,0x55,0xe0,0x07,0xb4,0x00,0x00,0xe0,0x1e,0x34,0x00,0x00,0xe0,0x78,0x34,
0x00,0x00,0xe0,0x10,0x34,0x00,0x00,0xe0,0x00,0x34,0x00,0x00,0xe0,0x00,0x39,0x55,0x55,0xe0,0x00,0x3f,
0xff,0xff,0xe0,0x00,0x34,0x00,0x00,0xe0,0x00,0x24,0x00,0x00,0x90,0x00,0x00,0x00,0x20,0x00,0x15,0x55,
0x00,0x74,0x00,0x3f,0xff,0x40,0x74,0x00,0x01,0xc0,0x00,0x74,0x00,0x02,0x80,0x0d,0x75,0xd0,0x03,0x40,
0x1c,0x74,0xe0,0x07,0x00,0x2c,0x74,0x70,0x0b,0x00,0x28,0x74,0x38,0x0f,0xfe,0x34,0x74,0x2c,0x1f,0x5a,
0x70,0x74,0x18,0x3f,0x0a,0x60,0x74,0x00,0x7b,0x0a,0x00,0x74,0xb0,0x17,0x0a,0x00,0x74,0xe0,0x07,0x0a,
0x00,0x12,0xc0,0x07,0x0a,0x00,0x0b,0x40,0x07,0x5a,0x00,0x2e,0x00,0x07,0xfe,0x01,0xf8,0x00,0x07,0x00,
0x1b,0xd0,0x00,0x06,0x01,0xf9,0x00,0x00,0x00,0x00,0x50,0x00,0x00,0x00,0x00,0x02,0x00,0x00,0x15,0x55,
0x0b,0x00,0x00,0x3f,0xff,0x0f,0xff,0x40,0x02,0x80,0x1d,0x5b,0x40,0x03,0x80,0x34,0x0e,0x00,0x03,0x40,
0xb5,0x6d,0x50,0x07,0x02,0xff,0xff,0xf8,0x0b,0x02,0xb4,0x34,0x38,0x0f,0xfd,0x34,0x34,0x38,0x1e,0x5d,
0x35,0x75,0x78,0x3e,0x0d,0x3f,0xff,0xf8,0x3a,0x0d,0x34,0x34,0x38,0x1a,0x0d,0x74,0x34,0x38,0x0a,0x0d,
0x7f,0xff,0xf8,0x0a,0x0d,0x75,0x75,0x78,0x0a,0x5d,0xa0,0x34,0x38,0x0b,0xfd,0xd0,0x34,0x38,0x0a,0x01,
0xc0,0x34,0x38,0x05,0x03,0x80,0x27,0xf4,0x00,0x01,0x00,0x01,0x40,0x00,0x00,0x20,0x00,0x00,0x00,0x00,
0x38,0x00,0x00,0x2f,0xff,0xff,0xff,0xf8,0x15,0x55,0x55,0x55,0x54,0x02,0x87,0x41,0xd2,0x80,0x02,0xc1,
0xba,0x03,0x80,0x02,0xc0,0xbe,0x43,0x80,0x02,0xcb,0x81,0xe3,0x80,0x02,0xc5,0x00,0x13,0x80,0x02,0xff,
0xff,0xff,0x80,0x00,0x55,0x79,0x55,0x00,0x05,0x55,0xb9,0x55,0x50,0x0f,0xff,0xff,0xff,0xf0,0x0e,0x02,
0xc1,0x80,0xb0,0x0e,0x07,0x40,0xd0,0xb0,0x0e,0x1f,0x6a,0xf4,0xb0,0x0e,0x1f,0xa9,0x68,0xb0,0x0e,0x00,
0x00,0x00,0xb0,0x0e,0x00,0x00,0x1f,0xe0,0x04,0x00,0x00,0x04,0x00,0x00,0x00,0x60,0x00,0x00,0x00,0x00,
0x78,0x00,0x00,0x00,0x00,0x2c,0x00,0x00,0x1f,0xff,0xff,0xff,0xf8,0x1d,0x55,0x55,0x55,0x78,0x1c,0x01,
0x00,0x00,0x38,0x1c,0x0b,0x41,0xe0,0x38,0x18,0x2d,0x00,0x7e,0x00,0x06,0xf4,0x00,0x0b,0xd0,0x0f,0x40,
0x00,0x00,0xb0,0x05,0x55,0x55,0x55,0x40,0x01,0xff,0xff,0xff,0x40,0x00,0x00,0x28,0x00,0x00,0x00,0x00,
0x28,0x00,0x00,0x00,0x00,0x28,0x00,0x00,0x00,0x00,0x28,0x00,0x00,0x00,0x00,0x28,0x00,0x00,0x15,0x55,
0x7d,0x55,0x54,0x1f,0xff,0xff,0xff,0xf8,0x00,0x90,0x00,0x80,0x00,0x01,0xd0,0x02,0xc0,0x00,0x03,0xff,
0xf7,0xff,0xfc,0x0b,0x6d,0x5b,0x5e,0x50,0x2d,0x0d,0x1e,0x07,0x40,0x28,0x05,0x08,0x01,0x00,0x07,0xff,
0xff,0xff,0xd0,0x01,0x55,0x79,0x55,0xd0,0x00,0x00,0x38,0x00,0xd0,0x01,0x55,0x79,0x55,0xd0,0x02,0xff,
0xff,0xff,0xd0,0x03,0x80,0x38,0x00,0x00,0x03,0x40,0x38,0x00,0x00,0x07,0xff,0xff,0xff,0xf0,0x01,0x56,
0xf9,0x55,0xb0,0x00,0x07,0xb8,0x00,0xa0,0x00,0x1e,0x38,0x00,0xe0,0x01,0xb4,0x38,0x15,0xd0,0x1b,0x90,
0x38,0x3f,0x80,0x09,0x00,0x24,0x00,0x00,0x01,0x80,0x01,0x80,0x00,0x02,0xc0,0x02,0xc0,0x00,0x07,0xff,
0xe3,0xd5,0x54,0x0b,0x79,0x57,0xff,0xf8,0x2d,0x1c,0x1e,0x1d,0x00,0x28,0x0d,0x18,0x0b,0x00,0x00,0x00,
0x7c,0x01,0x00,0x00,0x01,0xef,0x40,0x00,0x00,0x0b,0x82,0xe0,0x00,0x00,0x7d,0x00,0x7e,0x40,0x06,0xef,
0xff,0xfb,0xe4,0x3e,0x45,0x55,0x50,0x7c,0x14,0x00,0x00,0x00,0x00,0x00,0xbf,0xff,0xff,0x00,0x00,0xa5,
0x55,0x5b,0x00,0x00,0xa0,0x00,0x0b,0x00,0x00,0xa0,0x00,0x0b,0x00,0x00,0xa5,0x55,0x5b,0x00,0x00,0xbf,
0xff,0xff,0x00,0x00,0xa0,0x00,0x06,0x00,0x00,0x90,0x01,0x80,0x00,0x02,0xc0,0x02,0xc0,0x00,0x03,0xff,
0xe7,0xff,0xfc,0x0b,0x2d,0x1f,0x1e,0x00,0x2d,0x0e,0x1d,0x07,0x00,0x14,0x04,0x00,0x01,0x00,0x00,0x29,
0xff,0xff,0xfc,0x0d,0x28,0x55,0xb5,0x54,0x0d,0x28,0x00,0x70,0x00,0x0d,0x28,0x7f,0xff,0xf0,0x0d,0x28,
0x75,0xb5,0xb0,0x0d,0x28,0x70,0x70,0x70,0x0d,0x38,0x70,0x70,0x70,0x09,0x34,0x70,0x70,0x70,0x00,0x74,
0x70,0x70,0x70,0x00,0xb0,0x70,0x70,0x70,0x00,0xe0,0x70,0x71,0xb0,0x02,0xc0,0x70,0x73,0xe0,0x0b,0x40,
0x00,0x70,0x00,0x05,0x00,0x00,0x60,0x00,0x01,0x80,0x02,0x40,0x00,0x03,0x80,0x07,0x40,0x00,0x07,0xff,
0xeb,0xff,0xf8,0x0a,0x79,0x6d,0x6d,0x54,0x1d,0x2c,0x28,0x0e,0x00,0x38,0x1c,0x3c,0x07,0x00,0x10,0x01,
0xfe,0x00,0x00,0x00,0x07,0x82,0xd0,0x00,0x00,0x6e,0x00,0xb9,0x00,0x06,0xf9,0x55,0x5b,0x90,0x3e,0x4f,
0xff,0xf1,0xbc,0x14,0x00,0x00,0x00,0x04,0x00,0x80,0x70,0x03,0x40,0x00,0xe0,0x38,0x0b,0x00,0x00,0x70,
0x1c,0x0d,0x00,0x00,0x38,0x0d,0x2c,0x00,0x00,0x14,0x04,0x74,0x00,0x15,0x55,0x55,0xf5,0x54,0x2f,0xff,
0xff,0xff,0xf8,0x01,0x40,0x01,0x40,0x00,0x03,0x80,0x03,0x80,0x00,0x0b,0xff,0xeb,0xff,0xf8,0x1e,0x79,
0x6d,0x6d,0x54,0x38,0x28,0x28,0x0a,0x00,0x01,0xff,0xff,0xff,0x80,0x01,0xc0,0x00,0x02,0x80,0x01,0xff,
0xff,0xff,0x80,0x01,0xc0,0x00,0x02,0x80,0x01,0xc0,0x00,0x02,0x80,0x01,0xff,0xff,0xff,0x80,0x01,0xc0,
0x00,0x02,0x80,0x01,0xff,0xff,0xff,0x80,0x00,0x0a,0x00,0x74,0x00,0x15,0x5e,0x55,0x79,0x54,0x3f,0xff,
0xff,0xff,0xfc,0x00,0x2d,0x00,0x74,0x00,0x01,0xb4,0x00,0x74,0x00,0x1f,0x90,0x00,0x74,0x00,0x09,0x00,
0x00,0x24,0x00,0x00,0x00,0x24,0x00,0x00,0x01,0x00,0x28,0x00,0x40,0x07,0x40,0x28,0x01,0xe0,0x03,0xc0,
0x28,0x02,0xc0,0x01,0xe0,0x28,0x07,0x40,0x00,0xb0,0x28,0x0f,0x00,0x00,0x74,0x28,0x1d,0x00,0x00,0x00,
0x28,0x04,0x00,0x15,0x55,0x7d,0x55,0x54,0x3f,0xff,0xff,0xff,0xf8,0x00,0x01,0xff,0x40,0x00,0x00,0x03,
0xaa,0xc0,0x00,0x00,0x0b,0x28,0xe0,0x00,0x00,0x2d,0x28,0x78,0x00,0x00,0xb4,0x28,0x1e,0x00,0x02,0xe0,
0x28,0x07,0x80,0x1b,0x80,0x28,0x01,0xf4,0x3d,0x00,0x28,0x00,0x7c,0x14,0x00,0x28,0x00,0x04,0x00,0x00,
0x28,0x00,0x00,0x00,0x00,0x14,0x00,0x00,0x00,0xd0,0x28,0x0b,0x40,0x00,0xb4,0x28,0x1e,0x00,0x00,0x38,
0x28,0x28,0x00,0x15,0x69,0x79,0x55,0x54,0x2f,0xff,0xff,0xff,0xf8,0x00,0x02,0xff,0x80,0x00,0x00,0x0b,
0x69,0xf8,0x00,0x00,0xb9,0x28,0x1f,0x40,0x1b,0xd0,0x28,0x02,0xf4,0x19,0x00,0x14,0x00,0x20,0x00,0x00,
0x38,0x00,0x00,0x15,0x55,0x79,0x55,0x54,0x2f,0xff,0xff,0xff,0xf8,0x00,0x00,0xeb,0x00,0x00,0x00,0x02,
0xd3,0x80,0x00,0x00,0x1f,0x41,0xf4,0x00,0x05,0xfd,0x00,0x7f,0x50,0x3f,0xd0,0x00,0x07,0xfc,0x14,0x00,
0x00,0x00,0x54,0x00,0x90,0x00,0x01,0x00,0x00,0xd1,0x02,0x8b,0x00,0x34,0xd3,0x43,0x47,0x00,0x28,0xd7,
0x07,0x03,0x40,0x1c,0xda,0x0a,0x02,0xc0,0x0c,0xdd,0x0d,0x01,0xd0,0x04,0xd4,0x2c,0x00,0xb0,0x15,0xe5,
0xb4,0x00,0x78,0x3f,0xff,0xb5,0x55,0x6c,0x02,0xd0,0x6f,0xff,0xe0,0x03,0xe0,0x01,0xc0,0xd0,0x07,0xf8,
0x02,0x80,0xd0,0x0a,0xed,0x02,0x80,0xd0,0x1d,0xd7,0x03,0x40,0xd0,0x38,0xd1,0x07,0x01,0xd0,0x70,0xd0,
0x0e,0x01,0xc0,0x10,0xd0,0x2d,0x02,0xc0,0x00,0xd0,0x78,0x02,0x80,0x00,0xd1,0xe0,0x7f,0x40,0x00,0x90,
0x40,0x15,0x00,0x00,0x00,0xa0,0x00,0x00,0x00,0x01,0xd0,0x00,0x00,0x03,0xff,0xff,0xff,0xc0,0x03,0x49,
0x14,0x61,0xc0,0x03,0x43,0x69,0x81,0xc0,0x03,0x7f,0xff,0xf9,0xc0,0x03,0x41,0xb9,0x41,0xc0,0x03,0x5b,
0x69,0xa5,0xc0,0x03,0x54,0x14,0x11,0xc0,0x03,0xff,0xff,0xff,0xc0,0x00,0x00,0x00,0x00,0x00,0x05,0x55,
0x55,0x55,0x50,0x3f,0xff,0xff,0xff,0xf8,0x00,0x34,0x00,0x00,0x00,0x00,0x74,0x00,0x00,0x00,0x00,0xff,
0xff,0xff,0x80,0x00,0x00,0x00,0x07,0x40,0x00,0x00,0x00,0x0b,0x00,0x00,0x00,0x07,0xfd,0x00,0x00,0x00,
0x01,0x50,0x00,0x00,0x00,0x10,0x00,0x00,0x3f,0xf0,0x34,0x2f,0xf8,0x15,0xb6,0x34,0xd5,0x68,0x00,0x77,
0x35,0xc0,0x28,0x00,0x73,0x76,0x80,0x28,0x15,0xb2,0x76,0x45,0x68,0x2f,0xf1,0x76,0x1f,0xf8,0x24,0x00,
0x34,0x1c,0x00,0x24,0x0b,0xff,0xdc,0x00,0x34,0x05,0xbd,0x68,0x00,0x35,0x50,0xbd,0x2f,0xf8,0x15,0xb0,
0xfb,0x15,0x68,0x00,0x72,0xb6,0x80,0x28,0x00,0xb3,0x75,0xc0,0x28,0x00,0xaa,0x34,0x80,0x38,0x00,0xbd,
0x34,0x00,0x34,0x00,0xa4,0x34,0x00,0x34,0x00,0xe0,0x34,0x00,0x74,0x2f,0xd0,0x34,0x0f,0xf0,0x05,0x00,
0x10,0x05,0x40,0x00,0x24,0x00,0x00,0xa0,0x00,0x74,0x01,0x00,0xe0,0x00,0xe0,0x0a,0x00,0xe0,0x02,0xd0,
0x0a,0x00,0xe0,0x07,0x82,0x0a,0x00,0xe0,0x0a,0x07,0x4a,0x00,0xe0,0x2e,0xae,0x0a,0x00,0xe0,0x3f,0xbc,
0x0a,0x00,0xe0,0x00,0xb4,0x0a,0x00,0xe0,0x02,0xd0,0x0a,0x00,0xe0,0x0b,0x45,0x4a,0x00,0xe0,0x2f,0xff,
0x4a,0x05,0xe0,0x2a,0x50,0x0f,0xbf,0xe0,0x00,0x00,0x2f,0x94,0xe0,0x00,0x05,0x54,0x00,0xe0,0x1a,0xff,
0x40,0x00,0xe0,0x3e,0x90,0x00,0x00,0xe0,0x10,0x00,0x00,0x00,0xe0,0x00,0x00,0x00,0x00,0x50,0x00,0x00,
0x04,0x00,0x00,0x00,0xe0,0x2c,0x0b,0x00,0x01,0xd0,0x2c,0x0b,0x00,0x02,0xc0,0x2c,0x0b,0x00,0x07,0x40,
0x2c,0x0b,0x00,0x0a,0x0d,0x2c,0x0b,0x00,0x1d,0x2c,0x28,0x0a,0x00,0x3e,0xf4,0x28,0x0b,0x00,0x2a,0xe0,
0x38,0x0f,0x00,0x02,0xc0,0x38,0x0f,0x00,0x07,0x40,0x3c,0x0f,0x40,0x0e,0x68,0x7e,0x1f,0x80,0x3f,0xe4,
0xb7,0x6e,0x80,0x25,0x00,0xe2,0xb9,0xc0,0x00,0x04,0xd1,0x74,0xd0,0x01,0xbe,0xc0,0xb0,0xb0,0x2f,0x97,
0x81,0xd0,0x78,0x24,0x0b,0x07,0xc0,0x2c,0x00,0x06,0x02,0x40,0x04,0x00,0x50,0x01,0x80,0x00,0x00,0xb0,
0x01,0xdb,0x40,0x00,0xe0,0x01,0xd1,0xe0,0x02,0xc0,0x01,0xd0,0x40,0x03,0x80,0x01,0xea,0xf0,0x07,0x0a,
0x6f,0xfe,0x90,0x0d,0x1d,0x29,0xd0,0x00,0x2e,0xb8,0x00,0xd0,0x00,0x2a,0xb4,0x00,0xe6,0xb8,0x00,0xe0,
0x1a,0xff,0xa4,0x02,0x80,0xbe,0xf0,0x00,0x0b,0x59,0x00,0xb0,0x38,0x2f,0xfd,0x00,0x70,0xb0,0x2a,0x40,
0x00,0x36,0xd0,0x00,0x00,0x00,0x3f,0x40,0x00,0x1a,0x00,0x7d,0x00,0x1b,0xf9,0x06,0xed,0x0c,0x2e,0x40,
0x6f,0x4b,0x5c,0x00,0x00,0xe4,0x02,0xf8,0x00,0x00,0x00,0x00,0x50,0x00,0x40,0x00,0x00,0x00,0x00,0xb0,
0x55,0x55,0x40,0x01,0xd0,0xbf,0xff,0xe0,0x02,0xc0,0x00,0x03,0xc0,0x03,0x40,0x00,0x0b,0x40,0x0b,0x0a,
0x00,0x2d,0x00,0x1d,0x1e,0x01,0xf8,0x00,0x3e,0xbc,0x0b,0xef,0x80,0x3a,0xf4,0xbe,0x02,0xf8,0x01,0xe2,
0xe0,0x00,0x2c,0x03,0x80,0x00,0x00,0x00,0x0b,0x59,0x7f,0xff,0xf4,0x3f,0xf9,0x15,0xb5,0x50,0x39,0x40,
0x00,0x70,0x00,0x00,0x00,0x00,0x70,0x00,0x00,0x19,0x00,0x70,0x00,0x1b,0xfd,0x00,0x70,0x00,0x3e,0x41,
0x55,0xb5,0x54,0x10,0x02,0xff,0xff,0xfd,0x00,0x40,0x00,0x24,0x00,0x00,0xe0,0x00,0x74,0x00,0x01,0xd0,
0x00,0x74,0x00,0x03,0x80,0xff,0xff,0xfc,0x07,0x40,0x55,0xb9,0x54,0x0e,0x0a,0x00,0x74,0x00,0x2d,0x1d,
0x00,0x74,0x00,0x7e,0xf8,0x00,0x74,0x00,0x3a,0xf4,0x7f,0xff,0xf8,0x01,0xe0,0x15,0x55,0x54,0x03,0x80,
0x00,0x00,0x00,0x0b,0x05,0x15,0x55,0x50,0x2f,0xbf,0x2f,0xff,0xf0,0x3f,0x94,0x28,0x00,0x70,0x10,0x00,
0x28,0x00,0x70,0x00,0x01,0x28,0x00,0x70,0x05,0xbf,0x28,0x00,0x70,0x7f,0xe9,0x29,0x55,0xb0,0x25,0x00,
0x2f,0xff,0xf0,0x00,0x00,0x28,0x00,0x60,0x0b,0xff,0xff,0xff,0xe0,0x0a,0x57,0x56,0xd5,0xa0,0x0a,0x07,
0x41,0xc0,0xa0,0x0a,0x07,0x41,0xc0,0xa0,0x0a,0x57,0x56,0xd5,0xa0,0x0b,0xff,0xff,0xff,0xe0,0x00,0x02,
0x80,0x00,0x00,0x00,0x0b,0x40,0x00,0x00,0x00,0x2f,0xff,0xff,0x80,0x01,0xb5,0x55,0x5b,0x40,0x0b,0xd0,
0x00,0x0f,0x00,0x0a,0x0b,0x40,0x2d,0x00,0x00,0x02,0xd0,0xb8,0x00,0x00,0x00,0xb6,0xe0,0x00,0x00,0x00,
0x3f,0x40,0x00,0x00,0x01,0xf9,0x00,0x00,0x01,0x6f,0x90,0x00,0x00,0x1f,0xf9,0x00,0x00,0x00,0x05,0x00,
0x00,0x00,0x00,0x0b,0xff,0xff,0xff,0xf0,0x0a,0x03,0x41,0xc0,0xb0,0x0a,0x03,0x41,0xc0,0xb0,0x0b,0xff,
0xff,0xff,0xf0,0x00,0x00,0x38,0x00,0x00,0x05,0x55,0x79,0x55,0x50,0x2f,0xff,0xff,0xff,0xf4,0x00,0x00,
0x70,0x00,0x00,0x01,0xff,0xff,0xff,0x00,0x01,0xd0,0x00,0x07,0x00,0x01,0xff,0xff,0xff,0x00,0x01,0xd0,
0x00,0x07,0x00,0x01,0xff,0xff,0xff,0x00,0x01,0xd0,0x00,0x07,0x00,0x01,0xd0,0x00,0x07,0x00,0x01,0xff,
0xff,0xff,0x00,0x01,0xd0,0x00,0x07,0x40,0x3f,0xff,0xff,0xff,0xfc,0x00,0x10,0x00,0x09,0x00,0x00,0x38,
0x00,0x1d,0x00,0x00,0x1d,0x00,0x2c,0x00,0x00,0x0d,0x00,0x74,0x00,0x0f,0xff,0xff,0xff,0xf0,0x05,0x55,
0x7d,0x55,0x50,0x00,0x00,0x28,0x00,0x00,0x00,0x00,0x28,0x00,0x00,0x01,0x55,0x7d,0x55,0x40,0x03,0xff,
0xff,0xff,0x80,0x00,0x00,0x28,0x00,0x00,0x00,0x00,0x28,0x00,0x00,0x00,0x00,0x28,0x00,0x00,0x3f,0xff,
0xff,0xff,0xfc,0x15,0x55,0x7d,0x55,0x54,0x00,0x00,0x28,0x00,0x00,0x00,0x00,0x28,0x00,0x00,0x00,0x00,
0x28,0x00,0x00,0x00,0x00,0x28,0x00,0x00,0x00,0x00,0x24,0x00,0x00,0x3f,0xff,0xf8,0x00,0x00,0x07,0x00,
0xd7,0xff,0xf4,0x07,0x00,0xd1,0x55,0xb0,0x07,0xff,0xd2,0x81,0xd0,0x07,0x00,0xd2,0xf7,0x80,0x07,0xff,
0xd0,0x6f,0x40,0x07,0x00,0xd0,0x7f,0xd0,0x1b,0xab,0xfb,0xe0,0xb4,0x2a,0x54,0xd6,0x40,0x10,0x00,0x01,
0x56,0xaf,0x80,0x0b,0xff,0xfe,0x94,0x00,0x01,0x40,0x28,0x01,0xa0,0x00,0x6f,0xad,0x0b,0x80,0x2f,0xe4,
0x2f,0xb9,0x00,0x05,0x01,0xa9,0xf4,0x00,0x00,0x6f,0x68,0x6e,0x40,0x1b,0xe4,0x28,0x06,0xf9,0x29,0x00,
0x28,0x00,0x68,0x00,0x00,0x28,0x00,0x00,0x00,0x00,0x18,0x00,0x00,0x00,0x00,0x2c,0x00,0x00,0x00,0x00,
0x2c,0x00,0x00,0x05,0x55,0x7d,0x55,0x50,0x0f,0xff,0xff,0xff,0xf0,0x0d,0x00,0x74,0x00,0x70,0x0d,0x00,
0xbd,0x00,0x70,0x0d,0x01,0xdb,0x80,0x70,0x0d,0x07,0x81,0xf4,0x70,0x0d,0x6e,0x14,0x2d,0x70,0x0d,0x64,
0x38,0x04,0x70,0x0d,0x00,0x74,0x00,0x70,0x0d,0x00,0xbd,0x00,0x70,0x0d,0x01,0xdb,0x80,0x70,0x0d,0x07,
0x81,0xe0,0x70,0x0d,0x7e,0x00,0x7c,0x70,0x0d,0x64,0x00,0x18,0x70,0x0d,0x00,0x00,0x00,0x70,0x0d,0x00,
0x00,0x2f,0xf0,0x09,0x00,0x00,0x1a,0x40,0x0f,0xfc,0x55,0x55,0x40,0x0e,0x6c,0xbf,0xff,0xd0,0x0d,0x1c,
0x00,0x0b,0x40,0x0d,0x1c,0x00,0x7d,0x00,0x0d,0x1c,0x02,0xe0,0x00,0x0f,0xfc,0x1f,0x40,0x00,0x0e,0x6c,
0xbf,0xff,0xf8,0x0d,0x1c,0x56,0x9b,0x68,0x0d,0x1c,0x03,0x4a,0x28,0x0d,0x1c,0x0b,0x0d,0x28,0x0f,0xfc,
0x0d,0x1c,0x38,0x1d,0x6c,0x2c,0x38,0x34,0x1c,0x1d,0xb4,0x70,0x34,0x1c,0x1d,0x90,0xe0,0x74,0x28,0x1c,
0x02,0x80,0x70,0x28,0x1c,0x0b,0x00,0xb0,0x34,0x1c,0x2d,0x00,0xe0,0x70,0xfc,0xb4,0x1f,0xd0,0x10,0x50,
0x10,0x05,0x00,0x00,0x00,0x08,0x00,0x00,0x0f,0xfc,0x1c,0x00,0x00,0x0e,0x6c,0x28,0x00,0x00,0x0d,0x1c,
0x7f,0xff,0xfc,0x0d,0x1c,0xb5,0x55,0x6c,0x0d,0x1d,0xd0,0x00,0x1c,0x0f,0xff,0xd4,0x24,0x1c,0x0e,0x6e,
0x5d,0x36,0x5c,0x0d,0x1c,0x97,0x62,0x5c,0x0d,0x1c,0x92,0xd2,0x5c,0x0d,0x1c,0x91,0xd2,0x5c,0x0f,0xfc,
0x93,0xb2,0x5c,0x0d,0x6c,0x9a,0x2a,0x5c,0x1c,0x1c,0xac,0x1e,0x5c,0x1c,0x1c,0x90,0x02,0x6c,0x28,0x1c,
0xbf,0xff,0x6c,0x28,0x1c,0x55,0x55,0x28,0x34,0x1c,0x00,0x00,0x38,0x71,0xf8,0x00,0x0f,0xf4,0x00,0x50,
0x00,0x05,0x40,0x00,0x00,0x06,0x02,0x40,0x0f,0xfd,0x07,0x03,0x40,0x0e,0x5d,0x07,0x03,0x40,0x0d,0x0d,
0xbf,0xff,0xf8,0x0d,0x0d,0x5b,0x57,0x94,0x0d,0x0d,0x07,0x03,0x40,0x0f,0xfd,0x07,0x03,0x40,0x0e,0x5d,
0xff,0xff,0xfd,0x0d,0x0d,0x55,0x55,0x54,0x0d,0x0d,0x00,0x00,0x00,0x0d,0x0d,0x2f,0xff,0xe0,0x0f,0xfd,
0x2d,0x55,0xa0,0x0e,0x5d,0x2c,0x00,0xa0,0x0d,0x0d,0x2d,0x55,0xa0,0x1c,0x0d,0x2f,0xff,0xe0,0x1c,0x0d,
0x2c,0x00,0xa0,0x28,0x0d,0x2c,0x00,0xa0,0x34,0x0d,0x2d,0x55,0xa0,0x31,0xfc,0x2f,0xff,0xe0,0x10,0x50,
0x18,0x00,0xa0,0x00,0x00,0x18,0x00,0x00,0x00,0x00,0x1d,0x00,0x00,0x0b,0xff,0xff,0xff,0xfc,0x0b,0x55,
0x95,0x56,0x54,0x0b,0x02,0xc0,0x03,0x40,0x0b,0x07,0x6f,0xff,0xf8,0x0b,0x2f,0x04,0x03,0x40,0x0b,0x7b,
0x0b,0x43,0x40,0x0b,0x07,0x01,0x83,0x40,0x0b,0x07,0x00,0x3f,0x00,0x0b,0x05,0x03,0x40,0x00,0x0a,0x2f,
0xff,0xff,0xe0,0x0a,0x28,0x0e,0x00,0xa0,0x0a,0x28,0x2f,0xd0,0xa0,0x0d,0x29,0xb4,0xb9,0xa0,0x1d,0x2a,
0x87,0x09,0xa0,0x1c,0x28,0x1e,0x90,0xa0,0x28,0x2a,0xe0,0x18,0xa0,0x34,0x28,0x00,0x0f,0xe0,0x10,0x10,
0x00,0x00,0x00,0x00,0x00,0x24,0x00,0x00,0x00,0x00,0x74,0x00,0x00,0x00,0x00,0xb0,0x00,0x00,0x02,0xff,
0xff,0xff,0xc0,0x02,0xd5,0x55,0x56,0xc0,0x02,0x80,0x00,0x02,0xc0,0x02,0x80,0x00,0x02,0xc0,0x02,0x80,
0x00,0x02,0xc0,0x02,0xff,0xff,0xff,0xc0,0x02,0xd5,0x55,0x56,0xc0,0x02,0x80,0x00,0x02,0xc0,0x02,0x80,
0x00,0x02,0xc0,0x02,0xd5,0x55,0x56,0xc0,0x02,0xff,0xff,0xff,0xc0,0x02,0x80,0x00,0x02,0xc0,0x02,0x80,
0x00,0x02,0xc0,0x02,0x80,0x00,0x02,0xc0,0x02,0xff,0xff,0xff,0xc0,0x02,0xd5,0x55,0x56,0xc0,0x01,0x80,
0x00,0x01,0x80,0x00,0x18,0x00,0x60,0x00,0x00,0x1d,0x00,0x74,0x00,0x2f,0xff,0xff,0xff,0xf8,0x15,0x6e,
0x55,0xb5,0x54,0x00,0x1d,0x00,0x74,0x00,0x00,0xad,0x00,0x74,0x00,0x00,0xd0,0x00,0x00,0x00,0x00,0xd0,
0x01,0x55,0x50,0x3f,0xff,0xe3,0xff,0xf0,0x15,0xe5,0xe3,0x80,0x70,0x01,0xd0,0xa3,0x80,0x70,0x01,0xc0,
0xa3,0x80,0x70,0x02,0xc0,0xe3,0x80,0x70,0x02,0x80,0xe3,0x80,0x70,0x03,0x40,0xd3,0x80,0x70,0x07,0x40,
0xd3,0x80,0x70,0x0e,0x01,0xd3,0x95,0xb0,0x2d,0x01,0xc3,0xff,0xf0,0x38,0x3f,0x83,0x80,0x70,0x10,0x15,
0x01,0x40,0x10,0x00,0x09,0x00,0x60,0x00,0x00,0x0d,0x00,0x70,0x00,0x2f,0xff,0xff,0xff,0xfc,0x15,0x5e,
0x55,0xb5,0x54,0x00,0x0d,0x00,0x61,0x00,0x00,0x15,0x5a,0xbf,0xc0,0x0f,0xff,0xfe,0xa5,0x00,0x05,0x40,
0x50,0x00,0x90,0x03,0x40,0x74,0x02,0xc0,0x02,0xc0,0x38,0x03,0x40,0x00,0xe0,0x14,0x0a,0x00,0x00,0x40,
0x28,0x05,0x00,0x15,0x55,0x79,0x55,0x54,0x3f,0xff,0xff,0xff,0xfc,0x00,0x02,0xff,0x80,0x00,0x00,0x1f,
0x69,0xe4,0x00,0x01,0xb8,0x28,0x2e,0x00,0x1b,0xd0,0x28,0x07,0xe4,0x3e,0x00,0x28,0x00,0x78,0x00,0x00,
0x28,0x00,0x00,0x00,0x09,0x00,0x60,0x00,0x00,0x0d,0x00,0x74,0x00,0x3f,0xff,0xff,0xff,0xfc,0x15,0x5e,
0x55,0xb5,0x54,0x00,0x09,0x00,0x70,0x00,0x05,0x54,0x00,0xa0,0x00,0x0f,0xfc,0x55,0x75,0x50,0x0d,0x28,
0xff,0xff,0xf4,0x0d,0x34,0x09,0x02,0x80,0x0d,0x70,0x0b,0x07,0x40,0x0d,0xa0,0x57,0x5b,0x54,0x0d,0x34,
0xff,0xff,0xfc,0x0d,0x1c,0xd0,0x00,0x00,0x0d,0x1d,0xd0,0x00,0x00,0x0d,0x1d,0xd0,0x00,0x00,0x0d,0xf9,
0xd0,0x00,0x00,0x0d,0x42,0xc0,0x00,0x00,0x0d,0x03,0x80,0x00,0x00,0x0d,0x0b,0x00,0x00,0x00,0x08,0x01,
0x00,0x00,0x00,0x00,0x08,0x00,0x60,0x00,0x00,0x1d,0x00,0x70,0x00,0x3f,0xff,0xff,0xff,0xfc,0x15,0x6d,
0x55,0xb5,0x54,0x00,0x19,0x00,0x60,0x00,0x15,0x55,0x00,0xa0,0x00,0x2f,0xff,0x55,0x75,0x54,0x00,0x1d,
0x7f,0xff,0xfc,0x00,0x38,0x07,0x82,0x40,0x08,0x70,0x1e,0x01,0xd0,0x0c,0x70,0x3f,0xff,0xf4,0x0c,0x7f,
0x55,0x50,0x24,0x0c,0x75,0x1c,0x61,0xc0,0x0c,0x70,0x1c,0x71,0xc0,0x0c,0x70,0x1c,0x71,0xc0,0x0c,0x71,
0x5c,0x71,0xc0,0x0d,0xbf,0x68,0x71,0xc9,0x3f,0xe4,0xb0,0x71,0xc9,0x24,0x02,0xd0,0x60,0xfc,0x00,0x00,
0x00,0x00,0x00,0x01,0x40,0x04,0x00,0x00,0x01,0x80,0x0a,0x55,0x54,0x01,0x80,0x0a,0xbf,0xfc,0x01,0x80,
0xda,0x03,0x40,0x2f,0xfc,0xda,0x03,0x40,0x2a,0x9c,0xda,0x17,0x54,0x25,0x8c,0xda,0x7f,0xf8,0x25,0x8c,
0xda,0x63,0x58,0x25,0x8c,0xda,0x63,0x58,0x25,0x8c,0xda,0x63,0x58,0x2a,0x9c,0xd9,0x63,0x58,0x2f,0xfc,
0x89,0x63,0x58,0x25,0x80,0x0d,0x63,0x58,0x01,0x98,0x0d,0x63,0x58,0x01,0x9c,0x1c,0x63,0x58,0x01,0x9d,
0x28,0x63,0xb8,0x1a,0xfe,0x34,0x13,0x40,0x7e,0x46,0xa0,0x03,0x40,0x00,0x01,0xc0,0x03,0x40,0x00,0x00,
0x40,0x02,0x00,0x00,0x80,0x00,0x00,0x00,0x00,0xc0,0x7f,0xff,0xf4,0x00,0xc0,0x70,0x70,0x74,0x00,0xc0,
0x60,0x70,0x74,0x2f,0xfd,0x7f,0xff,0xf4,0x29,0xd9,0x60,0x70,0x74,0x28,0xc9,0x60,0x70,0x74,0x28,0xc9,
0x7f,0xff,0xf4,0x28,0xc9,0x07,0x81,0x00,0x28,0xc9,0x1e,0x0b,0x40,0x29,0xd9,0x7f,0xfd,0x00,0x2f,0xfd,
0x16,0xe1,0xc0,0x28,0xc0,0x0b,0x40,0xa0,0x00,0xd8,0xbf,0xff,0xf4,0x00,0xc9,0xa5,0x74,0x1c,0x00,0xda,
0x08,0x35,0x80,0x1a,0xff,0x28,0x34,0xe0,0x3e,0x93,0xb0,0x34,0x74,0x00,0x01,0xd7,0xf0,0x14,0x00,0x00,
0x01,0x40,0x00,0x15,0x55,0x55,0x55,0x54,0x2f,0xff,0xff,0xff,0xf8,0x00,0x03,0x42,0x80,0x00,0x00,0x03,
0x42,0x80,0x00,0x00,0x03,0x42,0x80,0x00,0x05,0x57,0x96,0xd5,0x50,0x0b,0xff,0xff,0xff,0xf0,0x0a,0x03,
0x42,0x80,0xb0,0x0a,0x07,0x42,0x80,0xb0,0x0a,0x0b,0x02,0x80,0xb0,0x0a,0x2d,0x02,0xd5,0xb0,0x0a,0xb4,
0x01,0xff,0xf0,0x0a,0x90,0x00,0x00,0xb0,0x0a,0x00,0x00,0x00,0xb0,0x0a,0x00,0x00,0x00,0xb0,0x0a,0x00,
0x00,0x00,0xb0,0x0b,0xff,0xff,0xff,0xf0,0x0b,0x55,0x55,0x55,0xb0,0x05,0x00,0x00,0x00,0x60,0x00,0x00,
0x50,0x01,0x00,0x02,0xc0,0x74,0x03,0x80,0x00,0xe0,0x28,0x0b,0x00,0x00,0x74,0x18,0x1d,0x00,0x1f,0xff,
0xff,0xff,0xf4,0x1d,0x55,0x55,0x55,0x74,0x1d,0x00,0x00,0x00,0x34,0x1d,0x55,0x55,0x55,0x34,0x00,0xff,
0xff,0xff,0x00,0x00,0xe0,0x00,0x0b,0x00,0x00,0xe0,0x38,0x0b,0x00,0x00,0xe0,0x38,0x0b,0x00,0x00,0xe0,
0x38,0x0b,0x00,0x00,0xe0,0x39,0x0b,0x00,0x00,0xa0,0x77,0x4b,0x00,0x00,0x01,0xe3,0x40,0x00,0x00,0x07,
0x83,0x40,0x18,0x00,0x7e,0x03,0x40,0x28,0x1b,0xe4,0x03,0xff,0xf4,0x09,0x00,0x00,0x55,0x50,0x00,0x00,
0x00,0x60,0x00,0x02,0x80,0x00,0xb0,0x00,0x01,0xe0,0x00,0xb0,0x00,0x00,0x78,0x00,0xb0,0x00,0x00,0x24,
0x00,0xb0,0x00,0x00,0x00,0x00,0xa0,0x00,0x00,0x00,0x00,0xa0,0x00,0x3f,0xe0,0x00,0xf0,0x00,0x15,0xe0,
0x00,0xf0,0x00,0x00,0xa0,0x00,0xf4,0x00,0x00,0xa0,0x00,0xf8,0x00,0x00,0xa0,0x01,0xe8,0x00,0x00,0xa0,
0x02,0xdc,0x00,0x00,0xa0,0x03,0x8e,0x00,0x00,0xa2,0x47,0x4b,0x00,0x00,0xbf,0x4f,0x03,0x80,0x00,0xf8,
0x2d,0x02,0xd0,0x02,0xe0,0x78,0x00,0xb4,0x01,0x41,0xe0,0x00,0x3c,0x00,0x00,0x40,0x00,0x04,0x00,0x00,
0x00,0x40,0x00,0x03,0x40,0x01,0xd0,0x00,0x02,0xd0,0x01,0xd0,0x00,0x00,0xb4,0x01,0xd0,0x00,0x00,0x24,
0x01,0xd0,0x00,0x00,0x00,0x01,0xd0,0x00,0x00,0x00,0x01,0xd0,0x00,0x3f,0xd0,0x01,0xe5,0x50,0x15,0xd0,
0x01,0xff,0xe0,0x00,0xd0,0x01,0xd0,0x00,0x00,0xd0,0x01,0xd0,0x00,0x00,0xd0,0x01,0xd0,0x00,0x00,0xd0,
0x01,0xd0,0x00,0x00,0xd0,0x01,0xd0,0x00,0x00,0xd2,0x01,0xd0,0x00,0x00,0xef,0x01,0xd0,0x00,0x00,0xf8,
0x01,0xd0,0x00,0x02,0xe1,0x56,0xe5,0x54,0x02,0x43,0xff,0xff,0xfc,0x00,0x00,0x00,0x00,0x00,0x00,0x00,
0x00,0x00,0x00,0x07,0x40,0x1f,0xff,0x40,0x02,0xd0,0x1e,0x5b,0x40,0x00,0xb4,0x1d,0x07,0x40,0x00,0x20,
0x1c,0x07,0x40,0x00,0x00,0x2c,0x07,0x40,0x00,0x00,0x78,0x07,0x54,0x3f,0xc1,0xe0,0x02,0xfc,0x16,0xc2,
0x80,0x00,0x00,0x01,0xc0,0x55,0x55,0x50,0x01,0xc1,0xff,0xff,0xe0,0x01,0xc0,0x70,0x01,0xd0,0x01,0xc0,
0x28,0x02,0xc0,0x01,0xc0,0x1d,0x07,0x40,0x01,0xc1,0x0b,0x5e,0x00,0x01,0xde,0x02,0xf8,0x00,0x01,0xf8,
0x06,0xf8,0x00,0x03,0xd0,0x6f,0x5f,0x90,0x03,0x43,0xf8,0x02,0xfc,0x00,0x01,0x40,0x00,0x14,0x00,0x00,
0x00,0x00,0x40,0x0a,0x00,0x01,0x6b,0xe0,0x07,0x81,0xbf,0xfa,0x40,0x02,0xd1,0x95,0xb0,0x00,0x00,0x90,
0x00,0xb0,0x00,0x00,0x00,0x00,0xb0,0x00,0x00,0x00,0x00,0xb0,0x00,0x3f,0xc2,0xff,0xff,0xfd,0x16,0xc1,
0x55,0xb5,0x54,0x01,0xc0,0x00,0xb0,0x00,0x01,0xc0,0x00,0xb0,0x00,0x01,0xc0,0x00,0xb0,0x00,0x01,0xc0,
0xbf,0xff,0xf0,0x01,0xc0,0xb5,0x55,0xb0,0x01,0xc5,0xa0,0x00,0xb0,0x01,0xee,0xa0,0x00,0xb0,0x01,0xf8,
0xa0,0x00,0xb0,0x03,0xd0,0xb5,0x55,0xb0,0x03,0x40,0xbf,0xff,0xf0,0x00,0x00,0xa0,0x00,0x60,0x00,0x00,
0x10,0x01,0x40,0x07,0x00,0x74,0x03,0x80,0x07,0xc0,0x2c,0x07,0x40,0x01,0xe0,0x0d,0x0b,0x00,0x00,0x70,
0x59,0x5e,0x40,0x00,0x01,0xff,0xff,0xd0,0x00,0x01,0xc0,0x00,0xd0,0x3f,0xd1,0xc0,0x00,0xd0,0x16,0xd1,
0xc0,0x00,0xd0,0x01,0xd1,0xc0,0x00,0xd0,0x01,0xd1,0xff,0xff,0xd0,0x01,0xd0,0x5e,0x6d,0x40,0x01,0xd0,
0x0e,0x1c,0x00,0x01,0xd0,0x0d,0x1c,0x00,0x01,0xd6,0x1d,0x1c,0x00,0x01,0xfe,0x2c,0x1c,0x04,0x02,0xf4,
0x74,0x1c,0x1c,0x07,0xd1,0xe0,0x1c,0x1c,0x02,0x0b,0x80,0x1f,0xf8,0x00,0x05,0x00,0x05,0x50,0x00,0x00,
0x20,0x02,0x00,0x09,0x00,0x38,0x07,0x00,0x0b,0x40,0x1c,0x0d,0x00,0x02,0xd7,0xff,0xff,0xf4,0x00,0xd1,
0x5e,0x6d,0x50,0x00,0x03,0x4d,0x1c,0x70,0x00,0x02,0xcd,0x1c,0xa0,0x3f,0xc0,0xcd,0x1d,0xc0,0x16,0xc5,
0x5e,0x6d,0x54,0x01,0xcf,0xff,0xff,0xfd,0x01,0xc0,0x00,0x00,0x00,0x01,0xc0,0xff,0xff,0xd0,0x01,0xc0,
0xd5,0x55,0xd0,0x01,0xc0,0xd0,0x00,0xd0,0x01,0xc0,0xff,0xff,0xd0,0x01,0xdd,0xd0,0x01,0xd0,0x01,0xf8,
0xd0,0x00,0xd0,0x03,0xd0,0xff,0xff,0xd0,0x03,0x40,0xd0,0x01,0xd0,0x00,0x00,0x80,0x00,0x40,0x15,0x55,
0x55,0x55,0x50,0x1f,0xff,0xff,0xff,0xf4,0x00,0x00,0x00,0x00,0x00,0x00,0x00,0x00,0x00,0x00,0x02,0xff,
0xff,0xff,0x40,0x02,0xd5,0x55,0x5b,0x40,0x02,0xc0,0x00,0x07,0x40,0x02,0xc0,0x00,0x07,0x40,0x02,0xc0,
0x00,0x07,0x40,0x02,0xd5,0x55,0x5b,0x40,0x02,0xff,0xff,0xff,0x40,0x00,0x14,0x00,0x14,0x00,0x00,0x38,
0x00,0x3c,0x00,0x00,0x2c,0x00,0x74,0x00,0x00,0x0d,0x00,0xb0,0x00,0x00,0x0e,0x00,0xd0,0x00,0x15,0x55,
0x56,0xd5,0x54,0x3f,0xff,0xff,0xff,0xfc,0x00,0x00,0x00,0x00,0x00,0x05,0x55,0x40,0xe0,0x00,0x1f,0xff,
0xc0,0xd0,0x00,0x1c,0x01,0xc1,0xc0,0x00,0x1c,0x61,0xc2,0xff,0xfc,0x1c,0x71,0xc3,0x95,0xe4,0x1c,0x71,
0xc7,0x00,0xd0,0x1c,0x71,0xcf,0x00,0xd0,0x1c,0x71,0xdf,0x41,0xc0,0x1c,0x71,0xdb,0x81,0x80,0x1c,0x71,
0xc1,0xc2,0x80,0x1c,0x71,0xc0,0xd3,0x40,0x1c,0xa1,0xc0,0xa7,0x00,0x1c,0xa1,0xc0,0x7e,0x00,0x00,0xd4,
0x00,0x2d,0x00,0x01,0xcd,0x00,0x7e,0x00,0x03,0x47,0x40,0xe7,0x80,0x0b,0x02,0xc7,0xc1,0xe0,0x3c,0x00,
0xde,0x00,0x7c,0x10,0x00,0x04,0x00,0x04,0x00,0x20,0x00,0x00,0x00,0x00,0x74,0x01,0x55,0x50,0x15,0x75,
0x57,0xff,0xf0,0x2f,0xff,0xe0,0x00,0x70,0x00,0x74,0x00,0x00,0x70,0x00,0x74,0x00,0x00,0x70,0x15,0x79,
0x50,0x00,0x70,0x3f,0xff,0xf3,0xff,0xf0,0x00,0x28,0x03,0x95,0xb0,0x00,0x28,0x03,0x40,0x00,0x0d,0x28,
0x03,0x40,0x00,0x0d,0x29,0x53,0x40,0x00,0x0d,0x2f,0xe3,0x40,0x08,0x1d,0x28,0x03,0x40,0x1c,0x1f,0x28,
0x03,0x80,0x1c,0x1f,0x68,0x02,0xff,0xf8,0x29,0xf8,0x00,0x55,0x50,0x38,0x7e,0xa5,0x55,0x54,0x74,0x06,
0xff,0xff,0xfc,0x20,0x00,0x00,0x00,0x00,0x00,0x40,0x00,0x00,0x00,0x01,0xd0,0x15,0x55,0x50,0x01,0xc0,
0x2f,0xff,0xf0,0x3f,0xff,0x40,0x02,0xd0,0x17,0x95,0x40,0x07,0x80,0x03,0x40,0x00,0x1f,0x00,0x07,0x24,
0x00,0x7d,0x00,0x0a,0x34,0x01,0xfe,0x40,0x0d,0x34,0x0b,0x87,0xe0,0x1d,0x79,0x7e,0x00,0xbc,0x2f,0xff,
0x64,0x00,0x14,0x10,0x34,0x15,0x55,0x50,0x00,0x34,0x1f,0xff,0xf4,0x00,0x35,0x40,0x38,0x00,0x16,0xbf,
0x40,0x38,0x00,0x3e,0xb4,0x00,0x38,0x00,0x00,0x34,0x00,0x38,0x00,0x00,0x34,0x55,0x79,0x54,0x00,0x34,
0xbf,0xff,0xfc,0x00,0x20,0x00,0x00,0x00,0x00,0x80,0x00,0x24,0x00,0x00,0xe0,0x00,0x38,0x00,0x00,0x70,
0x00,0x38,0x00,0x3f,0xff,0xbf,0xff,0xfc,0x19,0x55,0x55,0x79,0x54,0x0e,0x07,0x00,0x38,0x00,0x07,0x0a,
0x2f,0xff,0xf4,0x03,0x5c,0x29,0x79,0x74,0x15,0x69,0x68,0x38,0x34,0x3f,0xff,0xa8,0x38,0x34,0x00,0xa0,
0x29,0x79,0x74,0x00,0xa0,0x2f,0xff,0xf4,0x15,0xe5,0x00,0xbd,0x00,0x2f,0xff,0x41,0xff,0x00,0x00,0xe0,
0x07,0xba,0x80,0x00,0xd0,0x0e,0x38,0xe0,0x01,0xc0,0x7c,0x38,0x78,0x03,0x81,0xf0,0x38,0x2d,0x0e,0x00,
0x80,0x38,0x04,0x04,0x00,0x00,0x24,0x00,0x00,0x00,0x00,0x06,0x00,0x0d,0x00,0x00,0x0b,0x00,0x0b,0x40,
0x00,0x0b,0x00,0x02,0xd0,0x00,0x0b,0x00,0x00,0xd7,0xff,0xff,0xf8,0x00,0x01,0x55,0x5b,0x54,0x00,0x00,
0x00,0x0b,0x00,0x00,0x00,0x90,0x0b,0x00,0x3f,0xd0,0xb0,0x0b,0x00,0x16,0xd0,0x78,0x0b,0x00,0x01,0xd0,
0x2d,0x0b,0x00,0x01,0xd0,0x09,0x0b,0x00,0x01,0xd0,0x00,0x0b,0x00,0x01,0xd0,0x00,0x0b,0x00,0x01,0xd0,
0x02,0x5e,0x00,0x02,0xe0,0x03,0xf9,0x00,0x0f,0xb8,0x00,0x00,0x00,0x3d,0x1f,0xa9,0x56,0xa8,0x24,0x01,
0xbf,0xff,0xf8,0x00,0x00,0x00,0x00,0x00,0x04,0x00,0x55,0x55,0x50,0x1e,0x01,0xff,0xff,0xe0,0x07,0xd0,
0x00,0x00,0x00,0x00,0xe0,0x00,0x00,0x00,0x00,0x00,0x00,0x00,0x00,0x00,0x05,0x55,0x55,0x54,0x15,0x4b,
0xff,0xff,0xfc,0x7f,0xc0,0x0f,0x00,0x00,0x01,0xc0,0x1d,0x09,0x00,0x01,0xc0,0x2c,0x0b,0x00,0x01,0xc0,
0x74,0x07,0x40,0x01,0xc0,0xa0,0x02,0xc0,0x01,0xc2,0xe6,0xab,0xe0,0x01,0xc3,0xff,0xea,0xb4,0x01,0xc1,
0x50,0x00,0x34,0x07,0xf4,0x00,0x00,0x00,0x1e,0x6e,0x40,0x00,0x14,0x38,0x06,0xff,0xff,0xfc,0x10,0x00,
0x15,0x55,0x54,0x00,0x00,0x00,0x00,0x00,0x08,0x00,0x05,0x6b,0xf0,0x0f,0x01,0xff,0xfa,0x90,0x07,0x81,
0xd4,0x00,0x00,0x01,0xd1,0xd0,0x00,0x00,0x00,0x01,0xd5,0x55,0x50,0x00,0x01,0xff,0xff,0xe0,0x00,0x01,
0xc0,0x00,0xd0,0x3f,0xc1,0xc4,0x02,0xc0,0x16,0xc2,0xcf,0x47,0x40,0x02,0xc2,0x82,0xde,0x00,0x02,0xc3,
0x80,0xbd,0x00,0x02,0xc7,0x40,0xbe,0x00,0x02,0xcb,0x07,0xdb,0x80,0x02,0xde,0x2f,0x42,0xe0,0x02,0xc8,
0x78,0x00,0xa0,0x0b,0xf4,0x00,0x00,0x00,0x3d,0x2f,0xa5,0x55,0xa8,0x34,0x05,0xbf,0xff,0xf8,0x00,0x00,
0x00,0x00,0x00,0x00,0x00,0x00,0x00,0x00,0x0d,0x00,0x00,0x00,0x00,0x0b,0x47,0xff,0xff,0xf8,0x02,0xd6,
0xaa,0xba,0xa4,0x00,0xe0,0x00,0xe0,0x00,0x00,0x00,0x02,0xd0,0x00,0x00,0x00,0x07,0xc0,0x00,0x15,0x40,
0x0f,0xdd,0x00,0x7f,0xc0,0x3e,0xcb,0x40,0x02,0xc0,0xf5,0xc2,0xd0,0x02,0xc7,0xd1,0xc0,0xf0,0x02,0xcf,
0x41,0xc0,0x38,0x02,0xc4,0x01,0xc0,0x10,0x02,0xc0,0x01,0xc0,0x00,0x02,0xc0,0x01,0xc0,0x00,0x02,0xc0,
0x01,0xc0,0x00,0x0b,0xe0,0x01,0x80,0x00,0x2d,0x7e,0x40,0x00,0x14,0x78,0x0b,0xff,0xff,0xfd,0x10,0x00,
0x56,0x95,0x54,0x00,0x00,0x06,0x00,0x00,0x04,0x00,0x03,0x80,0x00,0x1d,0x00,0x02,0xc0,0x00,0x0b,0x45,
0x56,0xe5,0x54,0x02,0xdf,0xff,0xff,0xfc,0x00,0x40,0x00,0x07,0x00,0x00,0x02,0x40,0x0a,0x00,0x00,0x02,
0xd0,0x1d,0x00,0x3f,0xc0,0x78,0x2c,0x00,0x16,0xc0,0x1f,0xb4,0x00,0x01,0xc0,0x02,0xe0,0x00,0x01,0xc0,
0x07,0xf8,0x00,0x01,0xc0,0x2e,0x2e,0x00,0x01,0xc1,0xb8,0x07,0x80,0x01,0xcb,0xd0,0x01,0xf0,0x02,0xc9,
0x00,0x00,0x50,0x0b,0xf4,0x00,0x00,0x00,0x3d,0x2f,0xaa,0xaa,0xac,0x24,0x01,0xbf,0xff,0xf8,0x00,0x00,
0x00,0x00,0x00,0x00,0x00,0x04,0x01,0x00,0x0d,0x00,0x1c,0x0b,0x00,0x07,0x40,0x1c,0x0b,0x00,0x02,0xd0,
0x1c,0x0b,0x00,0x00,0x97,0xff,0xff,0xf4,0x00,0x01,0x6e,0x5b,0x54,0x00,0x00,0x1c,0x0b,0x00,0x00,0x00,
0x1c,0x0b,0x00,0x3f,0xd0,0x1c,0x0b,0x00,0x16,0xd1,0x6d,0x5b,0x54,0x01,0xd7,0xff,0xff,0xfc,0x01,0xd0,
0x28,0x0b,0x00,0x01,0xd0,0x34,0x0b,0x00,0x01,0xd0,0xb0,0x0b,0x00,0x01,0xd1,0xe0,0x0b,0x00,0x02,0xd2,
0xc0,0x0b,0x00,0x0b,0xb8,0x00,0x05,0x00,0x2d,0x1f,0xa5,0x55,0xa8,0x24,0x01,0xbf,0xff,0xf8,0x00,0x00,
0x00,0x00,0x00,0x00,0x00,0x00,0x00,0x00,0x0d,0x01,0xff,0xff,0xc0,0x0b,0x41,0xd5,0x56,0xc0,0x03,0xc1,
0xd0,0x01,0xc0,0x01,0xe1,0xd5,0x56,0xc0,0x00,0x41,0xff,0xff,0xc0,0x00,0x01,0xd0,0x01,0xc0,0x00,0x01,
0xd0,0x01,0xc0,0x3f,0xd1,0xff,0xff,0xc0,0x16,0xd1,0xe5,0x55,0x60,0x01,0xd1,0xd1,0x81,0xf4,0x01,0xd1,
0xd0,0xbb,0x80,0x01,0xd1,0xd0,0x2e,0x00,0x01,0xd1,0xd1,0x87,0x80,0x01,0xd2,0xff,0x81,0xe0,0x01,0xd2,
0xe4,0x00,0x60,0x07,0xf4,0x00,0x00,0x00,0x2d,0x1f,0x95,0x55,0x68,0x24,0x01,0xbf,0xff,0xf8,0x00,0x00,
0x00,0x00,0x00,0x00,0x00,0x00,0x00,0x40,0x18,0x00,0x15,0xaf,0xe0,0x1e,0x03,0xff,0xe5,0x00,0x07,0x80,
0x00,0xd0,0x00,0x02,0xc0,0x00,0xd0,0x00,0x00,0x45,0x55,0xe5,0x54,0x00,0x0f,0xff,0xff,0xfc,0x15,0x40,
0x00,0xd0,0x00,0x7f,0xc0,0x00,0xd0,0x00,0x01,0xc0,0x55,0xe5,0x40,0x01,0xc1,0xff,0xff,0xe0,0x01,0xc1,
0xd0,0x00,0xe0,0x01,0xc1,0xd0,0x00,0xe0,0x01,0xc1,0xd0,0x00,0xe0,0x01,0xc1,0xff,0xff,0xe0,0x02,0xd0,
0x55,0x55,0x40,0x0b,0xf8,0x00,0x00,0x00,0x2d,0x1f,0x95,0x55,0xa8,0x24,0x01,0xbf,0xff,0xf8,0x00,0x00,
0x00,0x00,0x00,0x00,0x00,0x00,0x90,0x00,0x18,0x00,0x74,0xe0,0x00,0x0f,0x40,0xb0,0xe0,0x00,0x03,0xc0,
0xff,0xff,0xf4,0x01,0xd2,0xd5,0xe5,0x50,0x00,0x07,0x40,0xe0,0x00,0x00,0x01,0x00,0xe0,0x00,0x00,0x05,
0x55,0xe5,0x54,0x15,0x4b,0xff,0xff,0xfc,0x3f,0xc0,0x0d,0x1c,0x00,0x01,0xc0,0x1d,0x1c,0x00,0x01,0xc0,
0x2c,0x1c,0x00,0x01,0xc0,0x38,0x1c,0x08,0x01,0xc0,0xb4,0x1c,0x1c,0x01,0xc7,0xd0,0x1d,0x6c,0x01,0xca,
0x40,0x0f,0xf4,0x02,0xe4,0x00,0x00,0x00,0x1f,0x6e,0x40,0x00,0x14,0x3c,0x06,0xff,0xff,0xfc,0x10,0x00,
0x15,0x55,0x54,0x00,0x14,0x00,0x00,0x00,0x00,0x28,0x00,0x55,0x50,0x00,0x1c,0x00,0x7f,0xf8,0x1f,0xff,
0xfc,0x70,0x34,0x06,0x55,0xa4,0x70,0x70,0x03,0x80,0xb0,0x70,0xa0,0x02,0xc0,0xd0,0x71,0xd0,0x01,0xd1,
0xc0,0x72,0x80,0x15,0x96,0xd5,0x73,0x80,0x3f,0xff,0xfd,0x71,0xd0,0x00,0x00,0x00,0x70,0x70,0x00,0x00,
0x00,0x70,0x34,0x0b,0xff,0xf8,0x70,0x28,0x0a,0x55,0x78,0x70,0x28,0x0a,0x00,0x38,0x70,0x38,0x0a,0x00,
0x38,0x77,0xf0,0x0a,0x00,0x38,0x71,0x40,0x0b,0xff,0xf8,0x70,0x00,0x0a,0x55,0x78,0x70,0x00,0x05,0x00,
0x10,0x50,0x00,0x00,0x10,0x00,0x00,0x00,0x00,0x34,0x0d,0x55,0x54,0x05,0x75,0x6c,0xff,0xfc,0x1f,0xff,
0xf4,0xe0,0x38,0x00,0x34,0xb0,0xe0,0x74,0x00,0x35,0xd0,0xe0,0xa0,0x15,0x7b,0xd4,0xe1,0xd0,0x3f,0xff,
0xfd,0xe2,0x80,0x00,0x2c,0x00,0xe3,0x80,0x01,0xf4,0x00,0xe1,0xd0,0x07,0xff,0xf4,0xe0,0xb0,0x2f,0x55,
0x74,0xe0,0x38,0x7b,0x40,0x34,0xe0,0x2c,0x13,0x55,0x74,0xe0,0x1c,0x03,0xff,0xf4,0xe0,0x2c,0x03,0x40,
0x34,0xe5,0xb8,0x03,0x40,0x34,0xe7,0xe0,0x03,0xff,0xf4,0xe0,0x00,0x03,0x95,0x74,0xe0,0x00,0x02,0x40,
0x10,0x90,0x00,0x00,0x05,0x00,0x80,0x00,0x08,0x0a,0x02,0xc0,0x00,0x0b,0x0a,0x0b,0xff,0xf8,0x03,0x8a,
0x2d,0x55,0x74,0x01,0x4a,0xb6,0x40,0xb0,0x00,0x6e,0x51,0xd2,0xd0,0x07,0xea,0x00,0xbf,0x00,0x2e,0x4a,
0x5a,0xf4,0x00,0x10,0x0a,0xba,0x40,0x00,0x00,0x00,0x00,0x00,0x00,0x2f,0xff,0xff,0xff,0xf8,0x00,0x02,
0x83,0x40,0x00,0x0b,0xff,0xff,0xff,0xe0,0x0a,0x07,0x43,0x40,0xe0,0x0a,0x6d,0x02,0xea,0xe0,0x0a,0x10,
0x00,0x00,0xe0,0x0b,0xff,0xff,0xff,0xe0,0x0a,0x00,0x00,0x00,0xe0,0x0b,0xff,0xff,0xff,0xe0,0x06,0x00,
0x00,0x00,0x90,0x00,0x00,0x00,0x24,0x00,0x3f,0xff,0xc0,0xb2,0x40,0x16,0xa9,0x41,0xd2,0xc0,0x02,0x58,
0x03,0x80,0xe0,0x02,0x58,0x0b,0xaf,0xf4,0x2f,0xff,0x8f,0xa9,0x78,0x2a,0xaa,0x80,0x92,0x50,0x25,0x55,
0x82,0xc1,0xd0,0x25,0x55,0x87,0x40,0x74,0x26,0x55,0x9d,0x60,0x2c,0x26,0x15,0x94,0xe0,0x04,0x2a,0x1f,
0x81,0xff,0xf0,0x28,0x01,0x87,0x95,0xb0,0x24,0x01,0x8f,0xc0,0xd0,0x2f,0xff,0xad,0xe2,0xc0,0x24,0x01,
0x80,0x7b,0x40,0x29,0x55,0x80,0x7e,0x00,0x2f,0xff,0x86,0xe7,0xe4,0x24,0x01,0xae,0x40,0x7c,0x14,0x00,
0x14,0x00,0x04,0x00,0x00,0x00,0x01,0x00,0x01,0x55,0xaa,0xff,0x80,0x03,0xff,0xfe,0x54,0x00,0x00,0x00,
0x28,0x00,0x00,0x3f,0xff,0xff,0xff,0xfc,0x15,0x55,0x79,0x55,0x54,0x00,0x00,0x38,0x00,0x00,0x02,0xff,
0xff,0xff,0xc0,0x02,0x80,0x28,0x02,0xc0,0x02,0xff,0xff,0xff,0xc0,0x02,0x80,0x38,0x02,0xc0,0x02,0x80,
0x28,0x02,0xc0,0x02,0xff,0xff,0xff,0xc0,0x00,0x00,0x38,0x00,0x00,0x01,0x55,0x79,0x55,0x40,0x07,0xff,
0xff,0xff,0xe0,0x00,0x00,0x28,0x00,0x00,0x15,0x55,0x79,0x55,0x54,0x3f,0xff,0xff,0xff,0xfc,0x01,0x40,
0x00,0x90,0x00,0x03,0x80,0x01,0xdb,0x40,0x07,0x95,0x00,0xd1,0xd0,0x0f,0xff,0x00,0xd0,0x00,0x2d,0x00,
0x01,0xea,0xf4,0x78,0x00,0x2f,0xfe,0x90,0x25,0x55,0x2a,0xe0,0x00,0x0b,0xfe,0x00,0xe0,0x00,0x00,0xa0,
0x00,0xa5,0xa8,0x00,0xa0,0x06,0xff,0xa4,0x15,0xe5,0xbf,0xf0,0x10,0x2f,0xff,0x54,0x70,0x38,0x00,0xa0,
0x00,0x74,0xb4,0x00,0xa0,0x00,0x36,0xd0,0x00,0xa0,0x00,0x2f,0x80,0x00,0xa2,0x40,0x2d,0x00,0x00,0xff,
0x41,0xfe,0x0c,0x01,0xf8,0x2f,0x8b,0x5c,0x02,0x90,0x78,0x02,0xf8,0x00,0x00,0x00,0x00,0x50,0x01,0x40,
0x00,0x00,0x00,0x03,0x80,0x2f,0xff,0xf0,0x07,0x40,0x29,0x55,0xb0,0x0f,0xff,0x28,0x00,0x70,0x2e,0x55,
0x28,0x00,0x70,0x74,0x00,0x2f,0xff,0xf0,0x25,0x54,0x05,0x79,0x50,0x0f,0xfd,0x00,0x34,0x00,0x01,0xd0,
0x00,0x34,0x00,0x01,0xd0,0xbf,0xff,0xf8,0x01,0xd0,0xb5,0x75,0x68,0x3f,0xfe,0xb0,0x74,0x28,0x16,0xe5,
0xb0,0xbc,0x28,0x01,0xd0,0xb1,0xda,0x28,0x01,0xd0,0xb3,0x83,0xa8,0x01,0xd0,0xbb,0x01,0xe8,0x01,0xee,
0xb0,0x00,0x28,0x02,0xf8,0xb0,0x00,0x28,0x02,0x80,0xb0,0x07,0xf8,0x00,0x00,0x50,0x01,0x40,0x00,0x24,
0x00,0x00,0x00,0x00,0x38,0x00,0x07,0x40,0x00,0x38,0x00,0x1e,0x00,0x00,0x38,0x00,0xb8,0x00,0x00,0x38,
0x07,0xe0,0x00,0x00,0x38,0x6f,0x40,0x00,0x00,0x38,0xb8,0x00,0x00,0x00,0x38,0x10,0x00,0x00,0x15,0xb9,
0x55,0x55,0x54,0x3f,0xff,0xff,0xff,0xfc,0x00,0x38,0x0d,0x00,0x00,0x00,0x38,0x0b,0x00,0x00,0x00,0x38,
0x07,0x80,0x00,0x00,0x38,0x02,0xd0,0x00,0x00,0x38,0x00,0xb4,0x00,0x00,0x38,0x00,0x3d,0x00,0x00,0x38,
0x6d,0x0b,0x90,0x00,0x7f,0xf9,0x02,0xf8,0x00,0xbe,0x40,0x00,0x68,0x00,0x50,0x00,0x00,0x00,0x02,0x00,
0x00,0x00,0x00,0x03,0x82,0xff,0xff,0xf4,0x01,0xe1,0x55,0x55,0xb4,0x00,0xb4,0x00,0x00,0x74,0x09,0x20,
0x00,0x00,0x74,0x0d,0x00,0x00,0x00,0x74,0x0d,0x00,0x00,0x00,0x74,0x0d,0x00,0x00,0x00,0x74,0x0d,0x00,
0x00,0x00,0x74,0x0d,0x00,0x00,0x00,0x74,0x0d,0x00,0x00,0x00,0x74,0x0d,0x00,0x00,0x00,0x74,0x0d,0x00,
0x00,0x00,0x74,0x0d,0x00,0x00,0x00,0x74,0x0d,0x00,0x00,0x00,0x74,0x0d,0x00,0x00,0x00,0x74,0x0d,0x00,
0x00,0x00,0x74,0x0d,0x00,0x00,0x00,0x74,0x0d,0x00,0x00,0x3f,0xf0,0x05,0x00,0x00,0x15,0x40,0x00,0x00,
0x00,0x60,0x00,0x0f,0xff,0x40,0xb0,0x00,0x0e,0x5b,0x40,0xb0,0x00,0x0d,0x0a,0x00,0xb0,0x00,0x0d,0x0d,
0x00,0xb0,0x00,0x0d,0x1c,0x00,0xa0,0x00,0x0d,0x38,0x00,0xa0,0x00,0x0d,0x28,0x00,0xf0,0x00,0x0d,0x0d,
0x00,0xf0,0x00,0x0d,0x0b,0x00,0xf4,0x00,0x0d,0x07,0x01,0xf8,0x00,0x0d,0x03,0x42,0xec,0x00,0x0d,0x07,
0x42,0x9d,0x00,0x0d,0x7e,0x07,0x4e,0x00,0x0d,0x14,0x0b,0x07,0x40,0x0d,0x00,0x1e,0x03,0x80,0x0d,0x00,
0x3c,0x01,0xe0,0x0d,0x01,0xf4,0x00,0xb4,0x0d,0x03,0xd0,0x00,0x2d,0x09,0x01,0x40,0x00,0x04,0x00,0x00,
0x00,0x00,0x00,0x1f,0xfe,0x7f,0xff,0xe0,0x1d,0x5d,0x79,0x55,0xe0,0x1d,0x1c,0x74,0x00,0xa0,0x1d,0x28,
0x74,0x00,0xa0,0x1d,0x34,0x7f,0xff,0xe0,0x1d,0x70,0x75,0x55,0xe0,0x1d,0x74,0x74,0x00,0xa0,0x1d,0x28,
0x74,0x00,0xa0,0x1d,0x0d,0x7f,0xff,0xe0,0x1d,0x0d,0x79,0xa5,0x50,0x1d,0x0a,0x74,0x70,0x24,0x1d,0x0e,
0x74,0x35,0xf4,0x1d,0xbc,0x74,0x2f,0x80,0x1d,0x50,0x74,0x1e,0x00,0x1d,0x00,0x74,0x0b,0x40,0x1d,0x00,
0x74,0x53,0xd0,0x1d,0x00,0x7f,0xf1,0xf8,0x1d,0x00,0xbe,0x40,0x7c,0x08,0x00,0x50,0x00,0x04,0x00,0x00,
0x00,0x24,0x00,0x1f,0xfc,0x00,0xb4,0x00,0x1d,0x6c,0x02,0xec,0x00,0x1c,0x34,0x07,0x4f,0x00,0x1c,0x70,
0x2d,0x03,0xd0,0x1c,0xa0,0xb4,0x01,0xf4,0x1c,0xd2,0xd5,0x55,0x7d,0x1c,0xd1,0x2f,0xff,0xd4,0x1c,0x70,
0x00,0x70,0x00,0x1c,0x28,0x00,0x70,0x00,0x1c,0x29,0x55,0xb5,0x54,0x1c,0x1e,0xff,0xff,0xfc,0x1c,0x2c,
0x00,0x70,0x00,0x1e,0xf8,0x24,0x71,0x80,0x1c,0x50,0x74,0x70,0xe0,0x1c,0x00,0xe0,0x70,0x74,0x1c,0x02,
0xc0,0x70,0x2c,0x1c,0x03,0x40,0x70,0x08,0x1c,0x00,0x0f,0xf0,0x00,0x04,0x00,0x05,0x40,0x00,0x00,0x00,
0x00,0x14,0x00,0x1f,0xf4,0x00,0x38,0x00,0x1d,0x7a,0x05,0x79,0x54,0x1c,0x77,0x4f,0xff,0xfc,0x1c,0x71,
0xc0,0xe0,0x00,0x1c,0xa0,0x91,0xd0,0x00,0x1c,0xd0,0x03,0xff,0xf4,0x1c,0xc0,0x0b,0xd5,0x74,0x1c,0xd1,
0x5d,0xd0,0x34,0x1c,0x7b,0xe0,0xff,0xf4,0x1c,0x34,0xa0,0xd0,0x34,0x1c,0x34,0xa0,0xd0,0x74,0x1c,0x24,
0xa0,0xff,0xf4,0x1c,0x74,0xa0,0xd0,0x34,0x1d,0xe0,0xa0,0xd0,0x34,0x1c,0x00,0xa0,0xd2,0xf0,0x1c,0x02,
0xf4,0x00,0x00,0x1c,0x0b,0x1e,0x40,0x04,0x1c,0x0d,0x02,0xff,0xfc,0x18,0x04,0x00,0x15,0x54,0x00,0x00,
0x01,0x14,0x00,0x00,0x00,0x07,0x6c,0x00,0x15,0x55,0x0b,0x0e,0x00,0x3f,0xfe,0x0e,0x09,0x00,0x00,0x0a,
0x1f,0xff,0xfc,0x14,0x0d,0x3d,0x5e,0x54,0x2c,0x0d,0xbc,0x0d,0x00,0x0e,0x1d,0xfc,0x0d,0x00,0x07,0x6a,
0x9f,0xff,0xf4,0x02,0xf8,0x1d,0x5e,0x50,0x01,0xf4,0x1c,0x0d,0x00,0x00,0xb0,0x1c,0x0d,0x00,0x00,0xf8,
0x1d,0x5e,0x50,0x02,0xed,0x1f,0xff,0xf4,0x07,0x4e,0x1c,0x0d,0x00,0x0e,0x06,0x1c,0x0d,0x00,0x3c,0x00,
0x1d,0x5e,0x54,0x20,0x00,0x1f,0xff,0xfc,0x00,0x00,0x1c,0x00,0x00,0x00,0x00,0x18,0x00,0x00,0x00,0x50,
0x14,0x00,0x00,0x00,0xe0,0x28,0x00,0x00,0x02,0xff,0xff,0xff,0xd0,0x07,0x40,0x28,0x00,0x00,0x2f,0xff,
0xff,0xff,0xf8,0x00,0x00,0x00,0x00,0x00,0x02,0xff,0xff,0xff,0xc0,0x02,0xc0,0x00,0x02,0xc0,0x02,0xc0,
0x00,0x02,0xc0,0x02,0xff,0xff,0xff,0xc0,0x00,0x01,0x41,0x40,0x00,0x00,0x03,0x82,0xc0,0x00,0x2f,0xff,
0x82,0xff,0xf8,0x00,0x03,0x82,0xc0,0x00,0x0f,0xff,0x82,0xff,0xf0,0x00,0x03,0x82,0xc0,0x00,0x00,0x03,
0x82,0xc0,0x00,0x3f,0xff,0x82,0xff,0xfc,0x00,0x03,0x82,0xc0,0x00,0x00,0x02,0x81,0x80,0x00,0x15,0x55,
0x55,0x55,0x54,0x3f,0xff,0xff,0xff,0xfc,0x00,0x00,0x78,0x00,0x00,0x00,0x00,0x74,0x00,0x00,0x00,0x00,
0xb0,0x00,0x00,0x0f,0xff,0xff,0xff,0xf0,0x0e,0x5b,0x55,0xe5,0xb0,0x0e,0x0a,0x00,0xd0,0xb0,0x0e,0x0a,
0x55,0xd0,0xb0,0x0e,0x0b,0xff,0xd0,0xb0,0x0e,0x0a,0x00,0xd0,0xb0,0x0e,0x0a,0x00,0xd0,0xb0,0x0e,0x0b,
0xff,0xd0,0xb0,0x0e,0x0b,0x55,0xd0,0xb0,0x0e,0x0a,0x00,0xd0,0xb0,0x0e,0x0a,0x00,0xd0,0xb0,0x0f,0xff,
0xff,0xff,0xf0,0x0e,0x55,0x55,0x55,0xb0,0x09,0x00,0x00,0x00,0x60,0x00,0x50,0x00,0x24,0x00,0x00,0xa0,
0x00,0x34,0x00,0x15,0xe5,0x40,0x34,0x00,0x3f,0xff,0xaf,0xff,0xf8,0x00,0xa0,0x15,0x79,0x54,0x05,0xa5,
0x00,0x34,0x00,0x1f,0xff,0x40,0x34,0x00,0x1c,0x03,0x5f,0xff,0xf0,0x1c,0x03,0x45,0x79,0x50,0x1f,0xff,
0x40,0x34,0x00,0x1c,0x03,0x40,0x34,0x00,0x1f,0xff,0x6f,0xff,0xfc,0x05,0xa5,0x15,0x79,0x6c,0x00,0xa0,
0x00,0x34,0x1c,0x15,0xe5,0x40,0x34,0x1c,0x7f,0xff,0xc0,0x34,0x28,0x00,0xa0,0x00,0x35,0x78,0x00,0xa0,
0x00,0x36,0xf4,0x00,0xa0,0x00,0x34,0x00,0x00,0xa0,0x00,0x24,0x00,0x00,0x01,0xff,0xff,0xfc,0x00,0x00,
0x55,0xf5,0x54,0x3f,0xfd,0x00,0xe0,0x00,0x16,0xd4,0x01,0xd0,0x00,0x02,0xc0,0xbf,0xff,0xe0,0x02,0xc0,
0xb5,0x55,0xa0,0x02,0xc0,0xa0,0x50,0xa0,0x02,0xc0,0xa0,0xb0,0xa0,0x02,0xc0,0xa0,0xb0,0xa0,0x02,0xc0,
0xa0,0xb0,0xa0,0x02,0xc0,0xa0,0xb0,0xa0,0x02,0xd9,0xa0,0xa0,0xa0,0x07,0xf9,0xa0,0xa0,0xa0,0x7f,0x80,
0xa1,0xd0,0xa0,0x24,0x00,0x02,0xc9,0x00,0x00,0x00,0x0b,0x4b,0x80,0x00,0x00,0x7d,0x01,0xf0,0x00,0x07,
0xe0,0x00,0x7c,0x00,0x01,0x00,0x00,0x04,0x00,0x50,0x00,0x00,0x00,0x00,0x70,0x05,0x55,0x54,0x00,0x70,
0x1f,0xff,0xfc,0x3f,0xff,0xc0,0x1c,0x00,0x15,0xb5,0x40,0x38,0x00,0x00,0x70,0x0b,0xff,0xf4,0x28,0x71,
0xcb,0x55,0x74,0x28,0x71,0xca,0x08,0x34,0x28,0x71,0xca,0x1c,0x34,0x28,0x71,0xca,0x1c,0x34,0x28,0x71,
0xca,0x1c,0x34,0x29,0xb5,0xca,0x1c,0x34,0x2f,0xff,0xca,0x28,0x34,0x00,0x70,0x0a,0x28,0x34,0x00,0x70,
0x06,0x34,0x24,0x00,0x71,0x90,0x76,0x00,0x00,0xbb,0xd0,0xe7,0x80,0x00,0xfd,0x07,0x80,0xb0,0x00,0x90,
0x2e,0x00,0x2c,0x00,0x00,0x24,0x00,0x04,0x15,0x55,0x2f,0xff,0xfd,0x2f,0xff,0x55,0x6d,0x54,0x00,0x0a,
0x00,0x2c,0x00,0x04,0x2c,0x00,0x38,0x00,0x0f,0xb4,0x0f,0xff,0xf4,0x02,0xe0,0x0e,0x55,0x74,0x00,0x7c,
0x0d,0x14,0x34,0x7f,0xff,0xcd,0x28,0x34,0x15,0xe6,0xcd,0x28,0x34,0x00,0xd2,0x8d,0x28,0x34,0x00,0xd3,
0x0d,0x28,0x34,0x00,0xd6,0x0d,0x28,0x34,0x00,0xd0,0x0d,0x28,0x34,0x00,0xd0,0x09,0x74,0x24,0x00,0xd0,
0x00,0xb2,0x00,0x00,0xd0,0x02,0xd2,0xd0,0x00,0xd0,0x1b,0x40,0xb4,0x1f,0xd0,0xb9,0x00,0x2c,0x05,0x40,
0x10,0x00,0x00,0x00,0x00,0x14,0x00,0x00,0x00,0x00,0x7c,0x00,0x00,0x00,0x01,0xfb,0x40,0x00,0x00,0x07,
0x82,0xd0,0x00,0x00,0x2e,0x74,0xb9,0x00,0x01,0xf4,0x28,0x1f,0x90,0x2f,0xff,0xff,0xff,0xfd,0x28,0xb5,
0x55,0x5e,0x14,0x00,0xa0,0x00,0x0e,0x00,0x00,0xbf,0xff,0xfe,0x00,0x00,0xa5,0x55,0x5e,0x00,0x00,0xa0,
0x00,0x0e,0x00,0x00,0xbf,0xff,0xfe,0x40,0x00,0xb5,0x55,0x57,0xc0,0x00,0xa0,0x3d,0x1e,0x00,0x00,0xa0,
0x0b,0xf8,0x00,0x00,0xa0,0x15,0xb8,0x00,0x00,0xfa,0xf8,0x1f,0x40,0x01,0xfe,0x50,0x02,0xd0,0x00,0x40,
0x00,0x00,0x40,0x00,0x24,0x00,0x00,0x00,0x00,0x2f,0xf7,0xff,0xe0,0x01,0xa8,0x01,0x01,0xd0,0x03,0xff,
0xd3,0x93,0x80,0x1e,0x02,0x80,0xbf,0x00,0x3a,0x8b,0x40,0xbf,0x40,0x01,0xfd,0x2e,0xd2,0xe0,0x01,0xf4,
0xbe,0x00,0x60,0x1b,0x82,0xd7,0x80,0x00,0x19,0x1f,0x65,0xb8,0x00,0x01,0xf8,0x28,0x1f,0x90,0x2f,0xbf,
0xff,0xfe,0xbc,0x14,0x70,0x00,0x0d,0x00,0x00,0x7f,0xff,0xfd,0x00,0x00,0x70,0x00,0x0d,0x00,0x00,0x7f,
0xff,0xfe,0x80,0x00,0x70,0x0e,0x47,0x80,0x00,0x70,0x55,0xbe,0x00,0x00,0xff,0xe4,0x0b,0xd0,0x00,0x54,
0x00,0x00,0x50,0x02,0x40,0x00,0x60,0x00,0x07,0x40,0x00,0x74,0x00,0x07,0x00,0x00,0x74,0x00,0x0b,0x55,
0xbf,0xff,0xfc,0x0f,0xff,0x55,0xb9,0x54,0x1d,0x0a,0x00,0x74,0x00,0x2c,0x0d,0x10,0x74,0x10,0x38,0x1c,
0x70,0x74,0x74,0x75,0x84,0x70,0x74,0x74,0x12,0x80,0x70,0x74,0x74,0x02,0x80,0x70,0x74,0x74,0x02,0x80,
0x70,0x74,0x74,0x02,0x80,0x75,0xb9,0xb4,0x02,0x80,0x7f,0xff,0xf4,0x02,0x80,0x00,0x74,0x74,0x02,0x8a,
0x00,0x74,0x10,0x02,0xfd,0x00,0x74,0x0d,0x03,0xe0,0x00,0x74,0x1d,0x07,0x40,0x00,0x3f,0xf8,0x00,0x00,
0x00,0x05,0x50,0x02,0x00,0x00,0x00,0x10,0x07,0x40,0x01,0x5a,0xf4,0x07,0x00,0x7f,0xfa,0x40,0x0b,0x55,
0x74,0x00,0x00,0x0f,0xff,0x74,0x00,0x00,0x0d,0x0e,0x74,0x00,0x00,0x1c,0x0d,0x79,0x55,0x50,0x39,0x58,
0x7f,0xff,0xf0,0x72,0x80,0x77,0x40,0xa0,0x12,0x80,0x76,0x80,0xe0,0x02,0x80,0x71,0xc1,0xd0,0x02,0x80,
0x70,0xd2,0xc0,0x02,0x80,0xb0,0xa3,0x40,0x02,0x80,0xa0,0x7b,0x00,0x02,0x84,0xe0,0x2d,0x00,0x02,0x9d,
0xd0,0x7e,0x00,0x02,0xf5,0xc1,0xfb,0x40,0x07,0xd3,0x8b,0x82,0xe0,0x0b,0x07,0x6e,0x00,0xbc,0x00,0x01,
0x14,0x00,0x14,0x01,0x40,0x00,0x50,0x00,0x03,0x40,0x00,0xa0,0x00,0x07,0x40,0x00,0x74,0x00,0x07,0x55,
0x55,0x75,0x54,0x0b,0xff,0xbf,0xff,0xfc,0x0d,0x0a,0x01,0x01,0x00,0x1c,0x0d,0x0b,0x03,0x80,0x28,0x5c,
0x1d,0x00,0xe0,0x35,0xc4,0x78,0x00,0x74,0x11,0xc1,0xe4,0x01,0x6d,0x01,0xc0,0x8e,0x02,0x88,0x01,0xc0,
0x0b,0x07,0x40,0x01,0xc0,0x03,0x4b,0x00,0x01,0xc0,0x02,0xdd,0x00,0x01,0xc0,0x00,0xf8,0x00,0x01,0xca,
0x00,0xf8,0x00,0x01,0xfd,0x07,0xdf,0x40,0x02,0xe0,0x2e,0x07,0xe0,0x07,0x41,0xf4,0x00,0xbc,0x01,0x00,
0x80,0x00,0x04,0x02,0x00,0x00,0x00,0x00,0x07,0x40,0xbf,0xff,0xf0,0x07,0x00,0xb5,0x55,0xb0,0x0b,0x55,
0xa0,0x00,0x70,0x0f,0xfe,0xb0,0x00,0xb0,0x0d,0x0d,0xbf,0xff,0xf0,0x2c,0x1c,0xa0,0x00,0x70,0x38,0x34,
0xb5,0x55,0xb0,0x74,0x00,0xbf,0xff,0xf0,0x12,0x80,0x00,0x04,0x00,0x02,0x80,0x70,0x1c,0x00,0x02,0x80,
0x70,0x1c,0x00,0x02,0x80,0x75,0x5c,0x78,0x02,0x80,0x7f,0xdf,0xd0,0x02,0x80,0x70,0x1d,0x00,0x02,0x85,
0x70,0x1c,0x00,0x02,0xed,0x70,0x1c,0x0c,0x03,0xf4,0xba,0xdc,0x1c,0x03,0x80,0xfe,0x4f,0xf8,0x01,0x00,
0x40,0x01,0x50,0x02,0x00,0x06,0x02,0x40,0x07,0x40,0x07,0x03,0x40,0x07,0x00,0xbf,0xff,0xfc,0x0b,0x54,
0x5b,0x57,0x94,0x0f,0xfe,0x06,0x02,0x40,0x1d,0x0d,0x3f,0xff,0xf0,0x2c,0x1c,0x34,0x00,0x70,0x38,0x28,
0x34,0x00,0x70,0x76,0x80,0x3f,0xff,0xf0,0x12,0x80,0x34,0x00,0x70,0x02,0x80,0x34,0x00,0x70,0x02,0x80,
0x3f,0xff,0xf0,0x02,0x80,0x00,0x70,0x00,0x02,0x80,0x55,0xb5,0x54,0x02,0x84,0xbf,0xff,0xf8,0x02,0x9d,
0x01,0xfc,0x00,0x02,0xf8,0x02,0xce,0x00,0x03,0xd0,0x1f,0x47,0x90,0x07,0x41,0xf9,0x01,0xf8,0x01,0x00,
0x90,0x00,0x14,0x01,0x55,0x55,0x55,0x00,0x07,0xff,0xff,0xfe,0x00,0x00,0x00,0x00,0x0e,0x00,0x00,0x50,
0x00,0x0d,0x00,0x00,0xb0,0x00,0x1d,0x00,0x00,0xb0,0x00,0x1d,0x00,0x00,0xa0,0x00,0x1c,0x00,0x00,0xa0,
0x00,0x2c,0x00,0x00,0xe5,0x55,0x6d,0x50,0x00,0xff,0xff,0xff,0xf4,0x00,0x00,0x00,0x00,0x74,0x00,0x00,
0x00,0x00,0x70,0x00,0x00,0x00,0x00,0xb0,0x3f,0xff,0xff,0xf4,0xb0,0x15,0x55,0x55,0x50,0xa0,0x00,0x00,
0x00,0x00,0xe0,0x00,0x00,0x00,0x02,0xd0,0x00,0x00,0x01,0xff,0x80,0x00,0x00,0x00,0x55,0x00,0x00,0x06,
0x40,0x00,0x00,0x00,0x0f,0x00,0x00,0x00,0x00,0x2f,0xff,0xe0,0x00,0x00,0x79,0x56,0xe0,0x00,0x01,0xe0,
0x03,0xc0,0x00,0x0b,0xd5,0x5b,0x95,0x40,0x2f,0xff,0xff,0xff,0xc0,0x16,0x80,0x28,0x02,0xc0,0x02,0x80,
0x28,0x02,0xc0,0x02,0x80,0x28,0x02,0xc0,0x02,0xff,0xff,0xff,0xc0,0x02,0x95,0x69,0x56,0xc0,0x02,0x80,
0x28,0x02,0xc0,0x02,0x80,0x28,0x02,0xc0,0x02,0xff,0xff,0xff,0xc0,0x01,0x55,0x55,0x55,0x40,0x00,0x00,
0x00,0x00,0x00,0x2f,0xff,0xff,0xff,0xf8,0x15,0x55,0x55,0x55,0x54,0x01,0x80,0x00,0x00,0x00,0x02,0xc0,
0x03,0x40,0xb0,0x03,0xff,0x82,0x80,0xd0,0x07,0x57,0x41,0xc1,0xc0,0x0e,0x0a,0x05,0x57,0x94,0x2d,0x5e,
0x4f,0xff,0xfc,0x3f,0xff,0xc0,0x1d,0x00,0x1c,0x31,0xc0,0x1d,0x00,0x1c,0x31,0xc0,0x1d,0x00,0x1c,0x71,
0xcb,0xff,0xf4,0x1f,0xff,0xc5,0x5d,0x50,0x1c,0x31,0xc0,0x1d,0x00,0x1c,0x31,0xc0,0x1d,0x00,0x1d,0x75,
0xd5,0x5d,0x54,0x1f,0xff,0xdf,0xff,0xfd,0x00,0x00,0x00,0x1d,0x00,0x00,0x05,0x50,0x1d,0x00,0x2b,0xff,
0xd0,0x1d,0x00,0x29,0x50,0x00,0x1d,0x00,0x00,0x00,0x00,0x08,0x00,0x02,0x00,0x00,0x00,0x00,0x07,0x00,
0x1f,0xff,0xf0,0x0b,0xfd,0x1d,0x00,0xb0,0x0d,0x5c,0x1f,0xff,0xf0,0x1c,0x28,0x1d,0x00,0x70,0x39,0x74,
0x1d,0x00,0x70,0x3f,0xff,0x1f,0xff,0xf0,0x18,0x97,0x00,0x00,0x00,0x18,0x97,0x2f,0xff,0xf8,0x18,0x97,
0x24,0xc6,0x28,0x1f,0xff,0x24,0xc6,0x28,0x18,0x97,0x2f,0xff,0xf8,0x18,0x97,0x15,0x55,0x40,0x19,0x97,
0x3f,0xff,0xf0,0x1f,0xff,0x0a,0x01,0xe0,0x00,0x00,0x03,0x87,0x80,0x01,0x6b,0x01,0xfe,0x00,0x3f,0xe9,
0x06,0xff,0x40,0x15,0x00,0xbf,0x46,0xfc,0x00,0x00,0x64,0x00,0x14,0x00,0x00,0x00,0x60,0x00,0x00,0x00,
0x00,0xe0,0x00,0x15,0x55,0x2f,0xff,0xd0,0x3f,0xff,0x29,0x55,0xd0,0x00,0x0b,0x28,0x80,0xd0,0x04,0x0a,
0x28,0xb0,0xd0,0x1d,0x0d,0x28,0x25,0xc0,0x0a,0x1d,0x28,0x01,0xc0,0x03,0x6c,0x28,0x2f,0x80,0x02,0xf8,
0x28,0x04,0x00,0x00,0xf4,0x29,0x55,0x50,0x00,0xb4,0x2f,0xff,0xf8,0x01,0xf8,0x00,0x00,0x38,0x03,0xdd,
0x00,0x00,0x38,0x0b,0x4e,0x7f,0xff,0x34,0x1e,0x04,0x15,0x55,0x34,0x78,0x00,0x00,0x00,0x34,0x10,0x00,
0x00,0x00,0x70,0x00,0x00,0x00,0x0f,0xe0,0x00,0x00,0x00,0x01,0x00,0x00,0x00,0x18,0x00,0x00,0x00,0x00,
0x1d,0x00,0x00,0x00,0x00,0x0e,0x00,0x00,0x0f,0xff,0xff,0xff,0xfc,0x0e,0x56,0x55,0x55,0x54,0x0e,0x03,
0x40,0x0a,0x00,0x0e,0x03,0x40,0x0a,0x00,0x0e,0x03,0x40,0x0a,0x00,0x0e,0xff,0xfa,0xff,0xfc,0x0e,0x5b,
0x95,0x5f,0x54,0x0e,0x0b,0xd0,0x2f,0x80,0x0d,0x0f,0xb4,0x3e,0xc0,0x0d,0x1b,0x6c,0xaa,0x90,0x1d,0x37,
0x44,0xda,0x70,0x1c,0xb3,0x42,0x8a,0x38,0x2d,0xd3,0x4b,0x0a,0x1d,0x28,0x43,0x45,0x0a,0x04,0x34,0x03,
0x40,0x0a,0x00,0x70,0x03,0x40,0x0a,0x00,0x10,0x02,0x40,0x05,0x00,0x00,0x09,0x00,0x60,0x00,0x00,0x0e,
0x00,0xb0,0x00,0x07,0xff,0xff,0xff,0xe0,0x05,0x5e,0x55,0xb5,0x50,0x00,0x0e,0x00,0xb0,0x00,0x15,0x5e,
0x55,0xb5,0x54,0x3f,0xff,0xff,0xff,0xfc,0x00,0x00,0x28,0x00,0x00,0x00,0x00,0x28,0x00,0x00,0x02,0xff,
0xff,0xff,0xc0,0x02,0x80,0x28,0x02,0xc0,0x02,0x80,0x28,0x02,0xc0,0x02,0xff,0xff,0xff,0xc0,0x02,0x80,
0x28,0x02,0xc0,0x02,0x80,0x28,0x02,0xc0,0x02,0xff,0xff,0xff,0xc0,0x00,0x05,0x00,0x50,0x00,0x00,0x7e,
0x00,0xbe,0x40,0x1b,0xe4,0x00,0x06,0xf4,0x09,0x00,0x00,0x00,0x20,0x00,0x00,0x00,0x18,0x00,0x1f,0xff,
0xe0,0x1d,0x40,0x1c,0x24,0xa0,0x1d,0xc0,0x1e,0x26,0xa0,0x1c,0xa0,0x1d,0x67,0xa0,0x1c,0x74,0x1d,0xa6,
0x60,0x1c,0x10,0x1c,0x69,0x65,0x6d,0x54,0x1f,0xff,0xeb,0xff,0xfc,0x00,0x38,0x00,0x1c,0x00,0x00,0x34,
0x00,0x2d,0x00,0x1f,0xff,0xe0,0x2d,0x00,0x05,0x79,0x40,0x3e,0x00,0x00,0x34,0x10,0x77,0x00,0x2f,0xff,
0xf0,0x73,0x40,0x15,0x55,0x00,0xe2,0x80,0x08,0x48,0x81,0xd1,0xd0,0x1c,0xc9,0xa3,0x80,0xb0,0x28,0x99,
0x6b,0x40,0x38,0x30,0x95,0x1e,0x00,0x1d,0x00,0x00,0x04,0x00,0x04,0x00,0xa0,0x00,0x00,0x00,0x00,0xf0,
0x00,0x00,0x00,0x00,0xf0,0x00,0x00,0x00,0x00,0xf0,0x00,0x00,0x00,0x00,0xf0,0x00,0x00,0x00,0x00,0xf0,
0x00,0x00,0x00,0x00,0xf0,0x00,0x00,0x00,0x00,0xe0,0x00,0x00,0x00,0x00,0xa0,0x00,0x00,0x00,0x00,0xa0,
0x00,0x00,0x00,0x00,0xa0,0x00,0x00,0x00,0x00,0x00,0x00,0x00,0x00,0x00,0x00,0x00,0x00,0x00,0x00,0x50,
0x00,0x00,0x00,0x01,0xf0,0x00,0x00,0x00,0x00,0xa0,0x00,0x00,0x00,0x00,0xa0,0x00,0x00,0x00,0x02,0xf4,
0x00,0x00,0x00,0x01,0xf8,0x00,0x00,0x00,0x00,0x34,0x00,0x00,0x00,0x00,0x70,0x00,0x00,0x00,0x01,0xe0,
0x00,0x00,0x00,0x03,0x40,0x00,0x00,0x00,0x00,0x00,0x00,0x00,0x00,0x06,0xf9,0x00,0x00,0x00,0x1f,0xaf,
0x40,0x00,0x00,0x38,0x03,0xc0,0x00,0x00,0x00,0x02,0xc0,0x00,0x00,0x00,0x02,0xc0,0x00,0x00,0x00,0x07,
0x80,0x00,0x00,0x00,0x0f,0x00,0x00,0x00,0x00,0x3c,0x00,0x00,0x00,0x00,0xb4,0x00,0x00,0x00,0x00,0xe0,
0x00,0x00,0x00,0x00,0xd0,0x00,0x00,0x00,0x00,0x00,0x00,0x00,0x00,0x00,0x00,0x00,0x00,0x00,0x00,0x90,
0x00,0x00,0x00,0x01,0xf0,0x00,0x00,0x00,0x01,0xe0,0x00,0x00,0x00,0x00,0x00,0x00,0x00,0x00,0x00,0xf4,
0x00,0x1f,0x00,0x00,0x78,0x00,0x2d,0x00,0x00,0x2d,0x00,0x78,0x00,0x00,0x0e,0x00,0xb0,0x00,0x00,0x0b,
0x41,0xd0,0x00,0x00,0x03,0xc3,0xc0,0x00,0x00,0x01,0xd7,0x40,0x00,0x00,0x00,0xbe,0x00,0x00,0x00,0x3f,
0xff,0xfc,0x00,0x00,0x00,0x3c,0x00,0x00,0x00,0x3f,0xff,0xfc,0x00,0x00,0x00,0x3c,0x00,0x00,0x00,0x00,
0x3c,0x00,0x00,0x00,0x00,0x3c,0x00,0x00,0x00,0x00,0x28,0x00,0x00 };
static const lv_font_fmt_txt_glyph_dsc_t glyphs[]={ {0},
{.bitmap_index=0,.adv_w=64,.box_w=4,.box_h=0,.ofs_x=0,.ofs_y=0},
{.bitmap_index=0,.adv_w=96,.box_w=6,.box_h=16,.ofs_x=0,.ofs_y=0},
{.bitmap_index=24,.adv_w=144,.box_w=9,.box_h=16,.ofs_x=0,.ofs_y=0},
{.bitmap_index=60,.adv_w=176,.box_w=11,.box_h=15,.ofs_x=0,.ofs_y=0},
{.bitmap_index=102,.adv_w=176,.box_w=11,.box_h=19,.ofs_x=0,.ofs_y=-2},
{.bitmap_index=155,.adv_w=288,.box_w=18,.box_h=15,.ofs_x=0,.ofs_y=0},
{.bitmap_index=223,.adv_w=224,.box_w=14,.box_h=15,.ofs_x=0,.ofs_y=0},
{.bitmap_index=276,.adv_w=96,.box_w=6,.box_h=16,.ofs_x=0,.ofs_y=0},
{.bitmap_index=300,.adv_w=112,.box_w=7,.box_h=21,.ofs_x=0,.ofs_y=-4},
{.bitmap_index=337,.adv_w=112,.box_w=7,.box_h=21,.ofs_x=0,.ofs_y=-4},
{.bitmap_index=374,.adv_w=144,.box_w=9,.box_h=16,.ofs_x=0,.ofs_y=0},
{.bitmap_index=410,.adv_w=176,.box_w=11,.box_h=13,.ofs_x=0,.ofs_y=0},
{.bitmap_index=446,.adv_w=96,.box_w=6,.box_h=7,.ofs_x=0,.ofs_y=-4},
{.bitmap_index=457,.adv_w=112,.box_w=7,.box_h=7,.ofs_x=0,.ofs_y=0},
{.bitmap_index=470,.adv_w=96,.box_w=6,.box_h=3,.ofs_x=0,.ofs_y=0},
{.bitmap_index=475,.adv_w=128,.box_w=8,.box_h=20,.ofs_x=0,.ofs_y=-4},
{.bitmap_index=515,.adv_w=176,.box_w=11,.box_h=15,.ofs_x=0,.ofs_y=0},
{.bitmap_index=557,.adv_w=176,.box_w=11,.box_h=15,.ofs_x=0,.ofs_y=0},
{.bitmap_index=599,.adv_w=176,.box_w=11,.box_h=15,.ofs_x=0,.ofs_y=0},
{.bitmap_index=641,.adv_w=176,.box_w=11,.box_h=15,.ofs_x=0,.ofs_y=0},
{.bitmap_index=683,.adv_w=176,.box_w=11,.box_h=15,.ofs_x=0,.ofs_y=0},
{.bitmap_index=725,.adv_w=176,.box_w=11,.box_h=15,.ofs_x=0,.ofs_y=0},
{.bitmap_index=767,.adv_w=176,.box_w=11,.box_h=15,.ofs_x=0,.ofs_y=0},
{.bitmap_index=809,.adv_w=176,.box_w=11,.box_h=15,.ofs_x=0,.ofs_y=0},
{.bitmap_index=851,.adv_w=176,.box_w=11,.box_h=15,.ofs_x=0,.ofs_y=0},
{.bitmap_index=893,.adv_w=176,.box_w=11,.box_h=15,.ofs_x=0,.ofs_y=0},
{.bitmap_index=935,.adv_w=96,.box_w=6,.box_h=11,.ofs_x=0,.ofs_y=0},
{.bitmap_index=952,.adv_w=96,.box_w=6,.box_h=15,.ofs_x=0,.ofs_y=-4},
{.bitmap_index=975,.adv_w=176,.box_w=11,.box_h=12,.ofs_x=0,.ofs_y=0},
{.bitmap_index=1008,.adv_w=176,.box_w=11,.box_h=11,.ofs_x=0,.ofs_y=0},
{.bitmap_index=1039,.adv_w=176,.box_w=11,.box_h=12,.ofs_x=0,.ofs_y=0},
{.bitmap_index=1072,.adv_w=144,.box_w=9,.box_h=16,.ofs_x=0,.ofs_y=0},
{.bitmap_index=1108,.adv_w=304,.box_w=19,.box_h=19,.ofs_x=0,.ofs_y=-4},
{.bitmap_index=1199,.adv_w=192,.box_w=13,.box_h=15,.ofs_x=0,.ofs_y=0},
{.bitmap_index=1248,.adv_w=208,.box_w=13,.box_h=15,.ofs_x=0,.ofs_y=0},
{.bitmap_index=1297,.adv_w=208,.box_w=13,.box_h=15,.ofs_x=0,.ofs_y=0},
{.bitmap_index=1346,.adv_w=224,.box_w=14,.box_h=15,.ofs_x=0,.ofs_y=0},
{.bitmap_index=1399,.adv_w=192,.box_w=12,.box_h=15,.ofs_x=0,.ofs_y=0},
{.bitmap_index=1444,.adv_w=176,.box_w=11,.box_h=15,.ofs_x=0,.ofs_y=0},
{.bitmap_index=1486,.adv_w=224,.box_w=14,.box_h=15,.ofs_x=0,.ofs_y=0},
{.bitmap_index=1539,.adv_w=240,.box_w=15,.box_h=15,.ofs_x=0,.ofs_y=0},
{.bitmap_index=1596,.adv_w=96,.box_w=6,.box_h=15,.ofs_x=0,.ofs_y=0},
{.bitmap_index=1619,.adv_w=176,.box_w=11,.box_h=15,.ofs_x=0,.ofs_y=0},
{.bitmap_index=1661,.adv_w=208,.box_w=13,.box_h=15,.ofs_x=0,.ofs_y=0},
{.bitmap_index=1710,.adv_w=176,.box_w=11,.box_h=15,.ofs_x=0,.ofs_y=0},
{.bitmap_index=1752,.adv_w=256,.box_w=16,.box_h=15,.ofs_x=0,.ofs_y=0},
{.bitmap_index=1812,.adv_w=224,.box_w=14,.box_h=15,.ofs_x=0,.ofs_y=0},
{.bitmap_index=1865,.adv_w=240,.box_w=15,.box_h=15,.ofs_x=0,.ofs_y=0},
{.bitmap_index=1922,.adv_w=208,.box_w=13,.box_h=15,.ofs_x=0,.ofs_y=0},
{.bitmap_index=1971,.adv_w=240,.box_w=15,.box_h=19,.ofs_x=0,.ofs_y=-4},
{.bitmap_index=2043,.adv_w=208,.box_w=13,.box_h=15,.ofs_x=0,.ofs_y=0},
{.bitmap_index=2092,.adv_w=192,.box_w=12,.box_h=15,.ofs_x=0,.ofs_y=0},
{.bitmap_index=2137,.adv_w=192,.box_w=12,.box_h=15,.ofs_x=0,.ofs_y=0},
{.bitmap_index=2182,.adv_w=224,.box_w=14,.box_h=15,.ofs_x=0,.ofs_y=0},
{.bitmap_index=2235,.adv_w=192,.box_w=12,.box_h=15,.ofs_x=0,.ofs_y=0},
{.bitmap_index=2280,.adv_w=288,.box_w=18,.box_h=15,.ofs_x=0,.ofs_y=0},
{.bitmap_index=2348,.adv_w=176,.box_w=12,.box_h=15,.ofs_x=0,.ofs_y=0},
{.bitmap_index=2393,.adv_w=176,.box_w=12,.box_h=15,.ofs_x=-1,.ofs_y=0},
{.bitmap_index=2438,.adv_w=192,.box_w=12,.box_h=15,.ofs_x=0,.ofs_y=0},
{.bitmap_index=2483,.adv_w=112,.box_w=7,.box_h=20,.ofs_x=0,.ofs_y=-4},
{.bitmap_index=2518,.adv_w=128,.box_w=8,.box_h=20,.ofs_x=0,.ofs_y=-4},
{.bitmap_index=2558,.adv_w=112,.box_w=7,.box_h=20,.ofs_x=0,.ofs_y=-4},
{.bitmap_index=2593,.adv_w=176,.box_w=11,.box_h=15,.ofs_x=0,.ofs_y=0},
{.bitmap_index=2635,.adv_w=176,.box_w=11,.box_h=3,.ofs_x=0,.ofs_y=-3},
{.bitmap_index=2644,.adv_w=192,.box_w=12,.box_h=18,.ofs_x=0,.ofs_y=0},
{.bitmap_index=2698,.adv_w=176,.box_w=11,.box_h=11,.ofs_x=0,.ofs_y=0},
{.bitmap_index=2729,.adv_w=192,.box_w=12,.box_h=16,.ofs_x=0,.ofs_y=0},
{.bitmap_index=2777,.adv_w=160,.box_w=10,.box_h=11,.ofs_x=0,.ofs_y=0},
{.bitmap_index=2805,.adv_w=192,.box_w=12,.box_h=16,.ofs_x=0,.ofs_y=0},
{.bitmap_index=2853,.adv_w=176,.box_w=11,.box_h=11,.ofs_x=0,.ofs_y=0},
{.bitmap_index=2884,.adv_w=112,.box_w=8,.box_h=17,.ofs_x=0,.ofs_y=0},
{.bitmap_index=2918,.adv_w=176,.box_w=11,.box_h=16,.ofs_x=0,.ofs_y=-5},
{.bitmap_index=2962,.adv_w=192,.box_w=12,.box_h=16,.ofs_x=0,.ofs_y=0},
{.bitmap_index=3010,.adv_w=96,.box_w=6,.box_h=16,.ofs_x=0,.ofs_y=0},
{.bitmap_index=3034,.adv_w=96,.box_w=7,.box_h=21,.ofs_x=-1,.ofs_y=-5},
{.bitmap_index=3071,.adv_w=176,.box_w=11,.box_h=17,.ofs_x=0,.ofs_y=0},
{.bitmap_index=3118,.adv_w=96,.box_w=6,.box_h=17,.ofs_x=0,.ofs_y=0},
{.bitmap_index=3144,.adv_w=304,.box_w=19,.box_h=11,.ofs_x=0,.ofs_y=0},
{.bitmap_index=3197,.adv_w=192,.box_w=12,.box_h=11,.ofs_x=0,.ofs_y=0},
{.bitmap_index=3230,.adv_w=192,.box_w=12,.box_h=11,.ofs_x=0,.ofs_y=0},
{.bitmap_index=3263,.adv_w=192,.box_w=12,.box_h=16,.ofs_x=0,.ofs_y=-5},
{.bitmap_index=3311,.adv_w=192,.box_w=12,.box_h=16,.ofs_x=0,.ofs_y=-5},
{.bitmap_index=3359,.adv_w=128,.box_w=8,.box_h=11,.ofs_x=0,.ofs_y=0},
{.bitmap_index=3381,.adv_w=144,.box_w=9,.box_h=11,.ofs_x=0,.ofs_y=0},
{.bitmap_index=3406,.adv_w=128,.box_w=8,.box_h=15,.ofs_x=0,.ofs_y=0},
{.bitmap_index=3436,.adv_w=192,.box_w=12,.box_h=11,.ofs_x=0,.ofs_y=0},
{.bitmap_index=3469,.adv_w=160,.box_w=11,.box_h=11,.ofs_x=0,.ofs_y=0},
{.bitmap_index=3500,.adv_w=256,.box_w=16,.box_h=11,.ofs_x=0,.ofs_y=0},
{.bitmap_index=3544,.adv_w=160,.box_w=10,.box_h=11,.ofs_x=0,.ofs_y=0},
{.bitmap_index=3572,.adv_w=160,.box_w=11,.box_h=16,.ofs_x=0,.ofs_y=-5},
{.bitmap_index=3616,.adv_w=160,.box_w=10,.box_h=11,.ofs_x=0,.ofs_y=0},
{.bitmap_index=3644,.adv_w=112,.box_w=7,.box_h=20,.ofs_x=0,.ofs_y=-4},
{.bitmap_index=3679,.adv_w=80,.box_w=5,.box_h=23,.ofs_x=0,.ofs_y=-6},
{.bitmap_index=3708,.adv_w=112,.box_w=7,.box_h=20,.ofs_x=0,.ofs_y=-4},
{.bitmap_index=3743,.adv_w=176,.box_w=11,.box_h=9,.ofs_x=0,.ofs_y=0},
{.bitmap_index=3768,.adv_w=320,.box_w=20,.box_h=10,.ofs_x=0,.ofs_y=0},
{.bitmap_index=3818,.adv_w=320,.box_w=20,.box_h=8,.ofs_x=0,.ofs_y=-2},
{.bitmap_index=3858,.adv_w=320,.box_w=20,.box_h=9,.ofs_x=0,.ofs_y=0},
{.bitmap_index=3903,.adv_w=320,.box_w=20,.box_h=16,.ofs_x=0,.ofs_y=0},
{.bitmap_index=3983,.adv_w=320,.box_w=20,.box_h=19,.ofs_x=0,.ofs_y=-1},
{.bitmap_index=4078,.adv_w=320,.box_w=20,.box_h=18,.ofs_x=0,.ofs_y=-2},
{.bitmap_index=4168,.adv_w=320,.box_w=20,.box_h=18,.ofs_x=0,.ofs_y=-2},
{.bitmap_index=4258,.adv_w=320,.box_w=20,.box_h=20,.ofs_x=0,.ofs_y=-2},
{.bitmap_index=4358,.adv_w=320,.box_w=20,.box_h=20,.ofs_x=0,.ofs_y=-2},
{.bitmap_index=4458,.adv_w=320,.box_w=20,.box_h=20,.ofs_x=0,.ofs_y=-2},
{.bitmap_index=4558,.adv_w=320,.box_w=20,.box_h=19,.ofs_x=0,.ofs_y=-1},
{.bitmap_index=4653,.adv_w=320,.box_w=20,.box_h=20,.ofs_x=0,.ofs_y=-2},
{.bitmap_index=4753,.adv_w=320,.box_w=20,.box_h=20,.ofs_x=0,.ofs_y=-2},
{.bitmap_index=4853,.adv_w=320,.box_w=20,.box_h=18,.ofs_x=0,.ofs_y=-1},
{.bitmap_index=4943,.adv_w=320,.box_w=20,.box_h=20,.ofs_x=0,.ofs_y=-2},
{.bitmap_index=5043,.adv_w=320,.box_w=20,.box_h=20,.ofs_x=0,.ofs_y=-2},
{.bitmap_index=5143,.adv_w=320,.box_w=20,.box_h=19,.ofs_x=0,.ofs_y=-2},
{.bitmap_index=5238,.adv_w=320,.box_w=20,.box_h=18,.ofs_x=0,.ofs_y=-2},
{.bitmap_index=5328,.adv_w=320,.box_w=20,.box_h=20,.ofs_x=0,.ofs_y=-2},
{.bitmap_index=5428,.adv_w=320,.box_w=20,.box_h=20,.ofs_x=0,.ofs_y=-2},
{.bitmap_index=5528,.adv_w=320,.box_w=20,.box_h=20,.ofs_x=0,.ofs_y=-2},
{.bitmap_index=5628,.adv_w=320,.box_w=20,.box_h=18,.ofs_x=0,.ofs_y=-1},
{.bitmap_index=5718,.adv_w=320,.box_w=20,.box_h=20,.ofs_x=0,.ofs_y=-2},
{.bitmap_index=5818,.adv_w=320,.box_w=20,.box_h=20,.ofs_x=0,.ofs_y=-2},
{.bitmap_index=5918,.adv_w=320,.box_w=20,.box_h=20,.ofs_x=0,.ofs_y=-2},
{.bitmap_index=6018,.adv_w=320,.box_w=20,.box_h=20,.ofs_x=0,.ofs_y=-2},
{.bitmap_index=6118,.adv_w=320,.box_w=20,.box_h=20,.ofs_x=0,.ofs_y=-2},
{.bitmap_index=6218,.adv_w=320,.box_w=20,.box_h=18,.ofs_x=0,.ofs_y=-1},
{.bitmap_index=6308,.adv_w=320,.box_w=20,.box_h=19,.ofs_x=0,.ofs_y=-1},
{.bitmap_index=6403,.adv_w=320,.box_w=20,.box_h=19,.ofs_x=0,.ofs_y=-1},
{.bitmap_index=6498,.adv_w=320,.box_w=20,.box_h=20,.ofs_x=0,.ofs_y=-2},
{.bitmap_index=6598,.adv_w=320,.box_w=20,.box_h=20,.ofs_x=0,.ofs_y=-2},
{.bitmap_index=6698,.adv_w=320,.box_w=20,.box_h=19,.ofs_x=0,.ofs_y=-2},
{.bitmap_index=6793,.adv_w=320,.box_w=20,.box_h=19,.ofs_x=0,.ofs_y=-2},
{.bitmap_index=6888,.adv_w=320,.box_w=20,.box_h=20,.ofs_x=0,.ofs_y=-2},
{.bitmap_index=6988,.adv_w=320,.box_w=20,.box_h=20,.ofs_x=0,.ofs_y=-2},
{.bitmap_index=7088,.adv_w=320,.box_w=20,.box_h=20,.ofs_x=0,.ofs_y=-2},
{.bitmap_index=7188,.adv_w=320,.box_w=20,.box_h=18,.ofs_x=0,.ofs_y=-2},
{.bitmap_index=7278,.adv_w=320,.box_w=20,.box_h=20,.ofs_x=0,.ofs_y=-2},
{.bitmap_index=7378,.adv_w=320,.box_w=20,.box_h=19,.ofs_x=0,.ofs_y=-2},
{.bitmap_index=7473,.adv_w=320,.box_w=20,.box_h=20,.ofs_x=0,.ofs_y=-2},
{.bitmap_index=7573,.adv_w=320,.box_w=20,.box_h=20,.ofs_x=0,.ofs_y=-2},
{.bitmap_index=7673,.adv_w=320,.box_w=20,.box_h=20,.ofs_x=0,.ofs_y=-2},
{.bitmap_index=7773,.adv_w=320,.box_w=20,.box_h=20,.ofs_x=0,.ofs_y=-2},
{.bitmap_index=7873,.adv_w=320,.box_w=20,.box_h=20,.ofs_x=0,.ofs_y=-2},
{.bitmap_index=7973,.adv_w=320,.box_w=20,.box_h=20,.ofs_x=0,.ofs_y=-2},
{.bitmap_index=8073,.adv_w=320,.box_w=20,.box_h=20,.ofs_x=0,.ofs_y=-2},
{.bitmap_index=8173,.adv_w=320,.box_w=20,.box_h=20,.ofs_x=0,.ofs_y=-2},
{.bitmap_index=8273,.adv_w=320,.box_w=20,.box_h=20,.ofs_x=0,.ofs_y=-2},
{.bitmap_index=8373,.adv_w=320,.box_w=20,.box_h=19,.ofs_x=0,.ofs_y=-2},
{.bitmap_index=8468,.adv_w=320,.box_w=20,.box_h=18,.ofs_x=0,.ofs_y=-2},
{.bitmap_index=8558,.adv_w=320,.box_w=20,.box_h=18,.ofs_x=0,.ofs_y=-2},
{.bitmap_index=8648,.adv_w=320,.box_w=20,.box_h=19,.ofs_x=0,.ofs_y=-2},
{.bitmap_index=8743,.adv_w=320,.box_w=20,.box_h=20,.ofs_x=0,.ofs_y=-2},
{.bitmap_index=8843,.adv_w=320,.box_w=20,.box_h=20,.ofs_x=0,.ofs_y=-2},
{.bitmap_index=8943,.adv_w=320,.box_w=20,.box_h=19,.ofs_x=0,.ofs_y=-2},
{.bitmap_index=9038,.adv_w=320,.box_w=20,.box_h=19,.ofs_x=0,.ofs_y=-2},
{.bitmap_index=9133,.adv_w=320,.box_w=20,.box_h=20,.ofs_x=0,.ofs_y=-2},
{.bitmap_index=9233,.adv_w=320,.box_w=20,.box_h=20,.ofs_x=0,.ofs_y=-2},
{.bitmap_index=9333,.adv_w=320,.box_w=20,.box_h=20,.ofs_x=0,.ofs_y=-2},
{.bitmap_index=9433,.adv_w=320,.box_w=20,.box_h=20,.ofs_x=0,.ofs_y=-2},
{.bitmap_index=9533,.adv_w=320,.box_w=20,.box_h=20,.ofs_x=0,.ofs_y=-2},
{.bitmap_index=9633,.adv_w=320,.box_w=20,.box_h=19,.ofs_x=0,.ofs_y=-2},
{.bitmap_index=9728,.adv_w=320,.box_w=20,.box_h=19,.ofs_x=0,.ofs_y=-2},
{.bitmap_index=9823,.adv_w=320,.box_w=20,.box_h=19,.ofs_x=0,.ofs_y=-2},
{.bitmap_index=9918,.adv_w=320,.box_w=20,.box_h=19,.ofs_x=0,.ofs_y=-2},
{.bitmap_index=10013,.adv_w=320,.box_w=20,.box_h=20,.ofs_x=0,.ofs_y=-2},
{.bitmap_index=10113,.adv_w=320,.box_w=20,.box_h=19,.ofs_x=0,.ofs_y=-1},
{.bitmap_index=10208,.adv_w=320,.box_w=20,.box_h=20,.ofs_x=0,.ofs_y=-2},
{.bitmap_index=10308,.adv_w=320,.box_w=20,.box_h=20,.ofs_x=0,.ofs_y=-2},
{.bitmap_index=10408,.adv_w=320,.box_w=20,.box_h=18,.ofs_x=0,.ofs_y=-2},
{.bitmap_index=10498,.adv_w=320,.box_w=20,.box_h=20,.ofs_x=0,.ofs_y=-2},
{.bitmap_index=10598,.adv_w=320,.box_w=20,.box_h=20,.ofs_x=0,.ofs_y=-2},
{.bitmap_index=10698,.adv_w=320,.box_w=20,.box_h=20,.ofs_x=0,.ofs_y=-2},
{.bitmap_index=10798,.adv_w=320,.box_w=20,.box_h=20,.ofs_x=0,.ofs_y=-2},
{.bitmap_index=10898,.adv_w=320,.box_w=20,.box_h=20,.ofs_x=0,.ofs_y=-2},
{.bitmap_index=10998,.adv_w=320,.box_w=20,.box_h=20,.ofs_x=0,.ofs_y=-2},
{.bitmap_index=11098,.adv_w=320,.box_w=20,.box_h=20,.ofs_x=0,.ofs_y=-2},
{.bitmap_index=11198,.adv_w=320,.box_w=20,.box_h=20,.ofs_x=0,.ofs_y=-2},
{.bitmap_index=11298,.adv_w=320,.box_w=20,.box_h=19,.ofs_x=0,.ofs_y=-2},
{.bitmap_index=11393,.adv_w=320,.box_w=20,.box_h=20,.ofs_x=0,.ofs_y=-2},
{.bitmap_index=11493,.adv_w=320,.box_w=20,.box_h=19,.ofs_x=0,.ofs_y=-1},
{.bitmap_index=11588,.adv_w=320,.box_w=20,.box_h=20,.ofs_x=0,.ofs_y=-2},
{.bitmap_index=11688,.adv_w=320,.box_w=20,.box_h=20,.ofs_x=0,.ofs_y=-2},
{.bitmap_index=11788,.adv_w=320,.box_w=20,.box_h=20,.ofs_x=0,.ofs_y=-2},
{.bitmap_index=11888,.adv_w=320,.box_w=20,.box_h=20,.ofs_x=0,.ofs_y=-2},
{.bitmap_index=11988,.adv_w=320,.box_w=20,.box_h=20,.ofs_x=0,.ofs_y=-2},
{.bitmap_index=12088,.adv_w=320,.box_w=20,.box_h=20,.ofs_x=0,.ofs_y=-2},
{.bitmap_index=12188,.adv_w=320,.box_w=20,.box_h=20,.ofs_x=0,.ofs_y=-2},
{.bitmap_index=12288,.adv_w=320,.box_w=20,.box_h=18,.ofs_x=0,.ofs_y=-2},
{.bitmap_index=12378,.adv_w=320,.box_w=20,.box_h=19,.ofs_x=0,.ofs_y=-2},
{.bitmap_index=12473,.adv_w=320,.box_w=20,.box_h=18,.ofs_x=0,.ofs_y=-1},
{.bitmap_index=12563,.adv_w=320,.box_w=20,.box_h=20,.ofs_x=0,.ofs_y=-2},
{.bitmap_index=12663,.adv_w=320,.box_w=20,.box_h=18,.ofs_x=0,.ofs_y=-2},
{.bitmap_index=12753,.adv_w=320,.box_w=20,.box_h=20,.ofs_x=0,.ofs_y=-2},
{.bitmap_index=12853,.adv_w=320,.box_w=20,.box_h=20,.ofs_x=0,.ofs_y=-2},
{.bitmap_index=12953,.adv_w=320,.box_w=20,.box_h=19,.ofs_x=0,.ofs_y=-2},
{.bitmap_index=13048,.adv_w=320,.box_w=20,.box_h=20,.ofs_x=0,.ofs_y=-2},
{.bitmap_index=13148,.adv_w=320,.box_w=20,.box_h=20,.ofs_x=0,.ofs_y=-2},
{.bitmap_index=13248,.adv_w=320,.box_w=20,.box_h=18,.ofs_x=0,.ofs_y=-1},
{.bitmap_index=13338,.adv_w=320,.box_w=20,.box_h=20,.ofs_x=0,.ofs_y=-2},
{.bitmap_index=13438,.adv_w=320,.box_w=20,.box_h=20,.ofs_x=0,.ofs_y=-2},
{.bitmap_index=13538,.adv_w=320,.box_w=20,.box_h=20,.ofs_x=0,.ofs_y=-2},
{.bitmap_index=13638,.adv_w=320,.box_w=20,.box_h=19,.ofs_x=0,.ofs_y=-1},
{.bitmap_index=13733,.adv_w=320,.box_w=20,.box_h=20,.ofs_x=0,.ofs_y=-2},
{.bitmap_index=13833,.adv_w=320,.box_w=20,.box_h=20,.ofs_x=0,.ofs_y=-2},
{.bitmap_index=13933,.adv_w=320,.box_w=20,.box_h=20,.ofs_x=0,.ofs_y=-2},
{.bitmap_index=14033,.adv_w=320,.box_w=20,.box_h=20,.ofs_x=0,.ofs_y=-2},
{.bitmap_index=14133,.adv_w=320,.box_w=20,.box_h=20,.ofs_x=0,.ofs_y=-2},
{.bitmap_index=14233,.adv_w=320,.box_w=20,.box_h=20,.ofs_x=0,.ofs_y=-2},
{.bitmap_index=14333,.adv_w=320,.box_w=20,.box_h=20,.ofs_x=0,.ofs_y=-2},
{.bitmap_index=14433,.adv_w=320,.box_w=20,.box_h=20,.ofs_x=0,.ofs_y=-2},
{.bitmap_index=14533,.adv_w=320,.box_w=20,.box_h=20,.ofs_x=0,.ofs_y=-2},
{.bitmap_index=14633,.adv_w=320,.box_w=20,.box_h=20,.ofs_x=0,.ofs_y=-2},
{.bitmap_index=14733,.adv_w=320,.box_w=20,.box_h=20,.ofs_x=0,.ofs_y=-2},
{.bitmap_index=14833,.adv_w=320,.box_w=20,.box_h=20,.ofs_x=0,.ofs_y=-2},
{.bitmap_index=14933,.adv_w=320,.box_w=20,.box_h=20,.ofs_x=0,.ofs_y=-2},
{.bitmap_index=15033,.adv_w=320,.box_w=20,.box_h=19,.ofs_x=0,.ofs_y=-1},
{.bitmap_index=15128,.adv_w=320,.box_w=20,.box_h=20,.ofs_x=0,.ofs_y=-2},
{.bitmap_index=15228,.adv_w=320,.box_w=20,.box_h=18,.ofs_x=0,.ofs_y=-2},
{.bitmap_index=15318,.adv_w=320,.box_w=20,.box_h=19,.ofs_x=0,.ofs_y=-2},
{.bitmap_index=15413,.adv_w=320,.box_w=20,.box_h=20,.ofs_x=0,.ofs_y=-2},
{.bitmap_index=15513,.adv_w=320,.box_w=20,.box_h=20,.ofs_x=0,.ofs_y=-2},
{.bitmap_index=15613,.adv_w=320,.box_w=20,.box_h=20,.ofs_x=0,.ofs_y=-2},
{.bitmap_index=15713,.adv_w=320,.box_w=20,.box_h=20,.ofs_x=0,.ofs_y=-2},
{.bitmap_index=15813,.adv_w=320,.box_w=20,.box_h=20,.ofs_x=0,.ofs_y=-2},
{.bitmap_index=15913,.adv_w=320,.box_w=20,.box_h=20,.ofs_x=0,.ofs_y=-2},
{.bitmap_index=16013,.adv_w=320,.box_w=20,.box_h=20,.ofs_x=0,.ofs_y=-2},
{.bitmap_index=16113,.adv_w=320,.box_w=20,.box_h=19,.ofs_x=0,.ofs_y=-2},
{.bitmap_index=16208,.adv_w=320,.box_w=20,.box_h=19,.ofs_x=0,.ofs_y=-1},
{.bitmap_index=16303,.adv_w=320,.box_w=20,.box_h=20,.ofs_x=0,.ofs_y=-2},
{.bitmap_index=16403,.adv_w=320,.box_w=20,.box_h=20,.ofs_x=0,.ofs_y=-2},
{.bitmap_index=16503,.adv_w=320,.box_w=20,.box_h=20,.ofs_x=0,.ofs_y=-2},
{.bitmap_index=16603,.adv_w=320,.box_w=20,.box_h=20,.ofs_x=0,.ofs_y=-2},
{.bitmap_index=16703,.adv_w=320,.box_w=20,.box_h=20,.ofs_x=0,.ofs_y=-2},
{.bitmap_index=16803,.adv_w=320,.box_w=20,.box_h=20,.ofs_x=0,.ofs_y=-2},
{.bitmap_index=16903,.adv_w=320,.box_w=20,.box_h=20,.ofs_x=0,.ofs_y=-2},
{.bitmap_index=17003,.adv_w=320,.box_w=20,.box_h=20,.ofs_x=0,.ofs_y=-2},
{.bitmap_index=17103,.adv_w=320,.box_w=20,.box_h=20,.ofs_x=0,.ofs_y=-2},
{.bitmap_index=17203,.adv_w=320,.box_w=20,.box_h=20,.ofs_x=0,.ofs_y=-2},
{.bitmap_index=17303,.adv_w=320,.box_w=20,.box_h=17,.ofs_x=0,.ofs_y=-1},
{.bitmap_index=17388,.adv_w=320,.box_w=20,.box_h=20,.ofs_x=0,.ofs_y=-2},
{.bitmap_index=17488,.adv_w=320,.box_w=20,.box_h=20,.ofs_x=0,.ofs_y=-2},
{.bitmap_index=17588,.adv_w=320,.box_w=20,.box_h=20,.ofs_x=0,.ofs_y=-2},
{.bitmap_index=17688,.adv_w=320,.box_w=20,.box_h=20,.ofs_x=0,.ofs_y=-2},
{.bitmap_index=17788,.adv_w=320,.box_w=20,.box_h=19,.ofs_x=0,.ofs_y=-2},
{.bitmap_index=17883,.adv_w=320,.box_w=20,.box_h=20,.ofs_x=0,.ofs_y=-2},
{.bitmap_index=17983,.adv_w=320,.box_w=20,.box_h=20,.ofs_x=0,.ofs_y=-2},
{.bitmap_index=18083,.adv_w=320,.box_w=20,.box_h=20,.ofs_x=0,.ofs_y=-2},
{.bitmap_index=18183,.adv_w=320,.box_w=20,.box_h=20,.ofs_x=0,.ofs_y=-2},
{.bitmap_index=18283,.adv_w=320,.box_w=20,.box_h=20,.ofs_x=0,.ofs_y=-2},
{.bitmap_index=18383,.adv_w=320,.box_w=20,.box_h=20,.ofs_x=0,.ofs_y=-2},
{.bitmap_index=18483,.adv_w=320,.box_w=20,.box_h=20,.ofs_x=0,.ofs_y=-2},
{.bitmap_index=18583,.adv_w=320,.box_w=20,.box_h=20,.ofs_x=0,.ofs_y=-2},
{.bitmap_index=18683,.adv_w=320,.box_w=20,.box_h=20,.ofs_x=0,.ofs_y=-2},
{.bitmap_index=18783,.adv_w=320,.box_w=20,.box_h=19,.ofs_x=0,.ofs_y=-2},
{.bitmap_index=18878,.adv_w=320,.box_w=20,.box_h=20,.ofs_x=0,.ofs_y=-2},
{.bitmap_index=18978,.adv_w=320,.box_w=20,.box_h=20,.ofs_x=0,.ofs_y=-2},
{.bitmap_index=19078,.adv_w=320,.box_w=20,.box_h=20,.ofs_x=0,.ofs_y=-2},
{.bitmap_index=19178,.adv_w=320,.box_w=20,.box_h=20,.ofs_x=0,.ofs_y=-2},
{.bitmap_index=19278,.adv_w=320,.box_w=20,.box_h=19,.ofs_x=0,.ofs_y=-2},
{.bitmap_index=19373,.adv_w=320,.box_w=20,.box_h=19,.ofs_x=0,.ofs_y=-2},
{.bitmap_index=19468,.adv_w=320,.box_w=20,.box_h=20,.ofs_x=0,.ofs_y=-2},
{.bitmap_index=19568,.adv_w=320,.box_w=20,.box_h=20,.ofs_x=0,.ofs_y=-2},
{.bitmap_index=19668,.adv_w=320,.box_w=20,.box_h=20,.ofs_x=0,.ofs_y=-2},
{.bitmap_index=19768,.adv_w=320,.box_w=20,.box_h=20,.ofs_x=0,.ofs_y=-2},
{.bitmap_index=19868,.adv_w=320,.box_w=20,.box_h=20,.ofs_x=0,.ofs_y=-2},
{.bitmap_index=19968,.adv_w=320,.box_w=20,.box_h=20,.ofs_x=0,.ofs_y=-2},
{.bitmap_index=20068,.adv_w=320,.box_w=20,.box_h=20,.ofs_x=0,.ofs_y=-2},
{.bitmap_index=20168,.adv_w=320,.box_w=20,.box_h=20,.ofs_x=0,.ofs_y=-2},
{.bitmap_index=20268,.adv_w=320,.box_w=20,.box_h=20,.ofs_x=0,.ofs_y=-2},
{.bitmap_index=20368,.adv_w=320,.box_w=20,.box_h=20,.ofs_x=0,.ofs_y=-2},
{.bitmap_index=20468,.adv_w=320,.box_w=20,.box_h=20,.ofs_x=0,.ofs_y=-2},
{.bitmap_index=20568,.adv_w=320,.box_w=20,.box_h=19,.ofs_x=0,.ofs_y=-1},
{.bitmap_index=20663,.adv_w=320,.box_w=20,.box_h=18,.ofs_x=0,.ofs_y=-2},
{.bitmap_index=20753,.adv_w=320,.box_w=20,.box_h=20,.ofs_x=0,.ofs_y=-2},
{.bitmap_index=20853,.adv_w=320,.box_w=20,.box_h=20,.ofs_x=0,.ofs_y=-2},
{.bitmap_index=20953,.adv_w=320,.box_w=20,.box_h=20,.ofs_x=0,.ofs_y=-2},
{.bitmap_index=21053,.adv_w=320,.box_w=20,.box_h=20,.ofs_x=0,.ofs_y=-2},
{.bitmap_index=21153,.adv_w=320,.box_w=20,.box_h=19,.ofs_x=0,.ofs_y=-1},
{.bitmap_index=21248,.adv_w=320,.box_w=20,.box_h=19,.ofs_x=0,.ofs_y=-1},
{.bitmap_index=21343,.adv_w=320,.box_w=20,.box_h=20,.ofs_x=0,.ofs_y=-2},
{.bitmap_index=21443,.adv_w=320,.box_w=20,.box_h=20,.ofs_x=0,.ofs_y=-2},
{.bitmap_index=21543,.adv_w=320,.box_w=20,.box_h=20,.ofs_x=0,.ofs_y=-2},
{.bitmap_index=21643,.adv_w=320,.box_w=20,.box_h=18,.ofs_x=0,.ofs_y=-2},
{.bitmap_index=21733,.adv_w=320,.box_w=20,.box_h=20,.ofs_x=0,.ofs_y=-2},
{.bitmap_index=21833,.adv_w=320,.box_w=20,.box_h=20,.ofs_x=0,.ofs_y=-2},
{.bitmap_index=21933,.adv_w=320,.box_w=20,.box_h=20,.ofs_x=0,.ofs_y=-2},
{.bitmap_index=22033,.adv_w=320,.box_w=20,.box_h=19,.ofs_x=0,.ofs_y=-1},
{.bitmap_index=22128,.adv_w=320,.box_w=20,.box_h=20,.ofs_x=0,.ofs_y=-2},
{.bitmap_index=22228,.adv_w=320,.box_w=20,.box_h=20,.ofs_x=0,.ofs_y=-2},
{.bitmap_index=22328,.adv_w=320,.box_w=20,.box_h=20,.ofs_x=0,.ofs_y=-2},
{.bitmap_index=22428,.adv_w=320,.box_w=20,.box_h=19,.ofs_x=0,.ofs_y=-1},
{.bitmap_index=22523,.adv_w=320,.box_w=20,.box_h=20,.ofs_x=0,.ofs_y=-2},
{.bitmap_index=22623,.adv_w=320,.box_w=20,.box_h=20,.ofs_x=0,.ofs_y=-2},
{.bitmap_index=22723,.adv_w=320,.box_w=20,.box_h=20,.ofs_x=0,.ofs_y=-2},
{.bitmap_index=22823,.adv_w=320,.box_w=20,.box_h=20,.ofs_x=0,.ofs_y=-2},
{.bitmap_index=22923,.adv_w=320,.box_w=20,.box_h=20,.ofs_x=0,.ofs_y=-2},
{.bitmap_index=23023,.adv_w=320,.box_w=20,.box_h=20,.ofs_x=0,.ofs_y=-2},
{.bitmap_index=23123,.adv_w=320,.box_w=20,.box_h=19,.ofs_x=0,.ofs_y=-2},
{.bitmap_index=23218,.adv_w=320,.box_w=20,.box_h=19,.ofs_x=0,.ofs_y=-1},
{.bitmap_index=23313,.adv_w=320,.box_w=20,.box_h=20,.ofs_x=0,.ofs_y=-2},
{.bitmap_index=23413,.adv_w=320,.box_w=20,.box_h=19,.ofs_x=0,.ofs_y=-1},
{.bitmap_index=23508,.adv_w=320,.box_w=20,.box_h=20,.ofs_x=0,.ofs_y=-2},
{.bitmap_index=23608,.adv_w=320,.box_w=20,.box_h=19,.ofs_x=0,.ofs_y=-2},
{.bitmap_index=23703,.adv_w=320,.box_w=20,.box_h=18,.ofs_x=0,.ofs_y=-1},
{.bitmap_index=23793,.adv_w=320,.box_w=20,.box_h=20,.ofs_x=0,.ofs_y=-2},
{.bitmap_index=23893,.adv_w=320,.box_w=20,.box_h=19,.ofs_x=0,.ofs_y=-2},
{.bitmap_index=23988,.adv_w=320,.box_w=20,.box_h=20,.ofs_x=0,.ofs_y=-2},
{.bitmap_index=24088,.adv_w=320,.box_w=20,.box_h=19,.ofs_x=0,.ofs_y=-2},
{.bitmap_index=24183,.adv_w=320,.box_w=20,.box_h=20,.ofs_x=0,.ofs_y=-2},
{.bitmap_index=24283,.adv_w=320,.box_w=20,.box_h=20,.ofs_x=0,.ofs_y=-2},
{.bitmap_index=24383,.adv_w=320,.box_w=20,.box_h=20,.ofs_x=0,.ofs_y=-2},
{.bitmap_index=24483,.adv_w=320,.box_w=20,.box_h=20,.ofs_x=0,.ofs_y=-2},
{.bitmap_index=24583,.adv_w=320,.box_w=20,.box_h=20,.ofs_x=0,.ofs_y=-2},
{.bitmap_index=24683,.adv_w=320,.box_w=20,.box_h=20,.ofs_x=0,.ofs_y=-2},
{.bitmap_index=24783,.adv_w=320,.box_w=20,.box_h=20,.ofs_x=0,.ofs_y=-2},
{.bitmap_index=24883,.adv_w=320,.box_w=20,.box_h=20,.ofs_x=0,.ofs_y=-2},
{.bitmap_index=24983,.adv_w=320,.box_w=20,.box_h=20,.ofs_x=0,.ofs_y=-2},
{.bitmap_index=25083,.adv_w=320,.box_w=20,.box_h=20,.ofs_x=0,.ofs_y=-2},
{.bitmap_index=25183,.adv_w=320,.box_w=20,.box_h=19,.ofs_x=0,.ofs_y=-2},
{.bitmap_index=25278,.adv_w=320,.box_w=20,.box_h=20,.ofs_x=0,.ofs_y=-2},
{.bitmap_index=25378,.adv_w=320,.box_w=20,.box_h=20,.ofs_x=0,.ofs_y=-2},
{.bitmap_index=25478,.adv_w=320,.box_w=20,.box_h=20,.ofs_x=0,.ofs_y=-2},
{.bitmap_index=25578,.adv_w=320,.box_w=20,.box_h=20,.ofs_x=0,.ofs_y=-2},
{.bitmap_index=25678,.adv_w=320,.box_w=20,.box_h=20,.ofs_x=0,.ofs_y=-2},
{.bitmap_index=25778,.adv_w=320,.box_w=20,.box_h=20,.ofs_x=0,.ofs_y=-2},
{.bitmap_index=25878,.adv_w=320,.box_w=20,.box_h=20,.ofs_x=0,.ofs_y=-2},
{.bitmap_index=25978,.adv_w=320,.box_w=20,.box_h=18,.ofs_x=0,.ofs_y=-1},
{.bitmap_index=26068,.adv_w=320,.box_w=20,.box_h=20,.ofs_x=0,.ofs_y=-2},
{.bitmap_index=26168,.adv_w=320,.box_w=20,.box_h=20,.ofs_x=0,.ofs_y=-2},
{.bitmap_index=26268,.adv_w=320,.box_w=20,.box_h=20,.ofs_x=0,.ofs_y=-2},
{.bitmap_index=26368,.adv_w=320,.box_w=20,.box_h=20,.ofs_x=0,.ofs_y=-2},
{.bitmap_index=26468,.adv_w=320,.box_w=20,.box_h=20,.ofs_x=0,.ofs_y=-2},
{.bitmap_index=26568,.adv_w=320,.box_w=20,.box_h=19,.ofs_x=0,.ofs_y=-2},
{.bitmap_index=26663,.adv_w=320,.box_w=20,.box_h=20,.ofs_x=0,.ofs_y=-2},
{.bitmap_index=26763,.adv_w=320,.box_w=20,.box_h=20,.ofs_x=0,.ofs_y=-2},
{.bitmap_index=26863,.adv_w=320,.box_w=20,.box_h=20,.ofs_x=0,.ofs_y=-2},
{.bitmap_index=26963,.adv_w=320,.box_w=20,.box_h=20,.ofs_x=0,.ofs_y=-2},
{.bitmap_index=27063,.adv_w=320,.box_w=20,.box_h=20,.ofs_x=0,.ofs_y=-2},
{.bitmap_index=27163,.adv_w=320,.box_w=20,.box_h=20,.ofs_x=0,.ofs_y=-2},
{.bitmap_index=27263,.adv_w=320,.box_w=20,.box_h=20,.ofs_x=0,.ofs_y=-2},
{.bitmap_index=27363,.adv_w=320,.box_w=20,.box_h=20,.ofs_x=0,.ofs_y=-2},
{.bitmap_index=27463,.adv_w=320,.box_w=20,.box_h=20,.ofs_x=0,.ofs_y=-2},
{.bitmap_index=27563,.adv_w=320,.box_w=20,.box_h=20,.ofs_x=0,.ofs_y=-2},
{.bitmap_index=27663,.adv_w=320,.box_w=20,.box_h=20,.ofs_x=0,.ofs_y=-2},
{.bitmap_index=27763,.adv_w=320,.box_w=20,.box_h=19,.ofs_x=0,.ofs_y=-1},
{.bitmap_index=27858,.adv_w=320,.box_w=20,.box_h=20,.ofs_x=0,.ofs_y=-2},
{.bitmap_index=27958,.adv_w=320,.box_w=20,.box_h=20,.ofs_x=0,.ofs_y=-2},
{.bitmap_index=28058,.adv_w=320,.box_w=20,.box_h=20,.ofs_x=0,.ofs_y=-2},
{.bitmap_index=28158,.adv_w=320,.box_w=20,.box_h=20,.ofs_x=0,.ofs_y=-2},
{.bitmap_index=28258,.adv_w=320,.box_w=20,.box_h=20,.ofs_x=0,.ofs_y=-2},
{.bitmap_index=28358,.adv_w=320,.box_w=20,.box_h=20,.ofs_x=0,.ofs_y=-2},
{.bitmap_index=28458,.adv_w=320,.box_w=20,.box_h=20,.ofs_x=0,.ofs_y=-2},
{.bitmap_index=28558,.adv_w=320,.box_w=20,.box_h=20,.ofs_x=0,.ofs_y=-2},
{.bitmap_index=28658,.adv_w=320,.box_w=20,.box_h=20,.ofs_x=0,.ofs_y=-2},
{.bitmap_index=28758,.adv_w=320,.box_w=20,.box_h=20,.ofs_x=0,.ofs_y=-2},
{.bitmap_index=28858,.adv_w=320,.box_w=20,.box_h=19,.ofs_x=0,.ofs_y=-2},
{.bitmap_index=28953,.adv_w=320,.box_w=20,.box_h=20,.ofs_x=0,.ofs_y=-2},
{.bitmap_index=29053,.adv_w=320,.box_w=20,.box_h=19,.ofs_x=0,.ofs_y=-2},
{.bitmap_index=29148,.adv_w=320,.box_w=20,.box_h=20,.ofs_x=0,.ofs_y=-2},
{.bitmap_index=29248,.adv_w=320,.box_w=20,.box_h=19,.ofs_x=0,.ofs_y=-2},
{.bitmap_index=29343,.adv_w=320,.box_w=20,.box_h=20,.ofs_x=0,.ofs_y=-2},
{.bitmap_index=29443,.adv_w=320,.box_w=20,.box_h=20,.ofs_x=0,.ofs_y=-2},
{.bitmap_index=29543,.adv_w=320,.box_w=20,.box_h=20,.ofs_x=0,.ofs_y=-2},
{.bitmap_index=29643,.adv_w=320,.box_w=20,.box_h=20,.ofs_x=0,.ofs_y=-2},
{.bitmap_index=29743,.adv_w=320,.box_w=20,.box_h=20,.ofs_x=0,.ofs_y=-2},
{.bitmap_index=29843,.adv_w=320,.box_w=20,.box_h=20,.ofs_x=0,.ofs_y=-2},
{.bitmap_index=29943,.adv_w=320,.box_w=20,.box_h=20,.ofs_x=0,.ofs_y=-2},
{.bitmap_index=30043,.adv_w=320,.box_w=20,.box_h=19,.ofs_x=0,.ofs_y=-2},
{.bitmap_index=30138,.adv_w=320,.box_w=20,.box_h=19,.ofs_x=0,.ofs_y=-1},
{.bitmap_index=30233,.adv_w=320,.box_w=20,.box_h=20,.ofs_x=0,.ofs_y=-2},
{.bitmap_index=30333,.adv_w=320,.box_w=20,.box_h=20,.ofs_x=0,.ofs_y=-2},
{.bitmap_index=30433,.adv_w=320,.box_w=20,.box_h=20,.ofs_x=0,.ofs_y=-2},
{.bitmap_index=30533,.adv_w=320,.box_w=20,.box_h=20,.ofs_x=0,.ofs_y=-2},
{.bitmap_index=30633,.adv_w=320,.box_w=20,.box_h=20,.ofs_x=0,.ofs_y=-2},
{.bitmap_index=30733,.adv_w=320,.box_w=20,.box_h=20,.ofs_x=0,.ofs_y=-2},
{.bitmap_index=30833,.adv_w=320,.box_w=20,.box_h=16,.ofs_x=0,.ofs_y=0},
{.bitmap_index=30913,.adv_w=320,.box_w=20,.box_h=8,.ofs_x=0,.ofs_y=-3},
{.bitmap_index=30953,.adv_w=320,.box_w=20,.box_h=16,.ofs_x=0,.ofs_y=0},
{.bitmap_index=31033,.adv_w=320,.box_w=20,.box_h=16,.ofs_x=0,.ofs_y=0} };
static const uint16_t unicode_list[]={ 0,1,2,3,4,5,6,7,8,9,10,11,12,13,14,15,16,17,18,19,20,21,22,23,24,25,26,27,28,29,30,31,32,33,34,35,36,37,38,39,40,41,42,43,44,45,46,47,48,49,50,51,52,53,54,55,56,57,58,59,60,61,62,63,64,65,66,67,68,69,70,71,72,73,74,75,76,77,78,79,80,81,82,83,84,85,86,87,88,89,90,91,92,93,94,151,12258,19936,19945,19946,19947,19949,19950,19955,19964,19978,19986,19994,20008,20016,20031,20070,20081,20128,20138,20148,20165,20275,20288,20383,20413,20417,20805,20808,20816,20819,20822,20823,20845,20883,20887,20954,20960,20966,20967,21001,21003,21034,21128,21290,21303,21403,21421,21425,21430,21443,21455,21464,21475,21480,21495,21502,21587,21597,21622,21830,21884,21905,22206,22224,22237,22280,22529,22765,22791,22793,22801,22809,22823,22877,22882,22887,22955,23078,23344,23352,23395,23404,23418,23422,23519,23526,23535,23569,23997,23998,24018,24088,24146,24166,24183,24288,24303,24424,24492,24523,24642,24692,24787,24815,24831,25227,25245,25257,25260,25289,25308,25321,25410,25458,25549,25886,25940,25977,26053,26094,26163,26170,26335,26345,26431,26437,26487,26492,26565,26599,26658,26664,26693,26784,26866,26896,27137,27393,27394,27459,27668,27689,27701,27716,27769,27777,27795,27801,27803,27841,27842,27943,27991,28008,28097,28133,28214,28216,28494,28747,28786,28824,28825,28868,28871,28875,28877,28918,29006,29010,29243,29257,29951,29960,30026,30119,30301,30308,30390,30392,30424,30433,30443,30675,30690,30798,31131,31322,31500,31540,31547,31582,31607,31827,31835,31849,31876,31877,32384,32405,32415,32431,32435,32567,32590,32618,32826,32873,32896,32984,33066,33072,33226,33508,33724,33800,34060,34515,34714,35167,35241,35716,35721,35742,35773,35796,35857,35878,36101,36183,36699,36739,36775,36784,36788,36792,36793,36795,36832,36834,36841,37064,37085,37201,37208,37293,38033,38117,38239,38344,38399,38448,38468,38511,38558,38720,38722,38857,39001,39007,39012,39103,39152,39240,39245,39258,39268,39277,39500,40028,40060,40119,40449,40603,40612,40632,65249,65260,65279,65477 };
static const lv_font_fmt_txt_cmap_t cmaps[]={ {.range_start=32,.range_length=65478,.glyph_id_start=1,.unicode_list=unicode_list,.list_length=376,.type=LV_FONT_FMT_TXT_CMAP_SPARSE_TINY} };
static const lv_font_fmt_txt_dsc_t dsc={.glyph_bitmap=bitmap,.glyph_dsc=glyphs,.cmaps=cmaps,.cmap_num=1,.bpp=2,.bitmap_format=0};
const lv_font_t dinner_font_20={.get_glyph_dsc=lv_font_get_glyph_dsc_fmt_txt,.get_glyph_bitmap=lv_font_get_bitmap_fmt_txt,.line_height=28,.base_line=6,.dsc=&dsc};
