/* Generated by tools/generate_dinner_fonts.py; Noto Sans SC. Copyright (c) 2014-2021 Adobe. SIL OFL 1.1; see OFL.txt. */
#include "lvgl.h"
static const uint8_t bitmap[]={ 0x18,0x07,0x01,0xc0,0x60,0x18,0x06,0x01,0x80,0x20,0x00,0x06,0x01,0xc0,0x28,0xd0,0xa3,0x42,0x4d,0x09,
0x20,0x00,0x00,0x00,0x00,0x00,0x00,0x00,0x00,0x00,0x00,0x00,0x00,0x00,0x05,0x14,0x09,0x24,0x09,0x20,
0x3f,0xfd,0x08,0x30,0x08,0x20,0x7f,0xfc,0x18,0x50,0x14,0x50,0x24,0x90,0x02,0x40,0x02,0x40,0x1e,0xa0,
0x28,0x14,0x28,0x00,0x1d,0x00,0x07,0x80,0x00,0xb4,0x00,0x28,0x00,0x28,0x34,0x78,0x1b,0xe0,0x02,0x40,
0x01,0x40,0x1a,0x40,0x50,0x0c,0x70,0x20,0x06,0x0c,0x14,0x01,0x82,0x08,0x00,0x60,0xc5,0x28,0x0d,0x62,
0x25,0xc1,0xa2,0x48,0x24,0x00,0x86,0x09,0x00,0x91,0x82,0x40,0x20,0x30,0xc0,0x24,0x06,0x90,0x07,0xe0,
0x00,0xd3,0x00,0x0c,0x30,0x00,0xda,0x00,0x0b,0x80,0x00,0xf4,0x1c,0x36,0x82,0x87,0x0a,0x34,0x70,0x2e,
0x03,0x46,0xf4,0x1b,0xa1,0x80,0x28,0x28,0x24,0x24,0x00,0x00,0x00,0x00,0x00,0x00,0x00,0x00,0x00,0xc0,
0x60,0x30,0x18,0x06,0x02,0x80,0x90,0x24,0x0a,0x01,0x80,0x70,0x09,0x01,0x80,0x20,0x00,0x18,0x03,0x00,
0x60,0x0c,0x03,0x40,0x90,0x24,0x09,0x02,0x40,0xc0,0x30,0x28,0x0c,0x06,0x00,0x06,0x00,0xad,0x41,0xf8,
0x03,0xa0,0x04,0x40,0x00,0x00,0x00,0x00,0x00,0x00,0x00,0x00,0x00,0x00,0x00,0x00,0x00,0x02,0x40,0x02,
0x40,0x02,0x40,0x7f,0xfd,0x02,0x40,0x02,0x40,0x02,0x40,0x00,0x00,0x00,0x00,0x24,0x2c,0x0c,0x24,0x10,
0x7f,0x40,0x00,0x00,0x00,0x28,0x28,0x00,0x80,0x08,0x01,0x40,0x24,0x03,0x00,0x60,0x09,0x00,0xc0,0x18,
0x02,0x40,0x30,0x06,0x00,0x90,0x04,0x00,0x0b,0xd0,0x1c,0x74,0x34,0x28,0x30,0x1c,0x70,0x1c,0x70,0x1c,
0x70,0x1c,0x30,0x1c,0x34,0x28,0x1c,0x74,0x0b,0xd0,0x07,0x80,0x1a,0x80,0x01,0x80,0x01,0x80,0x01,0x80,
0x01,0x80,0x01,0x80,0x01,0x80,0x01,0x80,0x02,0x80,0x2f,0xfc,0x1b,0x90,0x74,0x74,0x00,0x34,0x00,0x28,
0x00,0x34,0x00,0x70,0x00,0xd0,0x02,0x80,0x0b,0x00,0x2d,0x00,0x7f,0xfc,0x1b,0xd0,0x34,0x74,0x00,0x28,
0x00,0x24,0x00,0xb0,0x0b,0xd0,0x00,0x74,0x00,0x1c,0x00,0x1c,0x74,0x78,0x1b,0xe0,0x00,0xb0,0x01,0xf0,
0x03,0x70,0x0a,0x70,0x0c,0x70,0x24,0x70,0x70,0x70,0xbf,0xfd,0x00,0x70,0x00,0x70,0x00,0x70,0x2f,0xf8,
0x28,0x00,0x28,0x00,0x24,0x00,0x2b,0xe0,0x14,0x78,0x00,0x1c,0x00,0x1c,0x00,0x28,0x64,0x74,0x1b,0xd0,
0x06,0xe4,0x1d,0x18,0x28,0x00,0x34,0x00,0x36,0xe0,0x79,0x28,0x30,0x1c,0x34,0x0c,0x24,0x1c,0x1d,0x28,
0x06,0xe0,0x7f,0xfc,0x00,0x28,0x00,0x30,0x00,0xa0,0x00,0xc0,0x01,0x80,0x02,0x80,0x03,0x40,0x03,0x40,
0x03,0x40,0x07,0x00,0x0b,0xe0,0x28,0x34,0x24,0x18,0x28,0x18,0x1e,0x74,0x0a,0xe0,0x24,0x78,0x70,0x1c,
0x70,0x0c,0x34,0x28,0x0b,0xe0,0x0b,0x90,0x28,0x70,0x70,0x28,0x70,0x18,0x70,0x1c,0x38,0x7c,0x1b,0x9c,
0x00,0x18,0x00,0x24,0x24,0xb0,0x1f,0x80,0x28,0x28,0x00,0x00,0x00,0x00,0x28,0x28,0x28,0x28,0x00,0x00,
0x00,0x24,0x2c,0x0c,0x24,0x10,0x00,0x00,0x00,0x6d,0x06,0xd0,0x79,0x00,0x6d,0x00,0x02,0xe4,0x00,0x19,
0x00,0x00,0x00,0x00,0x7f,0xfd,0x00,0x00,0x00,0x00,0x7f,0xfd,0x00,0x00,0x00,0x00,0x00,0x00,0x00,0x00,
0x78,0x00,0x1b,0x90,0x00,0x6d,0x01,0xb8,0x1e,0x40,0x64,0x00,0x00,0x00,0x00,0x00,0x1b,0x80,0x96,0x80,
0x07,0x00,0x28,0x01,0xc0,0x0d,0x00,0x70,0x01,0x40,0x00,0x00,0x28,0x00,0xa0,0x00,0x00,0x6b,0xa0,0x00,
0xa4,0x07,0x40,0x90,0x00,0x60,0x60,0x6a,0x09,0x30,0x61,0xc2,0x4c,0x34,0x60,0x96,0x0c,0x18,0x20,0xc3,
0x4a,0x18,0x30,0x79,0xb8,0x06,0x00,0x00,0x00,0xa4,0x04,0x00,0x06,0xfa,0x00,0x02,0xc0,0x00,0xe4,0x00,
0x66,0x00,0x28,0xc0,0x0d,0x34,0x07,0x0a,0x02,0x81,0xc0,0xff,0xf4,0x34,0x0a,0x1c,0x01,0xca,0x00,0x34,
0x2f,0xf8,0x0a,0x07,0x82,0x80,0x70,0xa0,0x18,0x28,0x1d,0x0b,0xfe,0x02,0x80,0x70,0xa0,0x09,0x28,0x03,
0x4a,0x02,0xc2,0xff,0x90,0x02,0xb9,0x02,0xd5,0xc1,0xc0,0x00,0xd0,0x00,0x34,0x00,0x0d,0x00,0x03,0x40,
0x00,0xd0,0x00,0x2c,0x00,0x03,0x95,0xd0,0x2f,0x90,0x2f,0xe4,0x02,0x85,0xe0,0x28,0x07,0x02,0x80,0x28,
0x28,0x02,0x82,0x80,0x28,0x28,0x02,0x82,0x80,0x38,0x28,0x07,0x02,0x85,0xe0,0x2f,0xe4,0x00,0x2f,0xfd,
0x28,0x00,0x28,0x00,0x28,0x00,0x28,0x00,0x2f,0xf8,0x28,0x00,0x28,0x00,0x28,0x00,0x28,0x00,0x2f,0xfd,
0x2f,0xfd,0x28,0x00,0x28,0x00,0x28,0x00,0x28,0x00,0x2f,0xf8,0x28,0x00,0x28,0x00,0x28,0x00,0x28,0x00,
0x28,0x00,0x02,0xb9,0x00,0xb5,0x64,0x2c,0x00,0x03,0x40,0x00,0x34,0x00,0x03,0x42,0xf8,0x34,0x02,0x83,
0x80,0x28,0x1c,0x02,0x80,0xb5,0x78,0x02,0xba,0x00,0x28,0x02,0x82,0x80,0x28,0x28,0x02,0x82,0x80,0x28,
0x28,0x02,0x82,0xff,0xf8,0x28,0x02,0x82,0x80,0x28,0x28,0x02,0x82,0x80,0x28,0x28,0x02,0x80,0x28,0x28,
0x28,0x28,0x28,0x28,0x28,0x28,0x28,0x28,0x28,0x00,0x30,0x00,0xc0,0x03,0x00,0x0c,0x00,0x30,0x00,0xc0,
0x03,0x00,0x0c,0x00,0x71,0xd6,0x81,0xb8,0x00,0x28,0x07,0x0a,0x07,0x42,0x83,0x80,0xa2,0x80,0x29,0xd0,
0x0b,0xec,0x02,0xe3,0x80,0xa0,0x70,0x28,0x0a,0x0a,0x01,0xd2,0x80,0x28,0x28,0x00,0x28,0x00,0x28,0x00,
0x28,0x00,0x28,0x00,0x28,0x00,0x28,0x00,0x28,0x00,0x28,0x00,0x28,0x00,0x2f,0xfd,0x2c,0x00,0xb0,0xb4,
0x03,0xc2,0xa0,0x1b,0x0a,0xc0,0x9c,0x2a,0x43,0x70,0xa6,0x19,0xc2,0x8c,0x97,0x0a,0x27,0x1c,0x28,0x78,
0x70,0xa0,0xd1,0xc2,0x80,0x07,0x00,0x2c,0x02,0x82,0xe0,0x28,0x2b,0x02,0x82,0xa8,0x28,0x28,0xc2,0x82,
0x8a,0x28,0x28,0x35,0x82,0x81,0x98,0x28,0x0e,0x82,0x80,0x78,0x28,0x03,0x80,0x02,0xf9,0x00,0xe5,0xb4,
0x2c,0x02,0xc3,0x40,0x0d,0x34,0x00,0xd7,0x40,0x0a,0x34,0x00,0xd3,0x40,0x0d,0x2c,0x02,0xc0,0xe5,0xb4,
0x02,0xf9,0x00,0x2f,0xf8,0x0a,0x07,0x82,0x80,0x70,0xa0,0x0c,0x28,0x07,0x0a,0x07,0x82,0xff,0x80,0xa0,
0x00,0x28,0x00,0x0a,0x00,0x02,0x80,0x00,0x02,0xf9,0x00,0xe5,0xb4,0x2c,0x02,0xc3,0x40,0x0d,0x34,0x00,
0xd7,0x40,0x0a,0x34,0x00,0xd3,0x40,0x0d,0x2c,0x01,0xc0,0xe4,0x74,0x02,0xf9,0x00,0x03,0x80,0x00,0x0b,
0xe0,0x00,0x00,0x2f,0xf8,0x0a,0x06,0x82,0x80,0x70,0xa0,0x1c,0x28,0x1a,0x0b,0xfe,0x02,0x87,0x40,0xa0,
0xa0,0x28,0x1d,0x0a,0x02,0x82,0x80,0x74,0x07,0xe4,0x1d,0x5c,0x28,0x00,0x28,0x00,0x1f,0x40,0x02,0xf4,
0x00,0x2d,0x00,0x0e,0x10,0x0a,0x39,0x6d,0x0b,0xe4,0xbf,0xff,0x02,0xc0,0x01,0xc0,0x01,0xc0,0x01,0xc0,
0x01,0xc0,0x01,0xc0,0x01,0xc0,0x01,0xc0,0x01,0xc0,0x01,0xc0,0x28,0x02,0x82,0x80,0x28,0x28,0x02,0x82,
0x80,0x28,0x28,0x02,0x82,0x80,0x28,0x28,0x02,0x82,0x80,0x28,0x1c,0x03,0x40,0xe5,0xb0,0x02,0xf8,0x00,
0xd0,0x07,0x28,0x02,0x87,0x00,0xd0,0xd0,0x70,0x28,0x28,0x07,0x09,0x00,0xc3,0x00,0x25,0x80,0x06,0xa0,
0x00,0xf4,0x00,0x3c,0x00,0xa0,0x2c,0x06,0x70,0x2c,0x0a,0x30,0x39,0x09,0x34,0x66,0x0d,0x24,0x67,0x0c,
0x28,0x93,0x1c,0x1c,0xc2,0x68,0x0c,0xc2,0x64,0x0e,0x81,0xa4,0x0b,0x40,0xf0,0x0b,0x40,0xf0,0x70,0x0d,
0x28,0x28,0x1c,0x34,0x0a,0x60,0x07,0xd0,0x03,0xc0,0x06,0xd0,0x0d,0x70,0x1c,0x34,0x34,0x1c,0xb0,0x0e,
0x28,0x03,0x47,0x02,0x80,0xd0,0xd0,0x1c,0x60,0x03,0x64,0x00,0xbc,0x00,0x0d,0x00,0x03,0x40,0x00,0xd0,
0x00,0x34,0x00,0x0d,0x00,0x2f,0xfe,0x00,0x1d,0x00,0x28,0x00,0x70,0x00,0xd0,0x02,0xc0,0x03,0x40,0x0a,
0x00,0x1c,0x00,0x38,0x00,0x7f,0xfe,0x2e,0x49,0x02,0x40,0x90,0x24,0x09,0x02,0x40,0x90,0x24,0x09,0x02,
0x40,0x90,0x24,0x06,0x90,0x90,0x06,0x00,0x30,0x02,0x40,0x18,0x00,0x80,0x08,0x00,0x50,0x06,0x00,0x30,
0x02,0x40,0x18,0x00,0xc0,0x04,0x6d,0x02,0x40,0x90,0x24,0x09,0x02,0x40,0x90,0x24,0x09,0x02,0x40,0x90,
0x24,0x09,0x1a,0x40,0x00,0x00,0x03,0x80,0x06,0xc0,0x09,0xa0,0x0c,0x30,0x28,0x24,0x24,0x18,0x00,0x00,
0x00,0x00,0x00,0x00,0x00,0x00,0x00,0x00,0xaa,0xaa,0x00,0x00,0x0a,0x00,0x03,0x40,0x00,0x80,0x00,0x00,
0x00,0x00,0x00,0x00,0x00,0x00,0x00,0x00,0x00,0x00,0x00,0x00,0x00,0x00,0x00,0x00,0x1b,0xe0,0x24,0x74,
0x00,0x28,0x06,0xb8,0x29,0x28,0x30,0x28,0x34,0x78,0x1f,0x98,0x14,0x00,0x0a,0x00,0x02,0x80,0x00,0xa0,
0x00,0x2a,0xf4,0x0b,0x47,0x42,0x80,0xa0,0xa0,0x1c,0x28,0x07,0x0a,0x02,0x82,0xd1,0xd0,0x9b,0x90,0x06,
0xe4,0x74,0x53,0x40,0x1c,0x00,0x70,0x00,0xd0,0x02,0xd1,0x41,0xf9,0x00,0x04,0x00,0x03,0x40,0x00,0xd0,
0x00,0x34,0x07,0xed,0x07,0x4b,0x43,0x40,0xd1,0xc0,0x34,0x70,0x0d,0x0d,0x03,0x42,0xd6,0xd0,0x2f,0x64,
0x07,0xe0,0x29,0x28,0x30,0x0c,0x7f,0xfc,0x30,0x00,0x34,0x00,0x1d,0x14,0x07,0xe4,0x0b,0x87,0x41,0x80,
0xa0,0xbf,0x4a,0x02,0x80,0xa0,0x28,0x0a,0x02,0x80,0xa0,0x0b,0xfe,0x28,0x74,0x34,0x28,0x28,0x34,0x1f,
0xd0,0x24,0x00,0x28,0x00,0x1f,0xf8,0x24,0x0e,0x70,0x0a,0x34,0x1d,0x1b,0xe4,0x14,0x00,0x0a,0x00,0x02,
0x80,0x00,0xa0,0x00,0x29,0xf4,0x0b,0x97,0x02,0x80,0xd0,0xa0,0x34,0x28,0x0d,0x0a,0x03,0x42,0x80,0xd0,
0xa0,0x34,0x28,0x14,0x00,0x28,0x28,0x28,0x28,0x28,0x28,0x28,0x28,0x0a,0x01,0x40,0x00,0x28,0x0a,0x02,
0x80,0xa0,0x28,0x0a,0x02,0x80,0xa0,0x28,0x0a,0x03,0x4b,0x80,0x14,0x00,0x28,0x00,0x28,0x00,0x28,0x00,
0x28,0x28,0x28,0x70,0x28,0xd0,0x2a,0xc0,0x2e,0x90,0x28,0x70,0x28,0x28,0x28,0x0d,0x14,0x28,0x28,0x28,
0x28,0x28,0x28,0x28,0x28,0x28,0x28,0x1d,0x26,0xe4,0xb8,0x0b,0x9b,0x97,0x82,0x81,0xd0,0xa0,0xa0,0x34,
0x28,0x28,0x0d,0x06,0x0a,0x03,0x41,0x82,0x80,0xd0,0x60,0xa0,0x34,0x18,0x25,0xf4,0x0b,0x97,0x02,0x80,
0xd0,0xa0,0x34,0x28,0x0d,0x0a,0x03,0x42,0x80,0xd0,0xa0,0x34,0x07,0xe0,0x1d,0x6c,0x34,0x0d,0x70,0x0a,
0x70,0x0a,0x34,0x0d,0x2d,0x2c,0x07,0xe0,0x26,0xf4,0x0b,0x47,0x42,0x80,0xa0,0xa0,0x1c,0x28,0x07,0x0a,
0x02,0x82,0xd1,0xd0,0xab,0x90,0x28,0x00,0x0a,0x00,0x02,0x80,0x00,0xa0,0x00,0x07,0xe9,0x0b,0x4b,0x43,
0x40,0xd1,0xc0,0x34,0x70,0x0d,0x0d,0x03,0x42,0xd6,0xd0,0x2f,0x74,0x00,0x0d,0x00,0x03,0x40,0x00,0xd0,
0x00,0x34,0x25,0xd2,0xa4,0x28,0x02,0x80,0x28,0x02,0x80,0x28,0x02,0x80,0x1b,0x90,0xd1,0x43,0x40,0x07,
0x90,0x02,0xe0,0x01,0xc6,0x0b,0x0b,0xe4,0x00,0x01,0x80,0x18,0x0b,0xfc,0x28,0x01,0x80,0x18,0x01,0x80,
0x18,0x01,0xd0,0x0b,0x80,0x24,0x0d,0x09,0x03,0x42,0x40,0xd0,0x90,0x34,0x24,0x0d,0x0a,0x03,0x42,0xd6,
0xd0,0x2e,0x34,0xa0,0x1c,0x70,0x28,0x34,0x34,0x28,0x70,0x1c,0xa0,0x0d,0xd0,0x0a,0xc0,0x07,0x80,0x60,
0x34,0x19,0xc1,0xe0,0x93,0x49,0xc3,0x4a,0x33,0x1c,0x18,0xc9,0x60,0x76,0x1a,0x40,0xe4,0x3d,0x02,0xc0,
0xf0,0x70,0x34,0xa2,0x80,0xdc,0x02,0xe0,0x0b,0x80,0x77,0x43,0x4a,0x18,0x0d,0xa0,0x1c,0x70,0x28,0x34,
0x34,0x28,0x30,0x1c,0x60,0x0d,0x90,0x06,0xc0,0x03,0x80,0x03,0x40,0x03,0x00,0x0a,0x00,0x78,0x00,0x3f,
0xf0,0x02,0x80,0x1c,0x00,0xd0,0x0a,0x00,0x70,0x03,0x40,0x1f,0xfd,0x0b,0x47,0x01,0x80,0x60,0x0c,0x06,
0x07,0x40,0x60,0x0c,0x06,0x01,0x80,0x60,0x0c,0x01,0x90,0x14,0x24,0x24,0x24,0x24,0x24,0x24,0x24,0x24,
0x24,0x24,0x24,0x24,0x24,0x24,0x24,0x74,0x07,0x00,0xc0,0x30,0x0c,0x03,0x00,0xb0,0x34,0x0c,0x03,0x00,
0xc0,0x30,0x1c,0x19,0x00,0x2d,0x04,0x62,0x9c,0x00,0xb4,0x00,0x00,0x00,0x00,0x00,0x00,0x00,0x00,0x00,
0x0a,0x00,0x00,0x01,0xf4,0x00,0x00,0x0a,0x00,0x00,0x00,0x00,0x00,0x00,0x00,0x00,0x00,0x00,0x00,0x00,
0x2a,0x00,0x00,0x06,0x18,0x00,0x00,0x50,0x80,0x00,0x02,0x18,0x00,0x00,0x1a,0x00,0x00,0x00,0x7f,0xff,
0xff,0xd0,0x00,0x00,0x00,0x00,0x00,0x00,0x00,0x00,0x00,0x00,0x00,0x00,0x00,0x00,0x00,0x00,0x00,0x00,
0x00,0x00,0x01,0xff,0xff,0xf4,0x00,0x00,0x00,0x00,0x00,0x00,0x00,0x00,0x00,0x00,0x00,0x00,0x00,0x00,
0x07,0xff,0xfd,0x00,0x00,0x00,0x00,0x00,0x00,0x00,0x00,0x00,0x00,0x00,0x00,0x00,0x00,0x03,0xff,0xff,
0xfc,0x00,0x08,0x00,0x00,0x00,0xc0,0x00,0x00,0x0c,0x00,0x00,0x00,0xc0,0x00,0x00,0x0c,0x00,0x00,0x00,
0xff,0xf4,0x00,0x0c,0x00,0x00,0x00,0xc0,0x00,0x00,0x0c,0x00,0x00,0x00,0xc0,0x00,0x00,0x0c,0x00,0x00,
0x00,0xc0,0x00,0x7f,0xff,0xff,0xd0,0x00,0x00,0x00,0x7f,0xff,0xff,0xd0,0x00,0xd0,0x00,0x00,0x09,0x00,
0x00,0x00,0x90,0x00,0x00,0x0b,0x90,0x00,0x00,0x9b,0x80,0x00,0x09,0x1b,0x40,0x00,0x90,0x20,0x00,0x09,
0x00,0x00,0x00,0x90,0x00,0x00,0x09,0x00,0x00,0x00,0x90,0x00,0x00,0x09,0x00,0x00,0x3f,0xff,0xff,0xc0,
0x00,0x74,0x00,0x00,0x0a,0x00,0x00,0x01,0xe0,0x00,0x00,0x7a,0xa0,0x00,0x1d,0xa2,0xd0,0x07,0x4a,0x0b,
0x42,0xd0,0xa0,0x1d,0x20,0x0a,0x00,0x40,0x00,0xa0,0x00,0x00,0x0a,0x00,0x00,0x00,0xa0,0x00,0x00,0x05,
0x00,0x00,0x01,0x40,0x00,0x00,0x28,0x00,0x00,0x02,0xff,0xff,0x40,0x30,0x00,0x00,0x03,0x00,0x00,0x00,
0x60,0x00,0x00,0x0b,0xff,0xff,0x40,0x00,0x00,0x24,0x00,0x00,0x03,0x47,0xff,0xfe,0x30,0x00,0x00,0x03,
0x00,0x00,0x00,0x60,0x00,0x00,0x09,0x00,0x00,0x3f,0x80,0x00,0x08,0x00,0x00,0x01,0x80,0x00,0x0f,0xff,
0xff,0x00,0x03,0x00,0x00,0x00,0x70,0x00,0x07,0xff,0xff,0xfc,0x00,0xd0,0x00,0x00,0x1f,0xff,0xe0,0x00,
0x00,0x1c,0x00,0x00,0x07,0x40,0x00,0xe1,0xd0,0x00,0x06,0xf8,0x00,0x00,0x02,0xe0,0x00,0x00,0x02,0x00,
0x00,0x18,0x00,0x00,0x02,0x80,0x00,0x3f,0xff,0xff,0x80,0x0a,0x00,0x00,0x01,0xc2,0x00,0x00,0x28,0x30,
0x00,0x07,0x03,0x40,0x00,0xbf,0xff,0xf4,0x00,0x03,0x00,0x00,0x24,0x31,0x40,0x03,0x03,0x0d,0x00,0x90,
0x30,0x34,0x28,0x03,0x01,0xc1,0x02,0xe0,0x00,0x00,0x06,0x00,0x00,0x00,0xf0,0x00,0x00,0x2a,0x80,0x00,
0x1e,0x0b,0x40,0x07,0x45,0x1e,0x07,0x90,0xa0,0x6d,0x10,0x0a,0x00,0x40,0x00,0xa0,0x00,0x00,0x0a,0x00,
0x00,0x00,0xa0,0x00,0x00,0x0a,0x00,0x00,0x00,0xa0,0x00,0x00,0x0a,0x00,0x00,0x00,0x0a,0x00,0x00,0x00,
0xa0,0x00,0x0f,0xff,0xff,0x00,0xc0,0xa0,0x30,0x0c,0x0a,0x03,0x00,0xff,0xff,0xf0,0x00,0x0a,0x00,0x02,
0xff,0xff,0xf8,0x28,0x0a,0x02,0x82,0x80,0xa0,0x28,0x2f,0xff,0xff,0x81,0x40,0xa0,0x14,0x00,0x0a,0x00,
0x00,0x00,0x50,0x00,0x00,0x18,0x00,0x00,0x61,0x80,0x00,0x02,0x58,0x00,0x00,0x11,0x80,0x00,0x3f,0xff,
0xff,0x80,0x02,0x80,0x28,0x00,0x24,0x02,0x80,0x03,0x24,0x24,0x00,0x61,0xc2,0x40,0x0d,0x0a,0x24,0x02,
0x80,0x02,0x40,0x74,0x00,0x30,0x1d,0x00,0x07,0x02,0x40,0x0f,0xd0,0x00,0x00,0x00,0x00,0x00,0x04,0x00,
0x00,0x02,0x80,0x00,0x00,0x70,0x00,0x00,0x1d,0x02,0x00,0x07,0x40,0xa0,0x01,0xd0,0x1c,0x00,0x24,0x07,
0x00,0x00,0x01,0xd1,0x00,0x00,0x74,0x28,0x00,0x1d,0x00,0xd0,0x07,0x41,0x5b,0x01,0xff,0xfa,0xa8,0x05,
0x00,0x00,0x80,0x00,0x01,0x5a,0x00,0xbf,0xaa,0x50,0x09,0x00,0x00,0x00,0x90,0x60,0x00,0x0c,0x06,0x00,
0x01,0xc0,0x60,0x00,0x1f,0xff,0xff,0xc0,0x00,0x60,0x00,0x01,0x06,0x04,0x00,0x70,0x60,0xd0,0x0d,0x06,
0x07,0x02,0x80,0x60,0x28,0x60,0x06,0x00,0xd0,0x07,0xd0,0x00,0x00,0x02,0x00,0x00,0x20,0x30,0x00,0x03,
0x03,0x01,0x00,0x30,0x36,0xf4,0x03,0x1b,0xd3,0x40,0x7f,0xb0,0x30,0x7f,0x43,0x03,0x05,0x30,0x30,0x30,
0x03,0x03,0x06,0x00,0x30,0x33,0xd0,0x03,0x03,0x00,0x80,0x30,0x00,0x0d,0x03,0x40,0x01,0xc0,0x1f,0xff,
0xf4,0x00,0x00,0x00,0x02,0xff,0xff,0xf0,0x00,0x00,0x1f,0x00,0x00,0x07,0x80,0x00,0x02,0xe0,0x00,0x00,
0xb4,0x00,0x00,0x0a,0x00,0x00,0x00,0xa0,0x00,0x00,0x0a,0x00,0x00,0x00,0xa0,0x00,0x00,0x0a,0x00,0x00,
0x00,0xa0,0x00,0x00,0x0a,0x00,0x00,0x1f,0xd0,0x00,0x0b,0xff,0xfe,0x00,0x00,0x00,0x00,0x00,0x00,0x00,
0x00,0x00,0x00,0x00,0x00,0x00,0x00,0x07,0xff,0xff,0xfd,0x00,0x34,0x00,0x00,0x0a,0x01,0x00,0x01,0xc0,
0x24,0x00,0x34,0x01,0xd0,0x0a,0x15,0x6e,0x01,0xff,0xea,0x74,0x04,0x00,0x01,0x80,0x00,0x80,0x50,0x00,
0x28,0x06,0x00,0x03,0x00,0x60,0x00,0xa0,0x06,0x00,0x1e,0x00,0x60,0x07,0xa7,0xff,0xfd,0x66,0x00,0xa0,
0x00,0x60,0x06,0x00,0x06,0x00,0x60,0x00,0x60,0x06,0x00,0x06,0x00,0x60,0x00,0x60,0x06,0x00,0x06,0x00,
0x60,0x00,0x60,0x06,0x00,0x00,0x06,0x00,0x00,0x00,0xf0,0x00,0x00,0x35,0xc0,0x00,0x0e,0x07,0x40,0x07,
0x84,0x1d,0x02,0xd0,0xe0,0x78,0x20,0x03,0x80,0x80,0x00,0x14,0x00,0x0b,0xff,0xfe,0x00,0x00,0x01,0xc0,
0x00,0x00,0x34,0x00,0x00,0x0a,0x00,0x00,0x02,0x80,0x00,0x00,0x60,0x00,0x01,0x40,0x00,0x00,0x36,0xff,
0xf8,0x06,0x00,0x07,0x40,0x90,0x01,0xd0,0x1d,0x00,0x74,0x03,0xd0,0x09,0x00,0x69,0x00,0x90,0x00,0x9b,
0xff,0xfd,0x09,0x00,0x90,0x00,0x90,0x09,0x00,0x09,0x00,0x90,0x00,0x90,0x09,0x00,0x09,0x00,0x90,0x00,
0x90,0xfd,0x00,0x00,0x00,0x00,0x00,0x04,0x00,0x06,0x00,0x92,0x80,0x60,0x09,0x0d,0x0a,0x00,0x90,0x70,
0x90,0x09,0x01,0x0d,0x00,0x90,0x00,0xc0,0x09,0x00,0x18,0x00,0x90,0x42,0x40,0x0a,0xb8,0x78,0x00,0xf8,
0x1d,0xa0,0x18,0x07,0x42,0x80,0x02,0xd0,0x0d,0x00,0x10,0x00,0x00,0x02,0x40,0x80,0x00,0x30,0x0c,0x00,
0x06,0x00,0xc0,0x00,0xdb,0xff,0xfd,0x2d,0x02,0xf0,0x07,0xd0,0x6e,0x40,0x59,0x09,0xdc,0x00,0x90,0xcc,
0x90,0x09,0x24,0xc7,0x00,0x97,0x0c,0x28,0x09,0xdf,0xfd,0xd0,0x90,0x0c,0x00,0x09,0x00,0xc0,0x00,0x90,
0x08,0x00,0x01,0x45,0x00,0x00,0x34,0xd0,0x00,0x06,0x1c,0x00,0x00,0xd2,0xff,0xfd,0x2d,0x34,0x60,0x97,
0xda,0x06,0x0c,0x99,0x44,0x61,0x40,0x90,0xc6,0x30,0x09,0x18,0x62,0x40,0x92,0x46,0x18,0x09,0x70,0x60,
0xc0,0x95,0x06,0x08,0x09,0x00,0x60,0x00,0x90,0x3d,0x00,0x01,0x40,0x00,0x00,0x3b,0xff,0xfd,0x06,0x00,
0x90,0x00,0x92,0xaf,0xa8,0x1d,0x30,0x91,0x83,0xd3,0x09,0x18,0x69,0x3a,0xfb,0x80,0x93,0x09,0x18,0x09,
0x3a,0xfb,0x80,0x91,0x09,0x00,0x09,0x25,0xc0,0x00,0x90,0xb4,0x00,0x09,0x1e,0xe5,0x00,0x9e,0x41,0xad,
0x00,0x00,0x00,0x00,0x01,0x40,0x00,0x00,0x26,0xff,0xf8,0x03,0x24,0x01,0x80,0xa2,0x40,0x18,0x1d,0x24,
0x01,0x83,0xd2,0xff,0xf8,0x59,0x00,0x90,0x00,0x9b,0xff,0xfd,0x09,0x02,0xf4,0x00,0x90,0x7a,0xc0,0x09,
0x1d,0x96,0x00,0x97,0x49,0x28,0x09,0x90,0x90,0x90,0x50,0x09,0x00,0x01,0x41,0x40,0x00,0x34,0x0c,0x00,
0x07,0x00,0x90,0x00,0x9b,0xff,0xfd,0x1d,0x00,0x00,0x03,0xd2,0xff,0xf0,0x69,0x00,0x00,0x00,0x92,0xff,
0xf0,0x09,0x00,0x00,0x00,0x92,0xff,0xf4,0x09,0x30,0x02,0x40,0x93,0x00,0x24,0x09,0x3f,0xff,0x40,0x92,
0x00,0x14,0x00,0x90,0x00,0x00,0x07,0x40,0x00,0x00,0x1d,0x00,0x00,0x00,0xa0,0x00,0x00,0x0f,0x40,0x00,
0x01,0xdc,0x00,0x00,0x28,0x90,0x00,0x07,0x07,0x00,0x00,0xa0,0x28,0x00,0x28,0x00,0xd0,0x0b,0x00,0x07,
0x43,0x80,0x00,0x1d,0x10,0x00,0x00,0x00,0x00,0x00,0x00,0x00,0x00,0x60,0x00,0x00,0x1f,0x40,0x00,0x03,
0x5d,0x00,0x00,0xe0,0x70,0x00,0x78,0x01,0xd0,0x2d,0x00,0x07,0x86,0x7f,0xff,0xd9,0x00,0x0a,0x00,0x00,
0x00,0xa0,0x00,0x03,0xff,0xfd,0x00,0x00,0xa0,0x00,0x00,0x0a,0x00,0x03,0xff,0xff,0xfc,0x02,0x00,0x08,
0x00,0x28,0x02,0x80,0x00,0xd0,0x30,0x00,0x05,0x0a,0x00,0x2f,0xff,0xff,0x80,0x00,0x00,0x00,0x00,0x00,
0x00,0x00,0x00,0x00,0x00,0x0f,0xff,0xfe,0x00,0x00,0x00,0x00,0x00,0x00,0x00,0x00,0x00,0x00,0x00,0x7f,
0xff,0xff,0xd0,0x00,0x00,0x00,0x01,0x40,0x18,0x00,0x1c,0x02,0x40,0x00,0x90,0x70,0x01,0xff,0xff,0xf4,
0x00,0x0a,0x00,0x00,0x00,0xa0,0x00,0x00,0x0a,0x00,0x03,0xff,0xff,0xfc,0x00,0x0f,0x40,0x00,0x01,0xd8,
0x00,0x00,0x74,0xa0,0x00,0x2d,0x03,0x80,0x2f,0x40,0x0b,0x82,0x40,0x00,0x18,0x01,0x40,0x14,0x00,0x24,
0x01,0x80,0x2f,0xff,0xff,0xc0,0x24,0x01,0x80,0x02,0xff,0xf8,0x00,0x24,0x01,0x80,0x02,0x40,0x18,0x00,
0x2f,0xff,0x80,0x02,0x40,0x18,0x00,0x24,0x01,0x80,0x7f,0xff,0xff,0xd0,0x05,0x05,0x00,0x1b,0x80,0x2e,
0x02,0x40,0x00,0x18,0x03,0xff,0xfd,0x00,0x30,0x00,0x90,0x03,0xaa,0xad,0x00,0x30,0x00,0x90,0x03,0xaa,
0xad,0x00,0x30,0x00,0x90,0x03,0xaa,0xad,0x00,0x30,0x00,0x90,0x03,0x00,0x09,0x07,0xff,0xff,0xfd,0x01,
0x90,0x64,0x01,0xb4,0x01,0xb4,0x24,0x00,0x01,0x80,0x3f,0xff,0xff,0xc0,0x00,0x90,0x00,0x00,0x09,0x00,
0x00,0xbf,0xff,0xe0,0x09,0x09,0x06,0x00,0xbf,0xff,0xe0,0x09,0x09,0x06,0x00,0x90,0x90,0x60,0x7f,0xff,
0xff,0xd0,0x90,0x00,0x60,0x09,0x00,0x06,0x00,0x90,0x00,0x60,0x09,0x00,0x7d,0x00,0x00,0x00,0x00,0x00,
0x00,0x80,0x02,0x00,0x1c,0x00,0x28,0x01,0xc0,0x00,0xd3,0xff,0xf0,0x05,0x01,0xc3,0x00,0x00,0x1c,0x30,
0x00,0x01,0xc3,0x00,0x0b,0xff,0xfd,0x06,0x02,0xe0,0x00,0xd0,0x37,0x00,0x18,0x06,0x28,0x03,0x41,0xd0,
0xd0,0x60,0xb4,0x07,0x80,0x18,0x00,0x08,0x00,0x00,0x80,0x03,0x00,0x2d,0x00,0x28,0x07,0x74,0x00,0xd1,
0xd1,0xc0,0x04,0x75,0x47,0x40,0x1d,0x0d,0x1c,0x00,0x00,0x40,0x00,0x43,0xff,0xf0,0x09,0x00,0x0a,0x01,
0xc0,0x01,0xc0,0x28,0x09,0x70,0x03,0x40,0x3d,0x00,0x60,0x00,0xa0,0x00,0x00,0x02,0x40,0x00,0x09,0x00,
0x00,0x40,0xa0,0x10,0x0d,0x0a,0x07,0x00,0xd0,0xa0,0x70,0x0d,0x0a,0x07,0x00,0xd0,0xa0,0x70,0x0f,0xff,
0xff,0x00,0x00,0xa0,0x00,0x28,0x0a,0x02,0x82,0x80,0xa0,0x28,0x28,0x0a,0x02,0x82,0x80,0xa0,0x28,0x2f,
0xff,0xff,0x80,0x00,0x00,0x24,0x00,0x00,0x00,0x02,0xff,0xff,0xf8,0x00,0x28,0x01,0x80,0x02,0x40,0x18,
0x00,0x24,0x02,0x80,0x03,0x40,0x28,0x00,0x30,0x02,0x40,0x06,0x00,0x24,0x00,0xa0,0x02,0x40,0x1c,0x00,
0x34,0x03,0x40,0x03,0x41,0xe0,0x00,0x70,0x34,0x00,0xfd,0x00,0x00,0x00,0x00,0x00,0x50,0x10,0x00,0x0d,
0x07,0x00,0x01,0xc0,0x28,0x00,0x34,0x00,0xd0,0x0a,0x00,0x07,0x02,0xc0,0x00,0x28,0x2b,0xff,0xfd,0x80,
0x02,0x40,0x90,0x00,0x30,0x0d,0x00,0x07,0x00,0xd0,0x00,0x90,0x0c,0x00,0x1c,0x00,0xc0,0x0b,0x40,0x1c,
0x02,0x80,0x3f,0x40,0x00,0x00,0x00,0x00,0x04,0x00,0x00,0x00,0x90,0xff,0xfc,0x09,0x00,0xd0,0xc0,0x96,
0x0c,0x0c,0x6f,0x90,0xc0,0xc5,0xd0,0x0c,0x0c,0x09,0x00,0xc0,0xc0,0x90,0x18,0x0c,0x09,0x11,0x80,0xc0,
0x9b,0x34,0x1c,0x0f,0x87,0x01,0x80,0x80,0x90,0x18,0x00,0x2c,0x02,0x80,0x06,0x03,0xf0,0x00,0x00,0x00,
0x00,0x00,0x18,0x00,0x41,0xae,0x40,0x18,0x26,0x80,0x91,0x80,0x18,0x09,0x18,0x01,0x80,0x91,0x87,0xff,
0xd9,0x18,0x03,0x80,0x91,0x80,0x7d,0x09,0x18,0x0a,0xb4,0x91,0x81,0x98,0xc9,0x18,0x71,0x80,0x41,0x85,
0x18,0x00,0x18,0x01,0x80,0x01,0x80,0x18,0x02,0xf4,0x00,0x00,0x00,0x42,0xff,0xc0,0x18,0x24,0x0c,0x61,
0x82,0x40,0xc6,0x18,0x24,0x0c,0x61,0x82,0xff,0xc6,0x18,0x02,0x40,0x61,0x87,0xff,0xc6,0x18,0x03,0x0c,
0x61,0x80,0x70,0xc6,0x18,0x06,0x0c,0x01,0x80,0xd0,0xc0,0x18,0x28,0x18,0x01,0x86,0x0f,0x41,0xf4,0x00,
0x00,0x00,0x00,0x11,0x85,0x00,0x83,0x18,0x90,0x18,0x25,0x8c,0x61,0x81,0x59,0x46,0x18,0x2f,0xfc,0x61,
0x82,0x40,0xc6,0x18,0x24,0x0c,0x61,0x82,0xff,0xc6,0x18,0x24,0x0c,0x61,0x82,0xff,0xc6,0x18,0x24,0x0c,
0x01,0x82,0x40,0xc0,0x18,0x24,0x0c,0x01,0x82,0x4b,0x82,0xf4,0x00,0x00,0x20,0x02,0xff,0x83,0x00,0x00,
0x00,0x30,0x00,0x00,0x3f,0xfd,0x00,0x00,0x30,0xd7,0xff,0xc3,0x0d,0x06,0x00,0x30,0xc0,0x91,0x06,0x0c,
0x0c,0x30,0x60,0xc1,0x82,0x49,0x0c,0x29,0xb8,0xd0,0xc3,0xe4,0xd8,0x1c,0x10,0x03,0x41,0x80,0x00,0x62,
0xf4,0x00,0x00,0x00,0x00,0x04,0x09,0x01,0x00,0xa0,0x90,0xa0,0x03,0x09,0x0d,0x00,0x24,0x92,0x80,0x00,
0x09,0x00,0x01,0xff,0xff,0xf4,0x00,0x0a,0x00,0x00,0x00,0x90,0x00,0x00,0x0a,0x00,0x07,0xff,0xff,0xfd,
0x00,0x09,0x00,0x00,0x00,0x90,0x00,0x00,0x09,0x00,0x00,0x00,0x90,0x00,0x00,0x05,0x00,0x00,0x00,0xa0,
0x00,0x7f,0xff,0xff,0xd0,0x00,0xa0,0x00,0x1f,0xff,0xff,0x41,0x85,0x05,0x24,0x18,0x60,0x92,0x41,0x82,
0x0c,0x24,0x19,0xff,0xf6,0x41,0x80,0x90,0x24,0x1a,0xff,0xfa,0x41,0x80,0x90,0x24,0x18,0x09,0x02,0x41,
0x80,0x52,0xe4,0x00,0x05,0x00,0x00,0x00,0xa0,0x00,0x00,0x0a,0x00,0x01,0xff,0xff,0xf4,0x00,0x0a,0x00,
0x00,0x00,0xa0,0x00,0x7f,0xff,0xff,0xd0,0x07,0x40,0x00,0x00,0xa0,0x60,0x00,0x1c,0x02,0x80,0x03,0x40,
0x0d,0x00,0xa5,0x6a,0xe0,0x1f,0xea,0x97,0x40,0x40,0x00,0x14,0x00,0x05,0x6a,0x00,0xbf,0xa9,0x40,0x09,
0x00,0x00,0x00,0x90,0x00,0x00,0x09,0x00,0x00,0x00,0xbf,0xff,0xe0,0x09,0x60,0x09,0x00,0x93,0x01,0xc0,
0x09,0x28,0x28,0x00,0xc0,0x9a,0x00,0x0c,0x03,0xc0,0x01,0x81,0xbe,0x00,0x35,0xb8,0x2e,0x42,0x24,0x00,
0x18,0x01,0x09,0x04,0x00,0x30,0xd1,0xc0,0x06,0x0d,0x06,0x00,0x91,0xc0,0x10,0x1f,0xff,0xff,0xc0,0x02,
0x40,0x00,0x00,0x7f,0xfe,0x00,0x0b,0x40,0xd0,0x01,0xd8,0x1c,0x00,0x74,0xa7,0x40,0x1e,0x03,0xd0,0x07,
0x40,0x7e,0x40,0x10,0x79,0x1e,0x40,0x19,0x00,0x18,0x7f,0xfc,0x00,0x01,0x83,0x3f,0xfc,0x18,0x30,0x81,
0x81,0xff,0x0c,0x18,0x18,0x30,0x92,0x41,0x83,0x09,0x30,0x1f,0xf0,0x66,0x01,0x83,0x03,0x90,0x18,0x34,
0x2c,0x02,0xef,0x82,0xd0,0x69,0x70,0xa7,0x00,0x03,0x2c,0x2c,0x00,0x32,0x00,0x80,0x00,0x00,0x00,0x01,
0xff,0xff,0xf4,0x1c,0x00,0x03,0x41,0xc0,0x00,0x34,0x1c,0x00,0x03,0x41,0xc0,0x00,0x34,0x1c,0x00,0x03,
0x41,0xc0,0x00,0x34,0x1c,0x00,0x03,0x41,0xc0,0x00,0x34,0x1f,0xff,0xff,0x41,0xc0,0x00,0x34,0x04,0x00,
0x01,0x00,0x7f,0xff,0xff,0xd0,0x00,0x00,0xa0,0x00,0x00,0x0a,0x00,0x00,0x00,0xa0,0x0b,0xff,0x0a,0x00,
0x90,0x30,0xa0,0x09,0x03,0x0a,0x00,0x90,0x30,0xa0,0x0b,0xff,0x0a,0x00,0x90,0x00,0xa0,0x04,0x00,0x0a,
0x00,0x00,0x00,0xa0,0x00,0x01,0xfd,0x00,0x2f,0xff,0xff,0x40,0x00,0x00,0x24,0x00,0x00,0x02,0x42,0xff,
0xfe,0x24,0x00,0x00,0x02,0x40,0xbf,0xf8,0x24,0x09,0x01,0x82,0x40,0x90,0x18,0x24,0x09,0x01,0x82,0x40,
0xbf,0xf8,0x24,0x09,0x00,0x02,0x40,0x40,0x00,0x24,0x00,0x00,0x3f,0x00,0x00,0x02,0x40,0x00,0x00,0x30,
0x00,0x3f,0x87,0xff,0xd3,0x18,0x80,0x00,0x31,0x98,0x00,0x03,0x1a,0x40,0x00,0x31,0x87,0xff,0x43,0x18,
0x01,0xd0,0x31,0x80,0xb0,0x03,0xf8,0x28,0x00,0x30,0x0a,0x00,0x51,0x00,0xc0,0x09,0x00,0x1c,0x00,0x90,
0x00,0xbf,0xf8,0x00,0x02,0x00,0x00,0x00,0xb0,0x00,0x00,0x2a,0xd0,0x00,0x1e,0x07,0x40,0x07,0x40,0x1e,
0x47,0xef,0xff,0xad,0x10,0x00,0x00,0x00,0x00,0x00,0x00,0x07,0xff,0xfd,0x00,0x60,0x00,0x90,0x06,0x00,
0x09,0x00,0x60,0x00,0x90,0x07,0xff,0xfd,0x00,0x60,0x00,0x90,0x00,0x00,0x00,0x00,0x00,0xff,0xf0,0x3f,
0x80,0x03,0x03,0x18,0x90,0x60,0x31,0x89,0x06,0x03,0x18,0x90,0x60,0x31,0x89,0x09,0x03,0x18,0xbf,0xfc,
0x31,0x80,0x00,0xc3,0xf8,0x00,0x0c,0x30,0x2f,0xfd,0x81,0x00,0x00,0x18,0x00,0x00,0x02,0x40,0x00,0x02,
0xe0,0x1f,0xff,0xff,0x40,0x00,0xc0,0x00,0x00,0x28,0x00,0x07,0xff,0xff,0xfd,0x00,0xa0,0xa0,0x00,0x1c,
0x03,0x40,0x07,0x40,0x1d,0x02,0xff,0xff,0xf9,0x67,0x00,0x0d,0x90,0x30,0x00,0xd0,0x03,0x00,0x0d,0x00,
0x3f,0xff,0xd0,0x02,0x00,0x08,0x00,0x00,0x00,0x50,0x00,0x00,0x06,0x00,0x3f,0x80,0x60,0x03,0x19,0xff,
0xf8,0x31,0x80,0x60,0x03,0x18,0x06,0x00,0x31,0xaf,0xff,0xd3,0x18,0x0f,0x40,0x31,0x82,0xfc,0x03,0xf8,
0x76,0x90,0x30,0x0d,0x67,0x01,0x03,0x46,0x1c,0x00,0x50,0x60,0x80,0x00,0x06,0x00,0x00,0x00,0x00,0x00,
0x00,0x60,0x00,0x00,0x1f,0x40,0x00,0x07,0x4d,0x00,0x06,0x80,0x29,0x07,0xdf,0xfe,0x7d,0x10,0x00,0x00,
0x41,0xff,0x1f,0xf4,0x18,0x31,0x82,0x41,0x83,0x18,0x24,0x18,0x31,0x82,0x41,0xff,0x18,0x24,0x18,0x01,
0x9f,0x00,0x40,0x18,0x00,0x00,0x01,0x80,0x00,0x00,0x08,0x00,0x02,0xf0,0x80,0x00,0x22,0x48,0x2f,0xc2,
0x24,0x82,0x4c,0x22,0x7f,0xe4,0xc2,0x25,0x8e,0x4c,0x22,0x58,0xe4,0xc2,0x25,0x8a,0x4c,0x22,0x54,0xa4,
0xc3,0xf6,0x5a,0x4c,0x20,0x31,0xa4,0xc1,0x06,0x1a,0xfc,0x00,0x92,0x64,0xc0,0x18,0xf1,0x44,0x00,0x00,
0x00,0x00,0x00,0x00,0x00,0x00,0x01,0x80,0x80,0x3f,0x18,0x0c,0x03,0x21,0x80,0x80,0x32,0xbf,0xbf,0xd3,
0x21,0x81,0x04,0x32,0x18,0x61,0x83,0x21,0x96,0x18,0x32,0x1e,0x22,0x43,0x2b,0x83,0x24,0x3f,0x18,0x32,
0x03,0x01,0x82,0x30,0x00,0x18,0x16,0x00,0x01,0x9f,0xfd,0x00,0x74,0x00,0x00,0x00,0x09,0x00,0x02,0xaa,
0xfa,0xa8,0x00,0x09,0x00,0x00,0xaa,0xaa,0xa0,0x00,0x00,0x00,0x00,0x7a,0xaa,0xd0,0x06,0x00,0x09,0x00,
0x6e,0xab,0x90,0x00,0xc0,0x70,0x07,0xff,0xff,0xfd,0x06,0xaa,0xa9,0x00,0x60,0x00,0xa0,0x06,0x00,0x0a,
0x00,0x7a,0xaa,0xe0,0x00,0x00,0x00,0x00,0x00,0x2f,0xff,0xd3,0xf6,0x00,0x00,0x32,0x62,0xaa,0x83,0x26,
0x32,0x48,0x32,0x63,0xba,0x83,0x26,0x32,0x48,0x32,0x73,0xba,0x83,0x27,0x02,0x40,0x3f,0x70,0x24,0x03,
0x06,0x3f,0xf8,0x00,0x90,0x24,0x00,0x0c,0xbf,0xfd,0x00,0x40,0x00,0x00,0x00,0x00,0x00,0x03,0xff,0xff,
0xfc,0x34,0x00,0x01,0xc3,0x40,0x00,0x1c,0x34,0xbf,0xe1,0xc3,0x49,0x06,0x1c,0x34,0x90,0x61,0xc3,0x49,
0x06,0x1c,0x34,0x90,0x61,0xc3,0x4b,0xfe,0x1c,0x34,0x00,0x01,0xc3,0x40,0x00,0x1c,0x3f,0xff,0xff,0xc2,
0x40,0x00,0x18,0x2f,0xff,0xff,0xc2,0x40,0x00,0x1c,0x24,0x09,0x01,0xc2,0x40,0x90,0x1c,0x27,0xff,0xfd,
0xc2,0x41,0xf4,0x1c,0x24,0x6a,0xd1,0xc2,0x5c,0x93,0x5c,0x27,0x09,0x0d,0xc2,0x40,0x90,0x1c,0x24,0x04,
0x01,0xc2,0xff,0xff,0xfc,0x24,0x00,0x01,0x80,0x2f,0xff,0xff,0x82,0x40,0x00,0x18,0x26,0xff,0xf9,0x82,
0x40,0x90,0x18,0x24,0x09,0x01,0x82,0x5f,0xff,0x58,0x24,0x09,0x41,0x82,0x40,0x96,0x18,0x24,0x09,0x11,
0x82,0x6f,0xff,0x98,0x24,0x00,0x01,0x82,0xff,0xff,0xf8,0x24,0x00,0x01,0x80,0x00,0x24,0x00,0x00,0x03,
0x00,0x00,0x3f,0xff,0xff,0xc0,0x0d,0x00,0x00,0x02,0x80,0x90,0x00,0x34,0x09,0x00,0x0a,0x00,0x90,0x02,
0xe2,0xff,0xf8,0x76,0x00,0x90,0x00,0x60,0x09,0x00,0x06,0x00,0x90,0x00,0x60,0x09,0x00,0x06,0x00,0x90,
0x00,0x67,0xff,0xfc,0x01,0x40,0x00,0x00,0x32,0xea,0xf0,0x0a,0x24,0x03,0x01,0xd2,0xae,0xa0,0x7d,0x00,
0xc0,0x01,0x9a,0xff,0xe8,0x09,0x09,0xd8,0x00,0x97,0x4c,0x74,0x09,0x90,0xc0,0x80,0x00,0x90,0x00,0x0f,
0xff,0xff,0x00,0x00,0x90,0x00,0x7f,0xff,0xff,0xd0,0x00,0x00,0x00,0x00,0x24,0x00,0x00,0x07,0xff,0xff,
0x81,0xc0,0x00,0x00,0x36,0xaa,0xa9,0x01,0x30,0x00,0x60,0x03,0xaa,0xae,0x00,0x30,0x00,0x60,0x03,0xaa,
0xae,0x00,0x0d,0x00,0x00,0x02,0xea,0xbd,0x01,0xe9,0x07,0x40,0x14,0x2a,0xd0,0x00,0x1b,0xee,0x50,0x7a,
0x40,0x1a,0xd0,0x00,0x00,0x00,0x00,0x0a,0x00,0x00,0x00,0xa0,0x00,0x00,0x09,0x00,0x00,0x00,0x90,0x00,
0x3f,0xff,0xff,0xd0,0x00,0xf0,0x00,0x00,0x1e,0x40,0x00,0x02,0x98,0x00,0x00,0x34,0xd0,0x00,0x0a,0x07,
0x00,0x01,0xc0,0x38,0x00,0x74,0x01,0xe0,0x2d,0x00,0x07,0xc2,0x00,0x00,0x08,0x2f,0xff,0xff,0x80,0x00,
0x90,0x00,0x00,0x09,0x00,0x00,0x00,0x90,0x00,0x00,0x09,0x00,0x03,0xff,0xff,0xfc,0x00,0x0f,0x00,0x00,
0x01,0xa4,0x00,0x00,0x35,0xc0,0x00,0x0a,0x0a,0x00,0x07,0x80,0x2c,0x02,0xe0,0x00,0xb8,0x24,0x00,0x01,
0x80,0x01,0x09,0x00,0x00,0x30,0x90,0x00,0x07,0x0a,0x00,0x00,0xbf,0xff,0xf0,0x1c,0x09,0x00,0x03,0x40,
0x90,0x00,0x10,0x09,0x00,0x07,0xff,0xff,0xfd,0x00,0x1f,0x40,0x00,0x02,0x98,0x00,0x00,0x70,0xd0,0x00,
0x2d,0x03,0x80,0x1e,0x00,0x0b,0x42,0x40,0x00,0x19,0x00,0x06,0x00,0x00,0x00,0xa0,0x00,0x2f,0xff,0xff,
0x80,0x50,0xa0,0x40,0x07,0x09,0x1c,0x00,0x24,0x92,0x40,0x01,0x49,0x20,0x07,0xff,0xff,0xfd,0x00,0x1f,
0x40,0x00,0x02,0x58,0x00,0x00,0x70,0xa0,0x00,0x2d,0x03,0x80,0x1f,0x40,0x0b,0x82,0x40,0x00,0x18,0x00,
0x00,0x00,0x00,0x00,0x60,0x00,0x2f,0xff,0xff,0x80,0x01,0xd0,0x00,0x00,0x7a,0xe0,0x00,0x6e,0x06,0xe0,
0x19,0x00,0x06,0x07,0xff,0xff,0xfd,0x00,0x00,0x09,0x00,0xbf,0xe0,0x90,0x09,0x06,0x09,0x00,0x90,0x60,
0x90,0x0b,0xfe,0x09,0x00,0x90,0x00,0x90,0x04,0x01,0xfc,0x00,0x09,0x00,0x00,0x00,0x90,0x7f,0xf8,0x0d,
0x00,0x03,0x47,0xff,0x00,0xa0,0x18,0x60,0x28,0x01,0x86,0x02,0x40,0x24,0x60,0x24,0x02,0x49,0xff,0xfd,
0x34,0xc0,0x24,0x01,0xe8,0x02,0x40,0x03,0x80,0x24,0x00,0xaa,0x02,0x40,0x28,0x10,0x24,0x06,0x00,0x2f,
0x00,0x02,0x00,0x00,0x00,0x30,0x00,0x00,0x06,0x02,0xff,0xc0,0x60,0x24,0x0c,0x7f,0xfa,0x40,0xc0,0x92,
0x64,0x0c,0x0c,0x26,0x40,0xc1,0x83,0x24,0x0c,0x1d,0x62,0x40,0xc0,0x7d,0x24,0x0c,0x02,0xe2,0x40,0xc0,
0xb2,0x6f,0xfc,0x2c,0x02,0x40,0xc2,0x00,0x10,0x00,0x00,0x00,0x00,0x00,0x60,0x00,0x00,0x09,0x0b,0xff,
0x80,0x90,0x00,0x18,0x7f,0xe0,0x01,0x80,0xc6,0x00,0x18,0x18,0x90,0x01,0x82,0x49,0x7f,0xf8,0x24,0xc0,
0x01,0x82,0xe8,0x00,0x18,0x07,0x80,0x01,0x80,0x3c,0x00,0x18,0x0a,0xa0,0x01,0x82,0x80,0xff,0xf8,0x60,
0x00,0x01,0x80,0x05,0x00,0x60,0x00,0x90,0x0d,0x00,0x0c,0x01,0x85,0x07,0xfd,0x34,0x30,0x18,0x9a,0x02,
0x81,0x89,0xff,0xfc,0x24,0xc9,0x40,0x93,0x0c,0x00,0x00,0x39,0x8b,0xff,0x80,0xb4,0x90,0x18,0x07,0x89,
0x01,0x80,0xda,0x90,0x18,0x38,0x0b,0xff,0x81,0x00,0x50,0x18,0x18,0x00,0x90,0x00,0x62,0xaf,0xa8,0x24,
0x30,0x91,0x41,0x83,0xaf,0xa0,0x02,0x66,0x0a,0x00,0x99,0x1e,0x80,0x29,0xc6,0xfa,0x42,0x15,0x90,0x6c,
0x00,0x24,0x00,0x03,0xff,0xff,0xfc,0x01,0xc0,0x34,0x00,0x2e,0x9d,0x00,0x01,0x6e,0xb9,0x03,0xa5,0x00,
0x68,0x00,0x00,0x00,0x00,0xff,0xff,0xf0,0x00,0x00,0x2d,0x00,0x00,0x0b,0x40,0x00,0x07,0x80,0x00,0x00,
0x60,0x00,0x00,0x0a,0x00,0x07,0xff,0xff,0xfd,0x00,0x06,0x00,0x00,0x00,0x60,0x00,0x00,0x06,0x00,0x00,
0x00,0x60,0x00,0x00,0x0a,0x00,0x00,0x0f,0xd0,0x00,0x00,0x24,0x00,0x00,0x03,0x00,0x00,0x3f,0xff,0xff,
0xc0,0x0d,0x00,0x00,0x01,0xc0,0x00,0x00,0x34,0xff,0xf4,0x0a,0x00,0x0e,0x01,0xe0,0x07,0x40,0x7a,0x00,
0x60,0x01,0x67,0xff,0xfd,0x06,0x00,0x60,0x00,0x60,0x06,0x00,0x06,0x00,0x60,0x00,0x60,0xbd,0x00,0x00,
0x00,0x00,0x00,0x00,0x90,0x00,0x00,0x06,0x00,0x02,0xff,0xff,0xf8,0x24,0x00,0x01,0x82,0x50,0x00,0x18,
0x03,0x40,0x04,0x00,0x34,0x1b,0x80,0x03,0x6e,0x40,0x00,0x39,0x00,0x00,0x03,0x40,0x00,0x00,0x34,0x00,
0x24,0x02,0x40,0x03,0x40,0x1f,0xff,0xe0,0x00,0x00,0x00,0x00,0x00,0x08,0x00,0x00,0x00,0xa0,0x00,0x3f,
0xff,0xff,0x83,0x40,0x00,0x18,0x34,0x00,0x01,0x80,0x2f,0xff,0x80,0x00,0x00,0x00,0x07,0xff,0xff,0xfd,
0x00,0xa0,0xc0,0x00,0x09,0x0c,0x00,0x00,0xd0,0xc0,0x00,0x1c,0x0c,0x09,0x07,0x40,0xd0,0x93,0x90,0x0b,
0xf8,0x00,0x00,0x00,0x00,0x00,0x09,0x00,0x00,0x00,0xa0,0x00,0x3f,0xff,0xff,0xc3,0x40,0x00,0x1c,0x34,
0x00,0x01,0xc0,0x3f,0xff,0xc0,0x00,0x0a,0x00,0x00,0x30,0xa0,0x00,0x07,0x0b,0xfe,0x00,0x70,0xa0,0x00,
0x0b,0x8a,0x00,0x00,0xcd,0xa0,0x00,0x28,0x7e,0x40,0x07,0x00,0xaf,0xfd,0x00,0x00,0x00,0x00,0x00,0x09,
0x00,0x00,0x00,0xa0,0x00,0x2f,0xff,0xff,0x82,0x40,0x10,0x18,0x25,0xd3,0x01,0x80,0x06,0x30,0x00,0x09,
0x03,0x00,0x00,0x74,0x60,0x00,0x00,0x46,0x00,0x03,0xff,0xff,0xfc,0x00,0x1c,0x40,0x00,0x07,0x4b,0x80,
0x17,0x90,0x0b,0x41,0x90,0x00,0x18,0x00,0x00,0x00,0x00,0x00,0xc0,0x00,0x1f,0xff,0xff,0x40,0x01,0x80,
0x00,0x00,0x18,0x00,0x00,0xbf,0xff,0xf0,0x00,0x30,0x00,0x07,0xff,0xff,0xfd,0x00,0xd0,0x18,0x00,0x2f,
0xff,0xfc,0x07,0x50,0x18,0x01,0xe7,0x01,0x80,0x78,0x28,0x18,0x01,0x00,0x81,0x80,0x00,0x01,0xf4,0x00,
0x02,0x40,0x90,0x00,0x24,0x2f,0xf8,0x62,0x5a,0x02,0x42,0x66,0x64,0xb0,0x0f,0x41,0xec,0x00,0x64,0x1e,
0x00,0x02,0x5a,0x46,0x00,0x37,0xff,0xfd,0x0b,0x44,0x06,0x03,0xa4,0x90,0x60,0x12,0x47,0x06,0x00,0x24,
0x24,0x60,0x02,0x40,0x06,0x00,0x24,0x07,0xd0,0x00,0x05,0x00,0x00,0x00,0xa0,0x00,0x00,0x0a,0x00,0x00,
0x00,0xa0,0x00,0x07,0x0a,0x0d,0x00,0xa0,0xa0,0xa0,0x0d,0x0a,0x03,0x41,0xc0,0xa0,0x28,0x28,0x0a,0x01,
0xc3,0x40,0xa0,0x0d,0x50,0x0a,0x00,0x90,0x00,0xa0,0x00,0x00,0x0a,0x00,0x00,0x0f,0xd0,0x00,0x00,0x00,
0x00,0x00,0x02,0x40,0x24,0x00,0x18,0x02,0x60,0x7f,0xfc,0x25,0x80,0x00,0x03,0x04,0x1a,0xa6,0xff,0xd1,
0x41,0x83,0x00,0x14,0x18,0x38,0x01,0xff,0x46,0xc0,0x01,0x90,0x6c,0x01,0x9a,0x49,0xc0,0x25,0x98,0xcc,
0x03,0x18,0x68,0xc6,0x11,0x87,0x0c,0x60,0x74,0x90,0x69,0x09,0x01,0x02,0x40,0x90,0x60,0x24,0x09,0x06,
0x02,0x40,0x90,0x60,0x24,0x09,0x06,0x02,0x40,0xd0,0x60,0x24,0x0d,0x06,0x02,0x40,0xc0,0x60,0x24,0x0c,
0x06,0x02,0x41,0x80,0x60,0x24,0x34,0x06,0x02,0x46,0x00,0x00,0x24,0x00,0x00,0x00,0x00,0x02,0x41,0x42,
0x80,0x24,0x24,0x28,0x02,0x42,0x42,0x81,0x65,0x25,0x28,0x26,0x72,0x72,0x83,0x26,0x65,0xa8,0x62,0x5a,
0x4e,0x80,0x30,0x24,0x28,0x07,0x02,0x42,0x80,0xa0,0x24,0x28,0x1c,0x02,0x42,0x83,0x40,0x24,0x28,0x10,
0x00,0x01,0x40,0x2f,0xff,0xfe,0x00,0x00,0x00,0xa0,0x04,0x00,0x0a,0x00,0xc0,0x00,0xa0,0x0c,0x00,0x0a,
0x00,0xff,0xff,0xe0,0x0c,0x00,0x05,0x00,0xc0,0x00,0x00,0x0c,0x00,0x00,0x80,0xc0,0x00,0x0d,0x0d,0x00,
0x01,0xc0,0x7f,0xff,0xf4,0x00,0x00,0x00,0x00,0x06,0x06,0x09,0x00,0x34,0x61,0x80,0x2f,0xff,0xff,0x82,
0x40,0x00,0x0c,0x25,0xaa,0xa8,0xc2,0x64,0x01,0x8c,0x02,0x40,0x18,0x00,0x2a,0xfa,0x80,0x00,0x06,0x00,
0x00,0xff,0xff,0xf0,0x0d,0x06,0x03,0x00,0xd0,0x60,0x30,0x0c,0x06,0x3e,0x00,0x00,0x60,0x00,0x2f,0xff,
0xff,0x80,0x00,0xa0,0x00,0x00,0x0a,0x00,0x00,0x00,0xa0,0x00,0x00,0x0a,0x00,0x07,0xff,0xff,0xfd,0x00,
0x0a,0x00,0x00,0x00,0xa0,0x00,0x00,0x0a,0x00,0x00,0x00,0xa0,0x00,0x00,0x0a,0x00,0x00,0x00,0xa0,0x00,
0x00,0x09,0x00,0x00,0x00,0x06,0x00,0x00,0x00,0x34,0x00,0x1f,0xff,0xff,0xd1,0x80,0x14,0x00,0x18,0x01,
0x80,0x01,0x80,0x28,0x00,0x1a,0xff,0xff,0xc1,0x80,0x38,0x00,0x28,0x07,0xd0,0x02,0x40,0xa6,0x00,0x24,
0x1c,0x28,0x03,0x03,0x40,0xe0,0x61,0xe0,0x03,0x85,0x24,0x00,0x08,0x00,0x06,0x00,0x00,0x00,0x34,0x00,
0x1f,0xff,0xff,0xd1,0x80,0x10,0x00,0x18,0x03,0x40,0x01,0x80,0x3f,0xf8,0x18,0x03,0x40,0x01,0x80,0x34,
0x00,0x18,0xff,0xff,0x02,0x8c,0x00,0x30,0x24,0xc0,0x03,0x03,0x4c,0x00,0x30,0x70,0xff,0xff,0x05,0x08,
0x00,0x20,0x2f,0xff,0xff,0xc0,0x0d,0x03,0x40,0x00,0xc0,0x30,0x00,0x0c,0x03,0x00,0x00,0xc0,0x30,0x07,
0xff,0xff,0xfd,0x00,0xc0,0x34,0x00,0x1c,0x03,0x00,0x02,0x80,0x30,0x00,0x34,0x03,0x00,0x0a,0x00,0x30,
0x02,0xc0,0x03,0x00,0x20,0x00,0x20,0x00,0x00,0x00,0x88,0x00,0x00,0x0c,0x74,0x00,0x00,0xc1,0x47,0xff,
0xff,0xfd,0x00,0x00,0xd0,0x00,0x00,0x09,0x00,0x2f,0xfd,0x90,0x00,0x1c,0x0a,0x00,0x01,0x80,0x60,0x00,
0x18,0x03,0x00,0x01,0x80,0x34,0x50,0x1e,0xf2,0x89,0x2f,0xa4,0x0d,0x91,0x40,0x00,0x78,0x01,0x40,0x00,
0x00,0x71,0xff,0xf4,0x1d,0x18,0x03,0x47,0x41,0x80,0x34,0x12,0x5f,0xff,0x40,0xa1,0x80,0x34,0x2e,0x1f,
0xff,0x46,0xa1,0x88,0x04,0x06,0x18,0xa2,0x80,0x61,0x83,0xd0,0x06,0x18,0x28,0x00,0x61,0x84,0xe0,0x06,
0x2f,0x83,0x90,0x52,0x40,0x08,0x0f,0xff,0xfe,0x00,0x00,0x00,0x60,0x00,0x00,0x06,0x00,0xbf,0xff,0xe0,
0x09,0x00,0x00,0x40,0xa0,0x00,0x18,0x06,0xff,0xfe,0x40,0x00,0x80,0x00,0x09,0x4a,0x06,0x01,0x98,0x34,
0x30,0x29,0x81,0x4a,0x83,0x18,0x01,0x9c,0x10,0xbf,0xf4,0x40,0x05,0x00,0x80,0x00,0x90,0x0d,0x00,0x09,
0x00,0xd0,0x01,0xa6,0xff,0xf4,0x29,0xc0,0xd2,0x46,0x98,0x0c,0x24,0x59,0x00,0xc2,0x40,0x97,0xff,0xfe,
0x09,0x01,0xe0,0x00,0x90,0x2a,0x40,0x09,0x03,0x1c,0x00,0x90,0xa0,0xa0,0x09,0x68,0x03,0x90,0x96,0x00,
0x09,0x09,0x03,0x00,0x00,0x90,0x30,0x00,0x1a,0x7f,0xff,0xd2,0xa8,0x60,0x40,0x29,0xc9,0x18,0x06,0x94,
0x99,0x88,0x59,0x0c,0x99,0x80,0x91,0x9a,0x64,0x09,0x26,0x66,0x00,0x97,0x03,0x80,0x09,0xd0,0x69,0x00,
0x94,0x0c,0x60,0x09,0x07,0x42,0x80,0x90,0x90,0x08,0x09,0x02,0x00,0x00,0x90,0xa0,0x00,0x0a,0x0f,0xff,
0xd2,0xaa,0x80,0x00,0x29,0xef,0xff,0x46,0x94,0xc9,0x24,0x59,0x0c,0x22,0x40,0x9b,0xff,0xfd,0x09,0x18,
0x82,0x40,0x92,0x4a,0x24,0x09,0x24,0x13,0x00,0x92,0xff,0xfd,0x09,0x00,0x07,0x00,0x90,0x03,0x90,0x02,
0x40,0x00,0x00,0x24,0x2f,0xf8,0x02,0x42,0x01,0x87,0xff,0xae,0xb8,0x07,0x42,0x01,0x80,0xbd,0x2e,0xb8,
0x2a,0x66,0x01,0x87,0x24,0x20,0x18,0x02,0x42,0xff,0x80,0x00,0xd0,0x10,0x18,0xc7,0x03,0x42,0x4c,0x11,
0x58,0x30,0xc0,0x24,0xc1,0x0b,0xff,0x00,0x00,0x00,0x00,0x00,0x00,0x90,0x00,0x1f,0xff,0xff,0x40,0x0c,
0x03,0x00,0x2f,0xff,0xff,0xc0,0x00,0x00,0x00,0x06,0xaa,0xa9,0x00,0x60,0x00,0x90,0x07,0xaa,0xad,0x00,
0x60,0x00,0x90,0x06,0xae,0xa9,0x00,0x44,0xa0,0x50,0x0c,0x92,0x53,0x42,0x89,0x03,0x18,0x10,0x7f,0xe0,
0x40,0x00,0x00,0x00,0x00,0x00,0x0c,0xa0,0x1f,0xff,0xff,0xd1,0x80,0x09,0x00,0x1a,0xaa,0x92,0x41,0x80,
0x06,0x70,0x19,0xa9,0x6a,0x01,0xa4,0x53,0xc0,0x26,0x45,0x38,0x53,0x1a,0xae,0xd9,0x60,0x04,0x46,0x80,
0x58,0xa0,0x20,0x19,0x82,0x46,0x43,0x58,0x01,0x9c,0x10,0xbf,0xe4,0x00,0x09,0x00,0x60,0x00,0x90,0x06,
0x00,0x09,0x2f,0xff,0xd7,0xfa,0x46,0x0c,0x09,0x24,0x61,0x80,0x92,0x46,0x04,0x09,0x6f,0xff,0x41,0xba,
0xa0,0x34,0x7d,0x26,0x47,0x00,0x92,0x5c,0x90,0x09,0x30,0xb8,0x00,0x96,0x0b,0x80,0x09,0x96,0x9a,0x43,
0xd9,0xd0,0x1d,0x00,0x00,0x00,0x00,0x05,0x00,0x20,0x00,0x60,0x06,0x00,0x06,0x00,0x60,0x07,0xfc,0x06,
0x00,0x06,0x1f,0xff,0xd0,0x61,0x86,0x0d,0x06,0x58,0x60,0xd1,0xbe,0x86,0x0d,0x7a,0x1f,0xff,0xd0,0x61,
0x86,0x0d,0x06,0x18,0x60,0xd0,0x61,0x86,0x0d,0x0a,0x1f,0xff,0xd3,0xd1,0x80,0x08,0x05,0x00,0x90,0x00,
0x60,0x06,0x00,0x06,0x00,0x60,0x07,0xfd,0xff,0xfc,0x06,0x00,0x00,0x00,0x60,0x60,0x30,0x06,0x06,0x07,
0x01,0xbc,0x30,0x60,0x7e,0x03,0x49,0x00,0x60,0x24,0x90,0x06,0x02,0x4c,0x00,0x60,0x01,0x80,0x0a,0x3f,
0xff,0xe2,0xd0,0x00,0x00,0x05,0x00,0x60,0x00,0x61,0x86,0x18,0x06,0x0c,0x62,0x47,0xfc,0x96,0x70,0x06,
0x00,0x60,0x00,0x61,0xff,0xfc,0x06,0x40,0x60,0x06,0xf8,0x06,0x00,0x5a,0x3f,0xff,0xd0,0x60,0x06,0x00,
0x06,0x00,0x60,0x00,0x60,0x06,0x00,0x0a,0x00,0x60,0x03,0xd0,0x06,0x00,0x05,0x00,0x00,0x00,0x91,0xff,
0xf4,0x09,0x06,0x07,0x07,0xfc,0x1d,0xc0,0x09,0x00,0xb4,0x00,0x90,0xb9,0xe4,0x0a,0x69,0x12,0xd1,0xbc,
0x06,0x00,0x7e,0x0f,0xff,0x40,0x90,0x06,0x00,0x09,0x2f,0xff,0xd0,0x90,0x06,0x00,0x09,0x00,0x60,0x03,
0xd0,0x06,0x00,0x00,0x00,0x00,0x00,0x09,0x05,0x02,0x40,0x90,0x30,0x70,0x09,0x02,0x49,0x07,0xf9,0xff,
0xfc,0x09,0x02,0x49,0x00,0x90,0x24,0x90,0x09,0x02,0x49,0x00,0xab,0xff,0xfd,0x7e,0x03,0x09,0x00,0x90,
0x30,0x90,0x09,0x06,0x09,0x00,0x90,0x90,0x90,0x09,0x1c,0x09,0x03,0xc2,0x00,0x90,0x00,0x00,0x00,0x00,
0x05,0x00,0x50,0x00,0x90,0x06,0x00,0x09,0x2f,0xff,0xd7,0xfe,0x44,0x09,0x09,0x24,0xc0,0x90,0x90,0x18,
0x00,0x09,0x3f,0xff,0xd0,0xa9,0x70,0x60,0x6e,0x4a,0x0a,0x05,0x90,0xe0,0xd0,0x09,0x02,0xe8,0x00,0x90,
0x0b,0x90,0x09,0x07,0x87,0x43,0xd2,0x90,0x18,0x00,0x00,0x00,0x00,0x90,0x24,0x00,0x09,0x07,0xfe,0x00,
0x90,0xd0,0xd0,0x7f,0xa8,0x18,0x00,0x93,0xff,0xf4,0x09,0x18,0x62,0x40,0x95,0x86,0x24,0x1f,0x98,0x92,
0x46,0x97,0xff,0xfd,0x09,0x01,0xf0,0x00,0x90,0x26,0x80,0x09,0x0a,0x0d,0x00,0x92,0x80,0x74,0x3c,0xa0,
0x01,0x90,0x00,0x00,0x00,0x05,0x01,0x88,0x00,0x60,0x18,0xc0,0x06,0x01,0x8c,0x07,0xfd,0xf8,0xfd,0x06,
0x01,0x8c,0x00,0x60,0x18,0xc0,0x06,0x1f,0x8f,0xc0,0xbc,0x18,0xc0,0x7e,0x01,0x8c,0x00,0x62,0xf8,0xfd,
0x06,0x01,0x8c,0x00,0x60,0x18,0xc0,0x06,0x01,0x8c,0x02,0xd0,0x18,0xc0,0x00,0x00,0x00,0x00,0x05,0x00,
0x00,0x00,0x90,0xea,0xb8,0x09,0x08,0x01,0x87,0xfc,0xea,0xb8,0x09,0x08,0x01,0x80,0x90,0xfa,0xa4,0x0a,
0x49,0x00,0x01,0xb9,0xff,0xfd,0x79,0x34,0x20,0x90,0x91,0x8a,0x4c,0x09,0x1a,0x48,0xc0,0x91,0xea,0x9c,
0x09,0x00,0x01,0xc2,0xd0,0x00,0xa4,0x02,0x00,0x50,0x00,0x24,0x09,0x00,0x01,0x40,0xd0,0x07,0xff,0x9f,
0xfd,0x09,0x02,0x82,0x40,0x90,0x3c,0x34,0x0b,0xfb,0x83,0x00,0x92,0x95,0x60,0x0d,0x30,0x29,0x00,0xc3,
0x02,0xc0,0x0c,0x30,0x28,0x01,0x83,0x0a,0xa0,0x34,0x72,0x83,0x86,0x2e,0xa0,0x09,0x00,0x00,0x00,0x00,
0x01,0x40,0x60,0x02,0xbe,0x8a,0x00,0x01,0x40,0xff,0xd2,0xae,0xad,0x34,0x2a,0xea,0x76,0x00,0x7a,0x02,
0xd0,0x19,0x98,0x7a,0x06,0x14,0x28,0x1d,0x1f,0xff,0xff,0x40,0x00,0x90,0x00,0x03,0x0b,0xa9,0x00,0x30,
0x90,0x00,0x03,0x09,0x00,0x07,0xff,0xff,0xfd,0x02,0x00,0x06,0x02,0x32,0x14,0x60,0x33,0x20,0xa6,0x02,
0x75,0x01,0x60,0x17,0x40,0x06,0x07,0xff,0x74,0x60,0x0b,0x01,0xc6,0x00,0xf8,0x00,0x60,0x1b,0x90,0x0b,
0x92,0x72,0x6f,0xf4,0x63,0x05,0x46,0x05,0x30,0x00,0x60,0x03,0x00,0x06,0x00,0x20,0x00,0x60,0x0b,0xff,
0xfe,0x00,0xa0,0x00,0xa0,0x0a,0x00,0x06,0x00,0xa0,0x00,0x60,0x0a,0x00,0x06,0x00,0xbf,0xff,0xe0,0x0a,
0x00,0x06,0x00,0xa0,0x00,0x60,0x0a,0x00,0x06,0x00,0xa0,0x00,0x60,0x0a,0x00,0x06,0x00,0xbf,0xff,0xe0,
0x05,0x00,0x06,0x00,0x3f,0xe3,0xff,0xc3,0x06,0x30,0x0c,0x30,0x63,0x00,0xc3,0x06,0x3f,0xfc,0x3f,0xe3,
0x00,0xc3,0x06,0x30,0x0c,0x30,0x63,0x00,0xc3,0x06,0x7f,0xfc,0x3f,0xe6,0x00,0xc3,0x00,0x90,0x0c,0x10,
0x0c,0x00,0xc0,0x02,0x80,0x0c,0x00,0x60,0x1f,0x80,0x00,0x00,0x00,0x00,0x02,0x40,0x03,0xf8,0x25,0x54,
0x30,0xaf,0xea,0x43,0x08,0x0c,0x74,0x30,0x80,0xb9,0x03,0xf9,0xaa,0x88,0x30,0x94,0x0b,0x83,0x08,0x00,
0x00,0x30,0xaf,0xff,0xd3,0x08,0x25,0x80,0x3f,0x83,0x18,0x03,0x00,0x71,0x85,0x10,0x1d,0x18,0x90,0x03,
0x40,0xb8,0x00,0x00,0x00,0x00,0x00,0x02,0x40,0x03,0xfc,0x3f,0xd0,0x30,0xc9,0x1c,0x03,0x0d,0xc2,0x40,
0x30,0xff,0xff,0xc3,0x0d,0x86,0x0c,0x3f,0xc8,0x60,0xc3,0x0c,0x86,0x0c,0x30,0xcf,0xff,0x83,0x0c,0x0e,
0x40,0x3f,0xc1,0xa4,0x03,0x00,0x72,0x45,0x10,0x2d,0x28,0x90,0x0e,0x01,0xfc,0x00,0x00,0x00,0x00,0x02,
0x40,0x24,0x02,0xbe,0x6b,0xe8,0x02,0x40,0x24,0x00,0x24,0x02,0x40,0x3f,0xf6,0xff,0xc0,0x78,0x06,0x90,
0x0d,0xb1,0xd7,0x43,0x81,0x20,0x1d,0x17,0xff,0xfd,0x00,0x60,0x00,0x90,0x07,0xaa,0xad,0x00,0x60,0x00,
0x90,0x07,0xff,0xfd,0x00,0x50,0x00,0x50,0x00,0x24,0x00,0x00,0x03,0x00,0x00,0x3f,0xff,0xff,0xc0,0x09,
0x00,0x00,0x01,0xc0,0x00,0x00,0x3f,0xff,0xd0,0x0f,0x80,0x09,0x07,0x9f,0xff,0xd0,0x11,0x80,0x09,0x00,
0x18,0x00,0x90,0x01,0xff,0xfd,0x00,0x18,0x00,0x90,0x01,0x80,0x09,0x00,0x18,0x0b,0xd0,0x00,0x00,0x00,
0x00,0x00,0x0a,0x00,0x00,0x00,0xa0,0x00,0x3f,0xff,0xff,0xc0,0x00,0xa0,0x00,0x0f,0xff,0xff,0x00,0xc0,
0xa0,0x30,0x0c,0x0a,0x03,0x00,0xc0,0xa0,0x30,0x0f,0xff,0xff,0x00,0x02,0xf8,0x00,0x00,0xaa,0xa0,0x00,
0x74,0xa1,0xd0,0x79,0x0a,0x06,0xd1,0x00,0x90,0x04,0x00,0x05,0x00,0x00,0x00,0xa0,0x00,0x2f,0xff,0xff,
0x80,0x10,0xa0,0x50,0x03,0x0a,0x0d,0x00,0x28,0xa1,0x80,0x01,0x4a,0x14,0x07,0xff,0xff,0xfd,0x00,0x2f,
0x80,0x00,0x0a,0xaa,0x00,0x02,0x8a,0x28,0x01,0xa0,0xa0,0xa4,0x74,0x0a,0x02,0xd0,0x00,0x90,0x00,0x02,
0x40,0x24,0x00,0x24,0x02,0x40,0x02,0x40,0x24,0x07,0xff,0x7f,0xfc,0x03,0x40,0x3c,0x00,0x7d,0x07,0xd0,
0x0b,0xb0,0xbe,0x01,0xa6,0x4e,0xb0,0x26,0x42,0x66,0x46,0x24,0x72,0x5c,0x52,0x4d,0x24,0x90,0x24,0x42,
0x40,0x02,0x40,0x24,0x00,0x24,0x01,0x40,0x0b,0xff,0xff,0x00,0x90,0xa0,0x70,0x0b,0xff,0xff,0x00,0x90,
0xa0,0x70,0x09,0x0a,0x07,0x00,0xbf,0xff,0xe0,0x00,0x0a,0x00,0x03,0xff,0xff,0xfc,0x00,0x3f,0xc0,0x00,
0x1d,0xa7,0x40,0x0b,0x4a,0x1e,0x07,0x80,0xa0,0x2d,0x10,0x06,0x00,0x00,0x00,0x05,0x00,0x00,0x00,0x90,
0x00,0x7f,0xff,0xff,0xd0,0x07,0xad,0x00,0x01,0xd9,0x74,0x00,0x74,0x91,0xe0,0x7d,0x05,0x06,0xd1,0x3a,
0xaa,0xc4,0x03,0x00,0x1c,0x00,0x3a,0xaa,0xc0,0x03,0xaa,0xac,0x00,0x00,0x00,0x00,0x3f,0xff,0xff,0xc0,
0x03,0x00,0x00,0x00,0x70,0x7f,0xf8,0x07,0x00,0x00,0x07,0xfe,0x00,0x00,0x0b,0x00,0x00,0x00,0xf4,0xff,
0xfd,0x0f,0x80,0x30,0x01,0xb6,0x03,0x10,0x37,0x06,0x33,0x0a,0x70,0x93,0x28,0x47,0x0c,0x30,0xc0,0x72,
0x83,0x0c,0x07,0x10,0x70,0x40,0x70,0x2e,0x00,0x00,0x00,0x00,0x00,0x06,0x00,0x60,0x00,0x60,0x06,0x00,
0x06,0x1f,0xff,0x87,0xfd,0x06,0x00,0x0a,0x00,0x60,0x00,0xf6,0xff,0xfd,0x1e,0x80,0x00,0x02,0xa8,0x06,
0x00,0x36,0x00,0x60,0x06,0x61,0xff,0xf8,0x46,0x00,0x60,0x00,0x60,0x06,0x00,0x06,0x7f,0xff,0xd0,0x50,
0x00,0x00,0x00,0x00,0x00,0x00,0x00,0x90,0x00,0x2f,0xff,0xff,0xc3,0x01,0x40,0x0c,0x10,0x24,0x00,0x83,
0xff,0xff,0xfc,0x01,0x80,0x60,0x00,0x2a,0xad,0x40,0x15,0x50,0x1b,0x40,0x00,0x90,0x00,0x7f,0xff,0xff,
0xd0,0x07,0xa9,0x00,0x02,0xd9,0x78,0x06,0xe0,0x90,0xb9,0x10,0x05,0x00,0x40,0x06,0x00,0x16,0x40,0x60,
0xbf,0x90,0x06,0x00,0x90,0x07,0xfd,0x09,0x00,0x0a,0x1f,0xff,0xd0,0xf4,0x24,0xa0,0x0e,0x87,0x03,0x41,
0xa6,0xd0,0x1d,0x36,0x12,0x46,0x46,0x60,0x24,0x60,0x46,0x03,0x06,0x00,0x60,0x60,0x60,0x06,0x1d,0x06,
0x00,0x62,0x40,0x60,0x05,0x00,0x90,0x00,0x50,0x1e,0x00,0x05,0x02,0x68,0x07,0xfc,0xa0,0xa0,0x09,0x28,
0x02,0x80,0xf6,0x7f,0xd9,0x1f,0x80,0x00,0x02,0x99,0x49,0x14,0x39,0x08,0x52,0x46,0x50,0xc6,0x20,0x05,
0x09,0x19,0x00,0x50,0x00,0x80,0x05,0x7f,0xff,0xc0,0x50,0x00,0x00,0x08,0x04,0x00,0x00,0x80,0x97,0xfc,
0x08,0x09,0x20,0x87,0xf4,0xba,0x4c,0x0c,0x09,0x24,0xc1,0xd0,0x91,0x58,0x1f,0xff,0xe9,0x82,0x94,0x90,
0xa4,0x29,0x29,0x4b,0x05,0x86,0x9c,0xa0,0x08,0x99,0x9e,0x00,0x98,0x92,0xb0,0x08,0x09,0x71,0x80,0x82,
0x88,0x09,0x00,0x00,0x00,0x00,0x09,0x00,0x00,0x00,0x9b,0xfe,0xfc,0x09,0x31,0x94,0xc7,0xf7,0x19,0x58,
0x0d,0x3f,0x96,0x40,0xe3,0x19,0x60,0x1f,0x71,0x95,0x42,0xdb,0xf9,0x4c,0x29,0x31,0x94,0x96,0x93,0x19,
0x49,0x09,0xbf,0x96,0x80,0x94,0x19,0x40,0x09,0x01,0x94,0x00,0x90,0x15,0x40,0x09,0x03,0x09,0x00,0x93,
0xff,0xfd,0x09,0x03,0x09,0x07,0xfd,0xaa,0xa4,0x0a,0x18,0x02,0x40,0xf1,0xea,0xb4,0x1e,0x98,0x02,0x42,
0x99,0xea,0xb4,0x39,0x00,0x90,0x06,0x90,0x09,0x00,0x59,0x7f,0xff,0xd0,0x90,0x1a,0x80,0x09,0x1b,0x0a,
0x40,0x96,0x40,0x19,0x00,0x09,0x00,0x01,0x00,0xd0,0x00,0x2d,0x1c,0x00,0x00,0x71,0xff,0xfc,0x00,0x34,
0x41,0x80,0x07,0x0c,0x24,0x00,0x90,0xc3,0x00,0x10,0x1d,0x00,0x07,0x01,0xe0,0x00,0xd0,0x27,0x00,0x28,
0x07,0x28,0x07,0x41,0xd0,0xd0,0x10,0xb4,0x07,0x80,0x18,0x00,0x08,0x00,0x01,0x40,0x00,0x00,0x24,0x00,
0x7f,0xf2,0xff,0xc0,0x06,0x30,0x0c,0x20,0xa6,0x31,0x82,0x89,0xd6,0x14,0x0d,0xc4,0x70,0x00,0x78,0x07,
0x00,0x03,0x80,0xb4,0x00,0x7c,0x0d,0x80,0x0d,0xa2,0x89,0x03,0x40,0x74,0x70,0x50,0x1d,0x02,0xd0,0x02,
0x40,0x09,0x2f,0xff,0xff,0xc0,0x00,0x70,0x00,0x00,0x07,0x00,0x00,0x00,0x70,0x00,0x06,0x07,0x00,0x00,
0x60,0x7f,0xf4,0x06,0x07,0x00,0x00,0x60,0x70,0x00,0x06,0x07,0x00,0x00,0x60,0x70,0x00,0x06,0x07,0x00,
0x07,0xff,0xff,0xfd,0x00,0x00,0x00,0x00,0x00,0x05,0x00,0x00,0x00,0xa0,0x00,0x00,0x0a,0x00,0x00,0x00,
0xa0,0x20,0x3f,0xeb,0x0a,0x00,0x09,0xb6,0x80,0x00,0xca,0xe0,0x00,0x18,0xaa,0x00,0x02,0x4a,0x34,0x00,
0x70,0xa1,0xd0,0x1d,0x0a,0x0b,0x47,0x40,0xa0,0x1d,0x10,0x0a,0x00,0x40,0x07,0xd0,0x00,0x14,0x00,0x00,
0x01,0xe3,0xff,0xf8,0x02,0x58,0x02,0x40,0x00,0xc0,0x24,0x10,0x09,0x03,0x02,0x90,0x60,0x60,0x05,0x03,
0x09,0x00,0x00,0x29,0xc0,0x01,0x00,0xf4,0x00,0x30,0x0b,0x00,0x0a,0x02,0xf4,0x01,0xc0,0xb0,0xd0,0x24,
0x78,0x07,0x81,0x09,0x00,0x09,0x14,0x00,0x50,0x01,0xa4,0x09,0x00,0x01,0x40,0x90,0x00,0x01,0x09,0x04,
0x10,0x30,0x90,0xc2,0x93,0x09,0x0c,0x05,0x30,0x90,0xc0,0x03,0x09,0x0c,0x01,0x30,0x90,0xc0,0x33,0x09,
0x0c,0x0a,0x30,0x90,0xc0,0xc3,0x09,0x0c,0x28,0x3f,0xff,0xc1,0x00,0x00,0x0c,0x04,0x00,0x00,0x01,0xe7,
0xff,0xe0,0x02,0x00,0x28,0x00,0x00,0x1d,0x00,0x10,0x0a,0x40,0x02,0x93,0xff,0xfc,0x05,0x03,0x18,0xc0,
0x00,0xa2,0x4c,0x01,0x1c,0x30,0xc0,0x77,0x46,0x1c,0x09,0x50,0xc1,0x80,0xc0,0x24,0x18,0x28,0x0a,0x02,
0x41,0x02,0x42,0xe0,0x00,0x00,0x00,0x00,0x18,0x00,0xd0,0x00,0x74,0x0d,0x00,0x00,0x08,0xd6,0x00,0x01,
0x8d,0x24,0x74,0x24,0xd1,0xc1,0x97,0x0d,0x0d,0x00,0xa0,0xd1,0x40,0x14,0x0d,0x30,0x03,0x00,0x4a,0x00,
0xa0,0x02,0x80,0x1c,0x01,0xa0,0x02,0x81,0xb4,0x00,0x10,0x64,0x00,0x00,0x00,0x00,0x00,0x02,0xd0,0xbf,
0xc0,0x07,0x09,0x0c,0x00,0x00,0xd0,0xc0,0x00,0x1c,0x0c,0x07,0x47,0x40,0xbd,0x09,0x50,0x00,0x00,0x07,
0xff,0xf4,0x01,0x18,0x06,0x00,0x70,0x90,0xd0,0x09,0x03,0xb4,0x01,0xc0,0x2f,0x00,0x24,0x6e,0x6e,0x41,
0x0a,0x40,0x18,0x14,0x00,0x00,0x01,0xeb,0xff,0xfd,0x01,0x00,0x02,0x40,0x00,0x00,0x24,0x60,0x2f,0xe2,
0x42,0xd2,0x06,0x24,0x05,0x20,0x62,0x40,0x02,0x06,0x24,0x01,0x20,0x62,0x40,0x32,0xfe,0x24,0x0a,0x20,
0x02,0x41,0xc0,0x00,0x24,0x28,0x00,0x02,0x42,0x00,0x0b,0xe0,0x14,0x00,0x90,0x00,0xb4,0x09,0x00,0x01,
0x00,0x90,0x00,0x03,0xff,0xfc,0x20,0x30,0x90,0xc2,0xd3,0x09,0x0c,0x0a,0x30,0x90,0xc0,0x03,0x09,0x0c,
0x00,0x3f,0xff,0xc0,0x23,0x09,0x0c,0x06,0x30,0x90,0xc0,0xd3,0x09,0x0c,0x28,0x3f,0xff,0xc1,0x02,0x00,
0x08,0x04,0x01,0x40,0x00,0xb4,0x34,0x00,0x01,0x46,0x18,0x00,0x00,0xd0,0xd0,0x10,0x28,0x07,0x03,0x87,
0xaa,0xf8,0x09,0x69,0x54,0x80,0x00,0x00,0x00,0x01,0x2f,0xff,0x40,0x32,0x40,0x24,0x09,0x24,0x02,0x41,
0xc2,0x40,0x24,0x34,0x2f,0xff,0x41,0x02,0x00,0x24,0x14,0x09,0x00,0x01,0xa0,0xd0,0x00,0x01,0x1f,0xff,
0x80,0x03,0x40,0x18,0x10,0xb0,0x01,0x87,0x9a,0xff,0x18,0x05,0x24,0x31,0x80,0x02,0x43,0x18,0x02,0x2f,
0xf2,0x80,0x62,0x40,0x24,0x09,0x24,0x1f,0x41,0xc2,0x40,0x09,0x28,0x28,0x00,0x92,0x01,0xff,0xf8,0x14,
0x00,0x90,0x00,0xb0,0x09,0x00,0x01,0x3f,0xff,0xd0,0x03,0x09,0x0c,0x20,0x30,0x91,0x82,0xd3,0x09,0x10,
0x04,0x3f,0xff,0x40,0x03,0x60,0x30,0x02,0x63,0x0a,0x00,0x66,0x19,0xc0,0x0d,0xa0,0xb4,0x01,0xc9,0x1f,
0x80,0x35,0xdb,0x4b,0x41,0x15,0x80,0x18,0x14,0x03,0x00,0x01,0xd0,0x35,0x64,0x02,0x7f,0xa5,0x40,0x00,
0x1c,0x70,0x20,0x00,0xa8,0x01,0xd1,0xbb,0x48,0x04,0x24,0x0b,0x80,0x00,0x00,0x00,0x02,0x7f,0xff,0xc0,
0x60,0x71,0x80,0x0d,0x06,0x18,0x01,0xc0,0x91,0x84,0x24,0x28,0x18,0x91,0x0a,0x01,0xb8,0x00,0x00,0x00,
0x00,0x14,0x08,0x00,0x01,0xe1,0xc0,0x00,0x02,0x2f,0xff,0xc0,0x07,0x00,0x00,0x10,0xdf,0xff,0x42,0x81,
0x88,0x24,0x04,0x24,0x22,0x40,0x0f,0xff,0xfd,0x06,0x25,0x42,0x40,0x93,0x09,0x24,0x0c,0x30,0x52,0x41,
0x83,0xff,0xfc,0x24,0x00,0x07,0x01,0x00,0x07,0x90,0x14,0x10,0x90,0x40,0xa2,0x49,0x18,0x01,0x0c,0x93,
0x00,0x00,0x49,0x10,0x74,0x2f,0xff,0x81,0xd2,0x40,0x18,0x05,0x24,0x01,0x80,0x02,0xff,0xf8,0x01,0x24,
0x01,0x80,0x72,0x40,0x18,0x09,0x2f,0xff,0x80,0xc2,0x40,0x18,0x28,0x24,0x02,0x82,0x02,0x41,0xf4,0x00,
0x00,0x00,0x00,0x14,0x00,0x90,0x00,0xa1,0x89,0x24,0x01,0x24,0xc6,0x00,0x02,0x1e,0x40,0x64,0x03,0x6d,
0x01,0xd2,0xe0,0x28,0x00,0x10,0x90,0x40,0x11,0x8d,0x28,0x07,0x24,0xd3,0x00,0x96,0x1e,0x90,0x1c,0x07,
0x68,0x03,0x46,0xd0,0xa4,0x10,0xa0,0x01,0x90,0x10,0x00,0xc0,0x01,0xd6,0xae,0xa8,0x06,0x00,0xc0,0x00,
0x02,0xae,0xa4,0x10,0x00,0xc0,0x07,0x8a,0xaa,0xa9,0x09,0x00,0x00,0x00,0x03,0xaa,0xb0,0x01,0x30,0x03,
0x00,0x63,0xaa,0xb0,0x09,0x30,0x03,0x01,0xc3,0xaa,0xb0,0x24,0x30,0x03,0x02,0x03,0x02,0xe0,0x10,0x00,
0x00,0x01,0xd1,0x83,0xfc,0x01,0x18,0x30,0xc0,0x1f,0xf7,0x0c,0x64,0x18,0x3f,0xc2,0xd1,0x83,0x0c,0x04,
0x18,0x30,0xc0,0x0f,0xf3,0x0c,0x05,0xc2,0x3f,0xc0,0x9c,0x27,0x0c,0x0c,0xc2,0x60,0xc1,0x8f,0xf9,0x0c,
0x34,0xc0,0xc0,0xc2,0x04,0x14,0x78,0x00,0x00,0x00,0x00,0x10,0x14,0x00,0x01,0xd1,0x87,0xfc,0x01,0x18,
0x60,0xc0,0x1f,0xfa,0x0c,0x74,0x28,0x7f,0xc1,0xd3,0x86,0x0c,0x00,0x3d,0x60,0xc0,0x06,0xba,0x0c,0x04,
0x99,0x7f,0xc0,0xd9,0x86,0x0c,0x1a,0x58,0x60,0xc2,0x81,0x86,0x0c,0x34,0x18,0x7f,0xc1,0x01,0x86,0x08,
0x10,0x18,0x00,0x01,0xd1,0x82,0xfc,0x05,0xff,0xa4,0xc0,0x01,0x82,0x4c,0x10,0xeb,0x6f,0xc2,0x8c,0x26,
0x4c,0x04,0xeb,0x64,0xc0,0x0c,0x26,0x4c,0x04,0xbe,0x6f,0xc0,0xc1,0x83,0x0c,0x1d,0xff,0xb0,0xc2,0x81,
0x86,0x0c,0x30,0x18,0x90,0xc1,0x01,0x88,0x78,0x00,0x00,0x00,0x00,0x00,0x0a,0x00,0x00,0x00,0xa0,0x00,
0x00,0x0a,0x00,0x00,0x60,0x90,0x28,0x09,0x09,0x03,0x01,0xc0,0xd0,0xa0,0x28,0x1e,0x0c,0x00,0x01,0xb0,
0x00,0x00,0x35,0x80,0x00,0x0a,0x0a,0x00,0x02,0x80,0x38,0x01,0xe0,0x00,0xb8,0x24,0x00,0x00,0x80,0x06,
0x00,0x30,0x00,0x60,0x03,0x00,0x06,0x11,0x32,0x02,0x66,0x63,0x24,0x26,0x89,0x31,0xc6,0x64,0x93,0x0d,
0x56,0x08,0x30,0x40,0x60,0x03,0x24,0x0b,0x40,0x27,0x00,0xdd,0x00,0xd0,0x1c,0x50,0x74,0x03,0x41,0xb9,
0x00,0x60,0x29,0x00,0x00,0x06,0x02,0x40,0x00,0x60,0x34,0x00,0x06,0x07,0x00,0x01,0x65,0x7f,0xfd,0x26,
0x9d,0x90,0x02,0x69,0x89,0x00,0x66,0x54,0xbf,0xd0,0x60,0x09,0x00,0x06,0x00,0x90,0x00,0xb4,0x0b,0xfd,
0x0d,0xc0,0x90,0x01,0x89,0x09,0x00,0x34,0x00,0x90,0x02,0x00,0x09,0x00,0x00,0x09,0x00,0x00,0x00,0x90,
0x00,0x00,0x0b,0xff,0x80,0x00,0x90,0x00,0x00,0x09,0x00,0x00,0xbf,0xff,0xe0,0x09,0x00,0x06,0x00,0x90,
0x00,0x60,0x0b,0xff,0xfe,0x00,0x00,0x00,0x00,0x09,0x10,0x86,0x01,0xc3,0x0c,0x24,0x24,0x30,0x91,0xc2,
0x02,0x05,0x04,0x05,0x00,0x80,0x00,0x60,0x0c,0x0c,0x06,0x0f,0xfe,0x41,0x65,0x0c,0x70,0x26,0x90,0xcd,
0x02,0x6a,0xff,0xfd,0x56,0x41,0x90,0x00,0x50,0xbf,0xfc,0x0a,0x76,0x40,0x00,0xa4,0x3f,0xf8,0x0c,0xc0,
0x02,0x42,0x89,0x00,0x24,0x30,0x00,0x03,0x05,0x00,0x0b,0xe0,0x05,0x02,0x40,0x00,0x60,0x29,0x54,0x06,
0x5f,0xea,0x42,0xa9,0x0c,0x24,0x26,0x80,0x6d,0x02,0x64,0x6e,0x88,0x16,0x09,0x0b,0x80,0x50,0x00,0x00,
0x09,0x2f,0xff,0xc0,0xb0,0x25,0x80,0x0d,0x83,0x58,0x01,0x89,0x71,0x84,0x30,0x1d,0x18,0x95,0x03,0x40,
0xb8,0x00,0x00,0x00,0x00,0x04,0x00,0x00,0x01,0xa6,0xab,0xd0,0x01,0x01,0x90,0x02,0x92,0xfa,0xa8,0x05,
0x06,0x24,0xc0,0x20,0xc3,0x18,0x06,0x34,0x91,0x81,0xc1,0x18,0x24,0x24,0x06,0x1a,0x00,0x14,0xa0,0x50,
0x06,0x1f,0x1c,0x00,0x47,0x5d,0x00,0x16,0xd0,0x79,0x42,0x90,0x00,0x68,0x03,0x00,0xc0,0x00,0x30,0x0c,
0x00,0x3f,0xef,0xfe,0x00,0x30,0x18,0x60,0x03,0x11,0x86,0x01,0x7e,0xa8,0x60,0x7b,0x03,0x86,0x00,0x30,
0x7b,0x61,0x03,0x0d,0x13,0x61,0xe2,0x40,0x1d,0x04,0x00,0x41,0x00,0xc3,0x0c,0x34,0x24,0x30,0x91,0xc2,
0x02,0x05,0x08,0x04,0x10,0x00,0x00,0x81,0x8f,0xfc,0x08,0x49,0x00,0xc2,0x9a,0x44,0x0c,0x29,0x70,0xa0,
0xc2,0xa3,0x01,0x4c,0x58,0x35,0x84,0xc0,0xc3,0x68,0x5c,0x0c,0x39,0x86,0xc0,0xd3,0x98,0xac,0x1b,0x30,
0xa4,0xc2,0x57,0x00,0x0c,0x30,0x30,0x00,0xc5,0x03,0x00,0xf8,0x00,0x00,0x00,0x00,0x00,0x18,0x01,0x00,
0xff,0xfe,0x70,0x00,0x18,0x2c,0x00,0x01,0x8b,0x00,0x7f,0xff,0xff,0xd0,0x0b,0x90,0x00,0x2b,0xaa,0xad,
0x06,0x64,0x00,0x90,0x02,0xaa,0xad,0x00,0x24,0x00,0x90,0x06,0xaa,0xea,0x00,0xc6,0x0c,0x34,0x24,0x30,
0x91,0xc1,0x01,0x00,0x04,0x00,0x00,0x00,0x00,0x32,0xaa,0xa0,0x0a,0x24,0x03,0x01,0xd2,0xaa,0xb0,0x79,
0x00,0xc0,0x01,0x9a,0xae,0xa9,0x09,0x06,0xe8,0x00,0x92,0x8c,0xb4,0x09,0xa0,0xc1,0xc0,0x50,0xa4,0x10,
0x03,0x4e,0x09,0x00,0xa2,0xa5,0x80,0x04,0xb4,0xe0,0x01,0x78,0x02,0xe4,0x69,0x00,0x06,0x80,0x01,0x06,
0x00,0x00,0x30,0x60,0x00,0x06,0x06,0x00,0x00,0xbf,0xff,0xf8,0x1c,0x06,0x00,0x03,0x40,0x60,0x00,0x20,
0x06,0x00,0x00,0x00,0x60,0x00,0x7f,0xff,0xff,0xd0,0x00,0x60,0x00,0x00,0x06,0x00,0x00,0x00,0x60,0x00,
0x00,0x06,0x00,0x00,0x00,0x60,0x00,0x02,0x01,0x40,0x02,0x70,0x34,0x00,0x23,0x07,0x00,0x03,0xfe,0x7f,
0xfd,0x23,0x0d,0x95,0x95,0x31,0x8c,0x99,0x53,0x21,0x8c,0xc0,0x3e,0x25,0x8c,0x7f,0x46,0x24,0xc5,0x31,
0xd3,0x0c,0x03,0x14,0x91,0x80,0x30,0x1c,0x18,0x03,0x07,0x42,0x40,0x30,0x52,0xf0,0x00,0x00,0x00,0x00,
0x01,0x06,0x00,0x00,0x30,0xa0,0x00,0x06,0x0a,0x00,0x00,0xbf,0xff,0xf8,0x18,0x0a,0x00,0x03,0x40,0xa0,
0x00,0x00,0x0a,0x00,0x00,0xbf,0xff,0xf0,0x00,0x0a,0x00,0x00,0x00,0xa0,0x00,0x00,0x0a,0x00,0x00,0x00,
0xa0,0x00,0x7f,0xff,0xff,0xd0,0x00,0x00,0x00,0x0f,0xff,0xff,0x40,0xd0,0x60,0x24,0x0d,0x06,0x02,0x40,
0xd0,0x60,0x24,0x0f,0xff,0xff,0x40,0xd0,0x60,0x24,0x0c,0x06,0x02,0x40,0xff,0xff,0xf4,0x0c,0x06,0x02,
0x41,0x80,0x60,0x24,0x28,0x06,0x02,0x43,0x40,0x60,0x24,0x60,0x06,0x3f,0x00,0x00,0x00,0x00,0x00,0x01,
0x59,0x01,0xbf,0xe9,0x80,0x03,0x49,0x1c,0x00,0x18,0x92,0x40,0x3f,0xff,0xff,0xc0,0x07,0xad,0x00,0x02,
0xd9,0x78,0x01,0xe0,0x51,0xb8,0x6b,0xaa,0xae,0x80,0x60,0x90,0x60,0x07,0xaf,0xae,0x00,0x60,0x90,0x60,
0x07,0xaf,0xae,0x00,0x50,0x00,0x50,0x00,0x01,0x40,0x00,0x00,0x18,0x00,0x07,0xff,0xff,0xd2,0x60,0x00,
0x00,0x26,0x7f,0xff,0xc1,0xa0,0x09,0x00,0x06,0x00,0x90,0x00,0x62,0x49,0x00,0x2e,0x24,0xbf,0x85,0xa2,
0x49,0x00,0x09,0x24,0x90,0x01,0xc2,0x49,0x00,0x35,0xff,0xff,0xd1,0x00,0x00,0x00,0x00,0x09,0x00,0x00,
0x00,0xc0,0x00,0x00,0x18,0x00,0x00,0xff,0xff,0xf0,0x0c,0x00,0x03,0x00,0xc0,0x00,0x30,0x0c,0x00,0x03,
0x00,0xff,0xff,0xf0,0x0c,0x00,0x03,0x00,0xc0,0x00,0x30,0x0c,0x00,0x03,0x00,0xc0,0x00,0x30,0x0f,0xff,
0xff,0x00,0xc0,0x00,0x30,0x02,0x40,0x90,0x00,0x34,0x0c,0x00,0x03,0x01,0xff,0xc2,0xff,0x24,0x0c,0x24,
0x32,0x00,0xc2,0x43,0x90,0x0c,0x24,0x35,0x80,0xc2,0xff,0x0a,0x18,0x24,0x30,0x35,0x82,0x43,0x01,0x58,
0x24,0x30,0x01,0x82,0xff,0x00,0x24,0x24,0x00,0x03,0x41,0x00,0x07,0xe0,0x01,0x80,0x24,0x00,0x0d,0x03,
0x00,0x1f,0xff,0xff,0x40,0x00,0xa0,0x00,0x0a,0xaf,0xaa,0x00,0x00,0xa0,0x00,0x00,0x0a,0x00,0x03,0xff,
0xff,0xfc,0x00,0x00,0x00,0x00,0xff,0xff,0xf0,0x0c,0x30,0xc3,0x00,0xc3,0x0c,0x30,0x7f,0xff,0xff,0xd0,
0x00,0x00,0x00,0x00,0x00,0x90,0x00,0x03,0xff,0xfd,0x00,0x31,0x80,0x90,0x03,0x06,0x09,0x07,0xff,0xff,
0xfd,0x06,0x14,0x09,0x00,0x90,0xa0,0x90,0x28,0x02,0x7d,0x01,0x00,0x00,0x00,0x0b,0xff,0xfe,0x00,0x93,
0x0c,0x60,0x09,0x30,0xc6,0x07,0xff,0xff,0xfd,0x03,0x00,0x00,0x00,0x30,0x7f,0xfc,0x03,0x06,0x00,0xc7,
0xff,0x60,0x0c,0x07,0x06,0x00,0xc0,0xb0,0x7f,0xfc,0x0f,0x46,0x00,0xc1,0xb9,0x60,0x0c,0x27,0x27,0xff,
0xc6,0x30,0x60,0x0c,0x53,0x06,0x00,0xc0,0x30,0x60,0x0c,0x03,0x07,0xff,0xc0,0x30,0x60,0x08,0x00,0x09,
0x00,0x00,0x24,0x91,0x80,0x07,0x09,0x0b,0x01,0xd0,0x93,0x68,0x24,0x0a,0xd0,0x40,0x06,0xe0,0x00,0x6f,
0xfe,0xa9,0x01,0x24,0x00,0x60,0x02,0xaa,0xae,0x00,0x24,0x00,0x60,0x02,0xaa,0xae,0x00,0x24,0x00,0x60,
0x02,0xea,0xae,0x00,0x20,0x00,0x50,0x00,0x05,0x5a,0x01,0xaa,0xe9,0x50,0x00,0x18,0x00,0x00,0xff,0xff,
0xf4,0x00,0x70,0x00,0x03,0xff,0xff,0xfc,0x01,0xc0,0x00,0x00,0x3f,0xff,0xe0,0x0b,0x80,0x06,0x07,0x9e,
0xaa,0xa0,0x01,0xea,0xaa,0x00,0x18,0x00,0x60,0x01,0xea,0xae,0x00,0x18,0x00,0x60,0x3f,0xff,0xff,0xc0,
0x07,0x00,0x00,0x00,0xa0,0x00,0x00,0x0c,0x00,0x00,0x02,0x80,0x00,0x00,0x7f,0xff,0xf4,0x0b,0x40,0x03,
0x42,0xa4,0x00,0x34,0x72,0x40,0x03,0x40,0x24,0x00,0x34,0x02,0x40,0x03,0x40,0x2f,0xff,0xf4,0x02,0x40,
0x02,0x40,0x00,0x00,0x20,0x07,0xfe,0x03,0x00,0x09,0x00,0x31,0x00,0x90,0x63,0x34,0x0c,0x06,0x31,0x81,
0x80,0x93,0x0c,0x2f,0xd9,0x30,0x97,0x86,0x83,0x00,0x58,0x50,0x32,0x81,0x85,0x02,0x70,0x18,0x50,0x0d,
0x01,0xfd,0x07,0x40,0x18,0x1b,0x90,0x00,0x01,0x90,0x00,0x00,0x01,0x40,0x07,0xfd,0x3f,0xd0,0x09,0x06,
0x0d,0x00,0xc0,0xc1,0x80,0x0c,0x3f,0xff,0xc1,0x82,0x93,0x0c,0x2f,0xc9,0x30,0xc7,0x8c,0xbf,0xfc,0x68,
0xc8,0x30,0xc1,0x8c,0xff,0xfc,0x18,0xcc,0x30,0xc1,0xfd,0x83,0x0c,0x18,0x24,0x30,0xc0,0x02,0x02,0x78,
0x00,0x00,0x00,0x00,0x00,0x00,0x00,0x00,0x00,0x90,0x00,0x3f,0xff,0xff,0xc0,0x55,0x05,0x50,0x09,0x2a,
0x46,0x00,0x91,0xa8,0x60,0x09,0x90,0x56,0x00,0xbf,0xff,0xe0,0x00,0x09,0x00,0x01,0xff,0xff,0xf4,0x18,
0x34,0x81,0x81,0x8a,0x0a,0x18,0x18,0xfe,0xb5,0x81,0x84,0x00,0x28,0x14,0x00,0x1a,0x40,0x00,0x09,0x00,
0x00,0x00,0xa0,0x00,0x3f,0xff,0xff,0xc3,0x00,0x00,0x0c,0x30,0x60,0x90,0x82,0x1d,0x07,0x90,0x1e,0x40,
0x0b,0x41,0x40,0x00,0x14,0x07,0xff,0xfe,0x00,0x00,0xa0,0x00,0x00,0x0a,0x00,0x00,0x00,0xa0,0x00,0x3f,
0xff,0xff,0xc0,0x00,0x00,0x00,0x00,0x60,0x09,0x00,0x0b,0xa9,0xea,0x92,0x8c,0x34,0xc0,0x20,0x96,0x05,
0x00,0xff,0xff,0xf0,0x00,0x09,0x03,0x00,0x00,0x90,0x30,0x0b,0xff,0xff,0x00,0xc0,0x90,0x00,0x0f,0xff,
0xff,0x80,0x07,0xd0,0x24,0x01,0xd9,0x02,0x41,0xe0,0x93,0xe0,0x14,0x05,0x00,0x00,0x00,0x00,0x00,0x00,
0xa0,0x08,0x00,0x0f,0xf9,0xc0,0x02,0x58,0x2f,0xfc,0x60,0x83,0x1c,0x00,0x00,0xa0,0x80,0x00,0x2a,0x90,
0x00,0x1d,0x07,0x90,0x2e,0xbf,0xfb,0x92,0x40,0x00,0x04,0x03,0xff,0xfc,0x00,0x30,0x00,0xc0,0x03,0x00,
0x0c,0x00,0x3f,0xff,0xc0,0x02,0x00,0x08,0x00,0x06,0x00,0x80,0x00,0xfa,0x9e,0xa9,0x28,0xc3,0x5c,0x02,
0x04,0x10,0x40,0x01,0x9f,0xff,0xd2,0x58,0x06,0x00,0x25,0x8f,0xff,0x82,0x58,0xc6,0x18,0x25,0x8c,0x61,
0x81,0x64,0xc6,0x18,0x02,0x4c,0x61,0x80,0x30,0xc6,0x18,0x09,0x0c,0x67,0x41,0x80,0x06,0x00,0x00,0x00,
0x00,0x00,0x00,0x00,0x00,0x00,0x90,0x18,0x00,0x0f,0xfa,0xff,0xc2,0x98,0x61,0x80,0x70,0xca,0x0c,0x01,
0x01,0xe4,0x00,0x00,0xa0,0xa0,0x00,0x78,0x02,0xd0,0x79,0xbf,0xe6,0xd1,0x00,0x40,0x40,0x06,0x09,0x09,
0x00,0x34,0x61,0x80,0x01,0x82,0x24,0x00,0x00,0x06,0x00,0x3f,0xff,0xff,0xc0,0x09,0x01,0x80,0x01,0xff,
0xaf,0xfc,0x75,0x8a,0x18,0x01,0x6e,0xaa,0xe0,0x0a,0x00,0x06,0x00,0xba,0xaa,0xa0,0x0a,0x00,0x06,0x00,
0xba,0xaa,0xa0,0x0b,0xaa,0xaa,0x00,0x09,0x03,0x00,0x7f,0xff,0xff,0xd0,0x1c,0x03,0x00,0x1b,0x40,0x30,
0x02,0x40,0x02,0x00,0x00,0x09,0x00,0x00,0x80,0xa0,0x34,0x0a,0x0a,0x07,0x00,0x30,0xa0,0xd0,0x02,0x4a,
0x18,0x00,0x00,0xa0,0x00,0x7f,0xff,0xff,0xd0,0x02,0xf8,0x00,0x00,0xaa,0xa0,0x00,0x1c,0xa3,0x40,0x07,
0x4a,0x1d,0x01,0xd0,0xa0,0x78,0x74,0x0a,0x01,0x90,0x00,0x90,0x00,0x01,0x05,0x04,0x00,0x34,0x91,0xc0,
0x01,0x89,0x24,0x03,0xff,0xff,0xfc,0x00,0x7f,0x90,0x00,0x1d,0x97,0x80,0x1e,0x49,0x07,0x82,0x40,0x50,
0x04,0x00,0x09,0x00,0x03,0xff,0xff,0xfc,0x00,0x2a,0x40,0x00,0x0b,0x0e,0x00,0x1b,0x80,0x2e,0x42,0x90,
0x00,0x68,0x06,0x00,0x44,0x01,0x62,0x18,0x90,0x26,0x62,0x46,0x02,0x68,0x30,0x30,0x16,0x4a,0x02,0x87,
0xff,0xc0,0x0d,0x0a,0x0b,0xff,0x40,0xf4,0x0c,0x24,0x1a,0xc0,0xc3,0x42,0x66,0x18,0x30,0x66,0x02,0x43,
0x05,0x60,0x30,0x30,0x06,0x09,0x06,0x00,0x61,0x83,0xd0,0x00,0x00,0x00,0x00,0x00,0x18,0x00,0x00,0xab,
0xea,0xa0,0x0c,0x55,0x53,0x00,0xdb,0xae,0x70,0x0c,0x29,0x83,0x00,0xd9,0x52,0x30,0x0e,0xaa,0xab,0x00,
0x00,0x00,0x00,0x2a,0xaa,0xaa,0x80,0x24,0x00,0x00,0x03,0xea,0xa9,0x00,0x00,0x00,0x90,0x00,0x00,0x0d,
0x00,0x00,0x1e,0x80,0x00,0x00,0x00,0x00,0x00,0x92,0xfc,0x7f,0x59,0x90,0xc0,0x26,0x9c,0x0c,0x02,0x29,
0x80,0xc3,0xf2,0x95,0xfc,0x20,0x5a,0x54,0x06,0x05,0xe6,0x40,0x7f,0x1f,0x2f,0xc0,0x22,0xa8,0x0c,0x03,
0x69,0x80,0xc0,0x39,0x94,0x0c,0x03,0x89,0x00,0xc0,0x70,0x90,0x18,0x3d,0x09,0x1f,0x40,0x01,0x80,0x02,
0x40,0x34,0x24,0x24,0x0a,0x02,0x42,0x41,0xc6,0x24,0x24,0x3a,0xd2,0x42,0x42,0xb8,0x24,0x24,0x06,0x02,
0x42,0x41,0xd6,0x24,0x24,0x7a,0x53,0xaf,0x40,0x00,0x79,0x24,0x05,0xb0,0x02,0x47,0xa4,0x00,0x24,0x00,
0x00,0x02,0x40,0x02,0x05,0x08,0x00,0x60,0x60,0xc0,0x0d,0x06,0x0c,0x01,0x88,0x60,0xc0,0x36,0x8a,0x0c,
0x06,0xb0,0x90,0xd0,0x09,0x09,0x1d,0x01,0x94,0xf1,0xe0,0x7e,0x4e,0xaa,0x00,0x01,0x8b,0x30,0x06,0xa4,
0x62,0x87,0x97,0x1d,0x0c,0x00,0x51,0x80,0x50,0x02,0x00,0x94,0x00,0x70,0x09,0x74,0x0a,0x00,0x91,0x40,
0xc5,0x5f,0xf8,0x24,0xda,0xa0,0x07,0xf8,0x09,0x04,0x17,0x01,0xbf,0x80,0x90,0xea,0x04,0x2e,0x90,0x71,
0xc3,0x94,0x03,0x74,0x00,0x00,0x2d,0x00,0x6d,0x0b,0x84,0x39,0x0b,0x8d,0x90,0x01,0x80,0x7c,0x02,0x00,
0x00,0x00,0x70,0xff,0xf4,0x09,0x00,0x0a,0x01,0xc5,0x01,0xc0,0x24,0xd0,0xb4,0x07,0xb8,0x69,0xe4,0x17,
0x2e,0x02,0xd0,0x91,0x00,0x04,0x2e,0x9f,0xff,0x86,0x94,0x07,0x00,0x00,0x40,0x70,0x06,0xf8,0x07,0x00,
0x10,0x2f,0xff,0xd0,0x02,0x00,0x30,0x00,0x60,0x03,0x00,0x0d,0x1f,0xff,0xd1,0x85,0x03,0x00,0x34,0xd0,
0x30,0x07,0xb8,0x03,0x00,0x6b,0x4f,0xff,0xc0,0x90,0x00,0x00,0x2e,0xab,0xff,0x86,0x94,0x90,0x18,0x00,
0x09,0x01,0x81,0xbe,0x90,0x18,0x65,0x0b,0xff,0x80,0x00,0x50,0x14,0x1f,0xff,0xff,0x41,0x86,0x0c,0x24,
0x18,0x60,0xc2,0x41,0xff,0xff,0xf4,0x00,0x70,0x00,0x00,0x1f,0xff,0xe0,0x0a,0x00,0x0d,0x02,0x8a,0x02,
0x80,0x00,0x28,0xb0,0x00,0x00,0xb8,0x00,0x00,0x2e,0x00,0x01,0xae,0x40,0x00,0x29,0x00,0x00,0x00,0x1a,
0xaa,0xaa,0x41,0x82,0x0c,0x28,0x1e,0xba,0xeb,0x80,0x00,0x90,0x00,0x2a,0xaf,0xaa,0x80,0x00,0xc0,0x00,
0x06,0xae,0xa9,0x00,0x60,0x00,0x90,0x07,0xaa,0xad,0x00,0x7a,0xaa,0xd0,0x06,0x00,0x09,0x00,0x7a,0xaa,
0xd0,0x06,0x00,0x09,0x02,0xaa,0xaa,0xa9,0x01,0x40,0x18,0x00,0x1c,0x02,0x80,0x00,0x90,0x30,0x01,0xff,
0xff,0xf8,0x00,0x0a,0x00,0x00,0x00,0xa0,0x00,0x0b,0xff,0xfe,0x00,0x00,0xa0,0x00,0x00,0x0a,0x00,0x07,
0xff,0xff,0xfd,0x00,0x0a,0x00,0x00,0x00,0xa0,0x00,0x00,0x0a,0x00,0x00,0x00,0x50,0x00,0x00,0x00,0x00,
0x02,0xeb,0xef,0xf8,0x0e,0xa8,0x42,0x40,0x81,0x9e,0xa0,0x0e,0xa8,0x2e,0x00,0xd6,0xee,0x68,0x6a,0x69,
0x40,0x40,0x01,0x5a,0xd0,0x1e,0xaa,0x50,0x00,0x16,0xa0,0xa4,0x2e,0x4b,0xa4,0x00,0x1b,0xa7,0x80,0x2e,
0x4a,0x06,0x91,0x00,0xa0,0x04,0x00,0x00,0x00,0x00,0x00,0x06,0x00,0x00,0x00,0x60,0x00,0x2f,0xff,0xff,
0x82,0x40,0xd0,0x18,0x24,0x2f,0x41,0x82,0x47,0x5e,0x18,0x26,0xd5,0x29,0x82,0x50,0x90,0x18,0x24,0x0e,
0x01,0x82,0x42,0xa8,0x18,0x24,0xa0,0xb1,0x82,0x68,0x02,0x98,0x24,0x00,0x01,0x82,0x40,0x02,0xf4,0x00,
0x00,0x00,0x02,0xfd,0xff,0xf0,0x24,0xc0,0x1d,0x02,0x4c,0x0b,0x40,0x2f,0xc6,0x80,0x02,0x4c,0xff,0xfc,
0x24,0xc1,0x8c,0xc2,0x4c,0x25,0x8c,0x2f,0xc3,0x24,0xc2,0x0c,0xd3,0x0c,0x30,0xd4,0x91,0x83,0x0c,0x18,
0x18,0x60,0xc7,0x02,0x45,0x79,0x81,0xe0,0x00,0x00,0x00,0x00,0x2f,0x82,0x00,0x02,0x4c,0xa0,0x00,0x24,
0xcf,0xff,0xd2,0x4e,0x80,0x09,0x2f,0xf5,0x20,0x92,0x4d,0xa6,0x69,0x24,0xd8,0xd6,0x92,0x4d,0x8d,0x69,
0x2f,0xd9,0xa6,0x92,0x0d,0xa2,0xa9,0x30,0xd8,0x06,0x93,0x0d,0xff,0xd9,0x60,0xc0,0x00,0xc5,0x78,0x01,
0xf8,0x00,0x01,0x45,0x02,0xfc,0x24,0x50,0x24,0x9f,0xff,0xc2,0x48,0x24,0x50,0x2f,0xc2,0x45,0x02,0x4a,
0xff,0xfd,0x24,0x80,0x00,0x02,0x48,0x7f,0xf4,0x2f,0xc6,0x02,0x42,0x48,0x60,0x24,0x20,0x87,0xab,0x43,
0x08,0x60,0x24,0x60,0xc7,0xff,0x45,0x78,0x50,0x14,0x00,0x00,0x00,0x00,0x00,0x00,0x00,0x00,0x00,0x60,
0x00,0x1f,0xff,0xff,0xd1,0x81,0x40,0x00,0x18,0x60,0x09,0x01,0x9d,0x6a,0xf8,0x19,0x92,0x49,0x01,0x85,
0x02,0x90,0x18,0x01,0x80,0x01,0x9e,0xbe,0xb4,0x19,0x87,0x91,0x42,0x5a,0x55,0xa4,0x31,0x87,0x91,0x47,
0x1a,0x82,0xa4,0x51,0x80,0x0a,0x40,0x00,0x09,0x00,0x00,0x00,0xc0,0x00,0x0b,0xff,0xff,0x00,0x90,0x00,
0x70,0x09,0x00,0x07,0x00,0x90,0x00,0x70,0x0b,0xff,0xff,0x00,0x90,0x00,0x70,0x09,0x00,0x07,0x00,0xbf,
0xff,0xf0,0x09,0x00,0x07,0x00,0x90,0x00,0x70,0x0b,0xff,0xff,0x00,0x90,0x00,0x20,0x00,0x00,0x00,0x00,
0x0c,0x03,0x00,0x3f,0xff,0xff,0xc0,0x0c,0x03,0x00,0x01,0xc0,0x30,0x00,0x60,0x00,0x00,0x06,0x01,0xff,
0x87,0xff,0x98,0x18,0x06,0x19,0x81,0x80,0x91,0x98,0x18,0x09,0x19,0x81,0x80,0xc1,0x98,0x18,0x18,0x19,
0x81,0x83,0x42,0x5f,0xf8,0x61,0xe0,0x81,0x40,0x00,0x00,0x00,0x00,0x80,0x60,0x03,0xff,0xff,0xfd,0x00,
0xd0,0x70,0x00,0x05,0x56,0xa0,0x2f,0xea,0x95,0x00,0x40,0xc0,0x30,0x09,0x09,0x0a,0x00,0x70,0x50,0x80,
0x00,0x0a,0x00,0x07,0xff,0xff,0xfd,0x00,0x7a,0xd0,0x00,0x28,0xa3,0x80,0x6e,0x0a,0x0b,0x81,0x00,0x90,
0x04,0x00,0xc0,0x30,0x07,0xff,0xff,0xfd,0x00,0xd0,0x30,0x00,0x04,0x06,0x00,0x2f,0xc0,0x70,0x02,0x59,
0xff,0xf8,0x26,0x02,0x49,0x02,0x65,0xff,0xfd,0x24,0xd8,0x00,0x02,0x4d,0x80,0x00,0x27,0xa4,0x00,0x02,
0x42,0x40,0x00,0x24,0x70,0x00,0x02,0x45,0x00,0x00,0x00,0xc0,0x20,0x07,0xff,0xff,0xfd,0x00,0xc0,0x30,
0x00,0x00,0x06,0x00,0x3f,0xef,0xff,0xd0,0x0c,0x18,0x50,0x02,0x47,0x03,0x42,0x64,0xbe,0xac,0x26,0xe0,
0x01,0x02,0x64,0x62,0x30,0x26,0x46,0x23,0x02,0x6a,0x62,0x31,0x7a,0x4c,0x23,0x20,0x02,0x41,0x29,0x05,
0x01,0x00,0x00,0x50,0x27,0xfd,0x05,0x16,0x05,0x03,0xfd,0x60,0x50,0x25,0x96,0x7f,0xc2,0x59,0x66,0x58,
0x25,0x96,0x65,0x83,0xfd,0x62,0x58,0x25,0x03,0x25,0x80,0x58,0x22,0x58,0x05,0x86,0x25,0x86,0xfd,0x92,
0x68,0x64,0x58,0x05,0x00,0x01,0x40,0x50,0x05,0x00,0x00,0x00,0x60,0xeb,0xb8,0x06,0x0c,0x21,0x83,0xfd,
0xeb,0xa8,0x25,0x9c,0x21,0x82,0x59,0xbf,0xa8,0x25,0x92,0x49,0x03,0xfd,0xbf,0x40,0x26,0x01,0x92,0x40,
0x69,0xfa,0xbc,0x06,0x95,0x31,0x42,0xbe,0xa3,0x34,0x64,0x28,0x31,0x80,0x00,0x1e,0x04,0x7f,0xff,0xff,
0xc0,0x03,0x0c,0x00,0x00,0x30,0xc0,0x01,0xff,0xff,0xf4,0x18,0x30,0xc2,0x81,0x86,0x0c,0x28,0x18,0xd0,
0xc2,0x81,0xa8,0x0b,0xf8,0x19,0x00,0x02,0x81,0x80,0x00,0x28,0x18,0x00,0x02,0x81,0xff,0xff,0xf8,0x18,
0x00,0x01,0x40,0x04,0x08,0x05,0x00,0x60,0x90,0x90,0x02,0x46,0x18,0x02,0xff,0xff,0xfc,0x24,0x00,0x01,
0xc1,0x7f,0xff,0xd8,0x03,0x00,0x0c,0x00,0x30,0x90,0xc0,0x03,0x09,0x0c,0x00,0x30,0x90,0xc0,0x02,0x0e,
0x8c,0x00,0x02,0x98,0x04,0x01,0xd1,0x80,0xc2,0xe0,0x0f,0xf8,0x00,0x00,0x00,0x00,0x04,0x00,0x60,0x00,
0xa0,0x06,0x00,0x02,0x80,0x60,0x00,0x00,0x06,0x00,0x00,0x00,0x60,0x07,0xf0,0x0a,0x00,0x03,0x00,0xb0,
0x00,0x30,0x0b,0x40,0x03,0x00,0xe4,0x00,0x30,0x18,0xc0,0x03,0x72,0x49,0x00,0x3d,0x70,0x70,0x0a,0x1d,
0x02,0xc0,0x01,0x40,0x09,0x04,0x00,0x90,0x00,0xa0,0x09,0x00,0x02,0x40,0x90,0x00,0x00,0x09,0x00,0x00,
0x00,0x90,0x07,0xe0,0x0b,0xf4,0x06,0x00,0x90,0x00,0x60,0x09,0x00,0x06,0x00,0x90,0x00,0x60,0x09,0x00,
0x07,0xa0,0x90,0x00,0x78,0x09,0x00,0x09,0x3f,0xff,0xd0,0x00,0x00,0x00,0x00,0x00,0x00,0x00,0xd0,0x3f,
0xd0,0x07,0x43,0x09,0x00,0x10,0x60,0x90,0x00,0x09,0x09,0x07,0xe2,0x80,0x7d,0x06,0x10,0x00,0x00,0x62,
0xff,0xf4,0x06,0x0d,0x03,0x00,0x60,0x60,0xa0,0x06,0x52,0xa8,0x00,0x7d,0x0f,0x40,0x0e,0x1b,0x9e,0x40,
0x42,0x40,0x19,0x00,0x00,0x06,0x41,0xc1,0xaf,0xa4,0x0a,0x15,0x60,0x00,0x10,0x06,0x00,0x00,0x00,0x60,
0x07,0xe3,0xff,0xfd,0x06,0x00,0x60,0x00,0x60,0x06,0x00,0x06,0x0f,0xff,0x80,0x61,0xc0,0x18,0x06,0xdc,
0x01,0x80,0xb5,0xc0,0x18,0x0d,0x1f,0xff,0x80,0x00,0x80,0x14,0x04,0x08,0x06,0x00,0xd0,0x60,0x90,0x07,
0x43,0x0c,0x00,0x12,0xff,0xf4,0x00,0x24,0x03,0x47,0xe2,0x40,0x34,0x06,0x24,0x03,0x40,0x62,0xff,0xf4,
0x06,0x03,0x24,0x00,0x60,0x32,0x40,0x06,0xa6,0x24,0x00,0x78,0x92,0x45,0x0e,0x2c,0x28,0x90,0x4a,0x01,
0xfc,0x00,0x00,0x00,0x00,0x00,0x08,0x09,0x01,0x80,0x60,0x80,0x0a,0x7f,0xff,0xc0,0x11,0x32,0x44,0x00,
0x27,0x26,0x47,0xe1,0x32,0x50,0x06,0xbf,0xff,0xd0,0x60,0x00,0x00,0x06,0x1f,0xff,0x00,0x61,0x80,0x30,
0x06,0x5e,0xab,0x00,0x7d,0x80,0x30,0x0e,0x1e,0xab,0x00,0x41,0x40,0x20,0x3f,0xff,0xff,0x80,0x00,0x00,
0x00,0x00,0x00,0x00,0x00,0xbf,0xff,0xd0,0x09,0x00,0x09,0x00,0x90,0x00,0x90,0x0b,0xff,0xfd,0x00,0x14,
0x01,0x40,0x01,0xc0,0x34,0x00,0x0d,0x06,0x00,0x00,0x50,0xd0,0x07,0xff,0xff,0xfd,0x00,0x00,0x50,0x02,
0xff,0x49,0x00,0x20,0x24,0xc0,0x02,0x22,0x4f,0xfd,0x22,0x66,0x82,0x02,0x26,0x74,0x30,0x22,0x6b,0x82,
0x02,0x22,0x48,0x60,0x22,0x24,0x59,0x02,0x32,0x43,0xc0,0x06,0x40,0x28,0x00,0x9a,0x06,0x90,0x28,0x26,
0xc3,0x86,0x01,0x60,0x09,0x02,0x40,0x00,0x00,0x24,0x1f,0xf8,0x3f,0xf8,0x01,0x80,0x24,0x00,0x18,0x02,
0x40,0x01,0x87,0xff,0xdf,0xf8,0x01,0x81,0x80,0x42,0x58,0x18,0x00,0x25,0xf9,0x80,0x42,0x98,0x18,0x09,
0x3e,0x80,0xff,0xc7,0x79,0x00,0x00,0x60,0xbf,0xff,0xd5,0x00,0x00,0x00,0x06,0x00,0x00,0x00,0x60,0x7f,
0xf4,0x7f,0xf0,0x07,0x00,0xc0,0x00,0xd0,0x1a,0x40,0x78,0x02,0x64,0x1e,0xe4,0x3f,0xeb,0x41,0xc1,0x24,
0x40,0x00,0x02,0x47,0xff,0x80,0x2a,0x02,0x40,0x7b,0x90,0x24,0x00,0x24,0x02,0x40,0x02,0x4f,0xff,0xd0,
0x14,0x00,0x00,0x06,0x00,0x24,0x00,0x34,0x02,0x40,0x7f,0xfb,0xff,0xd1,0x45,0x02,0x40,0x18,0x96,0xbe,
0x80,0x8c,0x62,0x4c,0x7f,0xfa,0x24,0xc0,0x30,0x7b,0xec,0x03,0x00,0xbc,0x03,0xff,0x1f,0x90,0x06,0x02,
0x67,0x40,0x60,0xa2,0x5c,0x0c,0x28,0x24,0x52,0x40,0x02,0x40,0x10,0x00,0x08,0x02,0x80,0x00,0xc0,0x0a,
0x00,0x0c,0x00,0x17,0xff,0xfc,0x00,0x00,0x0c,0x00,0x01,0x40,0xc0,0x7e,0x1c,0x0c,0x00,0x60,0x60,0xc0,
0x06,0x01,0x0c,0x00,0x60,0x00,0xc0,0x0a,0x01,0xf8,0x02,0xa9,0x00,0x04,0x60,0x6f,0xff,0xd0,0x00,0x00,
0x00,0x00,0x00,0x00,0x02,0x82,0xff,0xf4,0x0a,0x00,0x00,0x00,0x00,0x00,0x00,0x00,0xbf,0xff,0xd7,0xd0,
0x34,0x00,0x06,0x07,0x1c,0x00,0x60,0x90,0x90,0x06,0x1c,0x07,0x00,0x62,0xaa,0xf4,0x06,0x3a,0x95,0xc0,
0xa0,0x00,0x04,0x2a,0xd0,0x00,0x46,0x06,0xff,0xfd,0x00,0x00,0x00,0x00,0x00,0x00,0x16,0x42,0x82,0xfa,
0x94,0x0d,0x24,0x00,0x00,0x52,0x40,0x00,0x00,0x2f,0xff,0x40,0x02,0x40,0x30,0x7d,0x26,0x06,0x00,0x93,
0x1d,0xd0,0x09,0x30,0x78,0x00,0x9a,0x1d,0xa0,0x0a,0x8a,0x42,0x42,0xb9,0x00,0x00,0x60,0x6f,0xff,0xd0,
0x00,0x00,0x00,0x14,0x00,0x00,0x01,0xd7,0xff,0xfc,0x07,0x00,0xa0,0x00,0x00,0x0d,0x00,0x00,0x02,0xd4,
0x07,0xd0,0x7d,0xd0,0x09,0x2d,0xc7,0x00,0x9b,0x4c,0x28,0x09,0x90,0xc0,0x80,0x90,0x0c,0x00,0x09,0x00,
0xc0,0x01,0xe0,0x0c,0x00,0x36,0xd4,0x01,0x56,0x06,0xff,0xfd,0x00,0x00,0x00,0x00,0x00,0x00,0x00,0x00,
0x00,0x18,0x00,0x24,0x00,0xc0,0x00,0xdf,0xff,0xfd,0x05,0x00,0x09,0x00,0x02,0x00,0xc0,0x00,0x28,0x18,
0x07,0xe0,0xb3,0x40,0x06,0x02,0xe0,0x00,0x60,0x1f,0x40,0x06,0x0b,0x1d,0x00,0x67,0x80,0x74,0x0a,0x50,
0x01,0x42,0xe9,0x00,0x14,0x60,0x6f,0xff,0xd0,0x00,0x00,0x00,0x10,0x01,0x04,0x02,0x80,0x60,0xc0,0x0a,
0x06,0x0c,0x00,0x17,0xff,0xfc,0x00,0x06,0x0c,0x00,0x00,0x60,0xc0,0x7e,0x06,0x0c,0x00,0x67,0xff,0xfd,
0x06,0x09,0x0c,0x00,0x60,0xc0,0xc0,0x06,0x34,0x0c,0x02,0xa9,0x00,0x40,0x60,0x6f,0xff,0xd0,0x00,0x00,
0x00,0x00,0x00,0x00,0x02,0x82,0xff,0xf0,0x09,0x28,0x03,0x00,0x22,0xea,0xb0,0x00,0x28,0x03,0x07,0xe2,
0xff,0xf0,0x06,0x28,0x41,0x80,0x62,0x8a,0xa0,0x06,0x28,0x1c,0x00,0x62,0xac,0x70,0x06,0x29,0x01,0x42,
0xe9,0x00,0x00,0x60,0x6f,0xff,0xd0,0x00,0x00,0x00,0x00,0x00,0x5a,0x43,0x42,0xee,0x50,0x1d,0x00,0x90,
0x00,0x50,0x09,0x00,0x00,0xbf,0xff,0xd5,0x50,0x09,0x00,0x59,0x00,0x90,0x00,0x92,0xff,0xf4,0x09,0x24,
0x02,0x40,0x92,0x40,0x24,0x09,0x2f,0xff,0x41,0xa9,0x00,0x00,0x60,0x6f,0xff,0xd0,0x00,0x00,0x00,0x10,
0x04,0x50,0x02,0x80,0xc9,0x00,0x0a,0x2f,0xff,0x80,0x17,0x09,0x00,0x00,0x10,0x90,0x00,0x07,0xff,0xfd,
0x7e,0x03,0x18,0x00,0x60,0x61,0x80,0x06,0x09,0x18,0x50,0x62,0xc1,0x89,0x06,0xa0,0x1f,0xc0,0xb4,0x00,
0x00,0x29,0xe4,0x01,0x52,0x02,0xff,0xfd,0x00,0x00,0x00,0x00,0x01,0x40,0x00,0x00,0x0c,0x07,0xfc,0x3f,
0xfe,0x61,0xc0,0x80,0x86,0x24,0x09,0x18,0x63,0x00,0x62,0x46,0x60,0x7f,0xff,0x66,0x00,0x00,0x06,0x28,
0x1f,0xfd,0x60,0xc1,0x80,0x96,0x0c,0x18,0x09,0x60,0xc1,0x80,0x96,0xb4,0x1f,0xfd,0x60,0x01,0x40,0x56,
0x00,0x01,0x00,0x00,0x00,0x24,0x6b,0xfd,0x2f,0xfd,0x90,0xc0,0x25,0x89,0x18,0x02,0x74,0x92,0x47,0xff,
0xe9,0x60,0x02,0x80,0x96,0x01,0xff,0xd9,0x18,0x6c,0x09,0x90,0xc0,0xfa,0xd9,0x09,0x0c,0x09,0x91,0xc0,
0xc0,0x99,0xb8,0x0f,0xfd,0x90,0x00,0x80,0x49,0x00,0x00,0x90,0x80,0x01,0x89,0x2e,0xa8,0x09,0x9a,0x41,
0x80,0x1d,0x4d,0x70,0x2e,0x91,0xb8,0x01,0x0a,0xe9,0x00,0x2a,0xaa,0xaa,0x80,0x02,0x18,0x00,0x1a,0xba,
0xea,0x41,0x86,0x08,0x24,0x1a,0x80,0xab,0x41,0xea,0xaa,0xb4,0x18,0x00,0x02,0x41,0xea,0xaa,0xb4,0x00,
0x00,0x00,0x00,0x00,0x00,0x20,0x07,0xff,0x4a,0x60,0x09,0x81,0xd7,0x43,0xff,0x2a,0x58,0x25,0x60,0x96,
0x02,0x96,0x28,0x18,0x28,0x66,0x60,0x92,0x8b,0x0f,0xa8,0x20,0x22,0xc2,0x43,0xab,0xb9,0x30,0x20,0x24,
0x79,0x02,0x02,0x03,0xd0,0x3f,0xf6,0xd7,0x82,0x01,0x60,0x09,0x00,0x15,0x69,0x00,0xaa,0xe5,0x40,0x00,
0x09,0x00,0x07,0xff,0xff,0xfd,0x00,0x09,0x00,0x00,0xaa,0xfa,0xb0,0x0a,0xaf,0xab,0x00,0x90,0x90,0x70,
0x0a,0xaf,0xab,0x00,0x00,0x90,0x00,0x1a,0xaf,0xaa,0x40,0x00,0x90,0x00,0x7f,0xff,0xff,0xd0,0x05,0x00,
0x94,0x00,0xc0,0x09,0xa0,0x1f,0xe0,0x91,0x07,0x00,0x1a,0xb8,0x50,0x0b,0xe5,0x01,0xfd,0x09,0x00,0x03,
0x00,0xaa,0xc0,0x30,0xeb,0x90,0x3f,0xe0,0x20,0x80,0x30,0x03,0x24,0x03,0x00,0x2d,0x00,0x36,0x07,0x84,
0x07,0x86,0x9d,0x90,0x90,0x90,0x7c,0x04,0x00,0x00,0x00,0xc0,0x7f,0xf8,0x2f,0xe5,0x01,0x87,0x54,0x50,
0x18,0x6f,0xd7,0xff,0x80,0x60,0x03,0x00,0x06,0x0f,0xff,0xc0,0x60,0xc3,0x09,0x7f,0xdc,0x74,0x90,0x60,
0xc9,0xc9,0x06,0x0d,0x86,0x90,0x65,0xe0,0x19,0x0b,0x9c,0x00,0x80,0x50,0xc0,0xb8,0x01,0x40,0x05,0x00,
0x28,0x01,0xd0,0x02,0x80,0x74,0x00,0x28,0x6d,0x00,0x02,0x9e,0x00,0x00,0x28,0x00,0x00,0x7f,0xff,0xff,
0xd0,0x28,0x34,0x00,0x02,0x82,0x80,0x00,0x28,0x0d,0x00,0x02,0x80,0x74,0x00,0x28,0x61,0xe0,0x02,0xf9,
0x06,0xd0,0x24,0x00,0x04,0x04,0x00,0x00,0x00,0xa3,0xff,0xf8,0x03,0x40,0x01,0x81,0x54,0x00,0x18,0x24,
0x00,0x01,0x82,0x40,0x00,0x18,0x24,0x00,0x01,0x82,0x40,0x00,0x18,0x24,0x00,0x01,0x82,0x40,0x00,0x18,
0x24,0x00,0x01,0x82,0x40,0x00,0x18,0x24,0x00,0x01,0x82,0x40,0x02,0xf4,0x00,0x00,0x00,0x00,0x00,0x00,
0x60,0x02,0xfe,0x06,0x00,0x24,0xa0,0x60,0x02,0x4c,0x06,0x00,0x25,0x80,0x60,0x02,0x58,0x0a,0x00,0x24,
0x90,0xb0,0x02,0x46,0x0b,0x40,0x24,0x61,0xd8,0x02,0x6d,0x28,0xc0,0x24,0x03,0x4a,0x02,0x40,0xa0,0x34,
0x24,0x2c,0x01,0xd1,0x42,0x00,0x05,0x00,0x00,0x00,0x02,0xfd,0xbf,0xf4,0x24,0xc9,0x02,0x42,0x58,0x90,
0x24,0x26,0x4b,0xff,0x42,0x64,0x90,0x24,0x24,0xcb,0xff,0x42,0x49,0x96,0x04,0x24,0x99,0x32,0x82,0x78,
0x92,0xe0,0x24,0x09,0x0c,0x02,0x40,0x95,0xb0,0x24,0x0f,0xd2,0xd2,0x40,0x90,0x04,0x00,0x00,0x20,0x03,
0xfc,0x0b,0x40,0x31,0x81,0x9d,0x03,0x24,0x70,0x78,0x33,0x28,0x00,0x93,0x61,0x7f,0xf0,0x31,0x80,0x30,
0x03,0x0e,0xff,0xfd,0x31,0xc0,0x30,0x03,0xb4,0x93,0x20,0x30,0x0c,0x32,0x83,0x02,0x83,0x0c,0x30,0x20,
0x70,0x53,0x00,0x3e,0x00,0x00,0x00,0x24,0x03,0xf8,0x03,0x00,0x32,0x63,0xff,0xd3,0x31,0x89,0x00,0x36,
0x01,0xfa,0x83,0x60,0x3d,0x08,0x32,0xb9,0xaa,0x83,0x25,0x89,0x08,0x31,0x98,0xba,0x83,0x15,0x89,0x08,
0x36,0x18,0x91,0x83,0x01,0x89,0x24,0x30,0x66,0x40,0x03,0x08,0x1b,0xfd,0x00,0x00,0x00,0x00,0x00,0x01,
0x54,0x00,0x00,0x25,0x80,0x7f,0xd3,0x08,0x00,0x09,0x7f,0xfd,0x20,0xde,0x18,0x02,0x4e,0xe1,0x80,0x0e,
0xa7,0xff,0xc0,0x74,0x61,0x80,0x03,0x46,0x18,0x00,0xac,0x7f,0xfc,0x1c,0x96,0x18,0x03,0x44,0x61,0x80,
0x60,0x07,0xff,0xd0,0x00,0x60,0x00,0x02,0x06,0x00,0x00,0xba,0xfa,0xa0,0x0c,0x0a,0x00,0x02,0xaa,0xaa,
0xa8,0x06,0xaa,0xaa,0x00,0x90,0x00,0x70,0x0a,0xaa,0xab,0x00,0x02,0x08,0x00,0x2a,0xb0,0xea,0x80,0x03,
0x0c,0x00,0x1a,0xb0,0xea,0x80,0x03,0x0c,0x00,0x6a,0xb0,0xea,0x90,0x03,0x0c,0x00,0x7f,0xff,0xff,0xd0,
0x00,0xd0,0x00,0x00,0x0c,0x00,0x02,0xff,0xff,0xf8,0x24,0x90,0x92,0x82,0x49,0x09,0x28,0x24,0xbf,0xd2,
0x82,0x49,0x09,0x28,0x24,0xbf,0xd2,0x82,0x49,0x09,0x28,0x24,0x90,0x92,0x82,0xff,0xff,0xf8,0x14,0x00,
0x01,0x40,0x03,0x00,0x30,0x00,0x30,0x03,0x00,0x7f,0xfb,0xff,0xc0,0x30,0x03,0x00,0x3f,0xf0,0x30,0x03,
0x03,0x7f,0xf8,0x3a,0xb0,0x30,0x03,0x03,0x03,0x00,0x2f,0xeb,0xff,0xd0,0x30,0x03,0x09,0x7f,0xf4,0x30,
0x90,0x30,0x03,0x4c,0x03,0x00,0x37,0x80,0x30,0x03,0x00,0x00,0x00,0x00,0x00,0x7f,0xef,0xff,0xd0,0x90,
0x0a,0x00,0x09,0x0f,0xff,0x40,0x91,0xc0,0x24,0x09,0x1c,0x62,0x40,0x91,0xc6,0x24,0x09,0x1c,0x62,0x40,
0xa9,0xc6,0x24,0x6f,0x9c,0xa2,0x46,0x40,0x4d,0x40,0x00,0x02,0x8e,0x00,0x01,0xe0,0x28,0x00,0x64,0x00,
0x80,0x02,0x00,0x00,0x00,0x30,0x7f,0xfd,0x7f,0xf4,0x24,0x01,0x30,0x2f,0xf8,0x33,0x26,0x40,0x83,0x32,
0x65,0x88,0x33,0x26,0x54,0x83,0x32,0x65,0x48,0x3f,0xf6,0x64,0x80,0x30,0x26,0x08,0x03,0x05,0x70,0x40,
0x3b,0x49,0xa0,0x07,0x82,0x82,0x80,0x10,0x90,0x09,0x00,0x00,0x00,0x07,0xff,0xbf,0xfd,0x00,0x90,0x24,
0x01,0xf4,0x3f,0xf8,0x07,0x43,0x00,0xc0,0x2c,0x31,0x4c,0x7f,0xf7,0x24,0xc0,0x73,0x32,0x4c,0x07,0x63,
0x24,0xc0,0x70,0x32,0x4c,0x07,0x02,0x30,0x80,0x70,0x0a,0xa0,0x07,0x02,0x82,0x82,0xe0,0x90,0x09,0x00,
0x00,0x00,0x00,0x00,0x00,0x00,0x00,0x00,0x60,0x00,0x00,0x1f,0x40,0x00,0x0a,0x4e,0x00,0x07,0x89,0x2e,
0x47,0xbf,0xff,0xed,0x13,0x00,0x0c,0x00,0x3a,0xaa,0xc0,0x03,0x00,0x0c,0x00,0x30,0x00,0xc0,0x03,0xff,
0xfd,0x00,0x30,0x61,0xd0,0x03,0x01,0xf4,0x00,0x3a,0xd2,0xd0,0x06,0x90,0x06,0x00,0x01,0x40,0x00,0x00,
0x1e,0x9a,0xb4,0x0b,0xe4,0x87,0x02,0x47,0x07,0xd0,0x16,0xd6,0xeb,0x41,0xa6,0xa8,0x14,0x25,0xd5,0x75,
0x02,0xfa,0xba,0xfd,0x22,0x40,0x18,0x40,0x2a,0xaa,0x80,0x02,0xaa,0xa9,0x00,0x24,0x29,0xa0,0x03,0xa9,
0x6d,0x00,0x69,0x40,0x24,0x08,0x00,0x30,0x00,0x80,0x03,0x00,0x1f,0xef,0xff,0xd2,0x49,0x03,0x00,0x30,
0xc8,0x30,0x46,0x54,0xc3,0x18,0x59,0x0c,0x31,0x80,0x90,0xc3,0x18,0x09,0x0c,0x31,0x80,0x90,0xff,0xf8,
0x09,0x00,0x31,0x80,0xad,0x03,0x05,0x0f,0x40,0x30,0x90,0x80,0x02,0xfc,0x0c,0x00,0x06,0x41,0x80,0xbe,
0x90,0x1f,0xd9,0x00,0x02,0x49,0x90,0x00,0x30,0xc9,0x00,0x06,0x18,0xff,0xf8,0x59,0x0d,0x82,0x40,0x90,
0xcc,0x30,0x09,0x0c,0x96,0x00,0x90,0xc7,0xd0,0x09,0x58,0x28,0x00,0xaa,0x47,0xd0,0x0e,0x36,0xc7,0x40,
0x46,0x60,0x19,0x08,0x00,0x50,0x00,0xc0,0x03,0x00,0x1f,0xef,0xff,0xd2,0x49,0x14,0x50,0x30,0xc3,0x47,
0x06,0x64,0x90,0x1c,0x06,0x1a,0x01,0x90,0x60,0x24,0xa0,0x06,0x01,0x8c,0x00,0x60,0x0e,0x80,0x06,0x50,
0x74,0x00,0xb8,0x1e,0xd0,0x0e,0x0b,0x07,0x80,0x42,0x40,0x08,0x0c,0x00,0x00,0x01,0x80,0xff,0xf8,0x1f,
0xdc,0x01,0x82,0x4c,0xea,0xb8,0x31,0x8c,0x01,0x8a,0x14,0xff,0xf8,0x09,0x00,0x00,0x00,0x90,0xc1,0x80,
0x09,0x0c,0x18,0x80,0x90,0xfd,0xf4,0x09,0x0c,0x18,0x00,0x99,0xc1,0x85,0x0b,0x4d,0x98,0x90,0x91,0xe5,
0xfc,0x00,0x00,0x00,0x00,0x08,0x01,0x45,0x00,0x81,0xff,0xfd,0x1f,0xd2,0x49,0x02,0x4c,0x00,0x00,0x21,
0x8b,0xab,0x86,0x94,0xaa,0xa8,0x09,0x09,0x01,0x80,0x90,0xba,0xb8,0x09,0x00,0x70,0x00,0x90,0x06,0x00,
0x09,0x9f,0xff,0xc0,0xb8,0x0e,0x80,0x0e,0x06,0x8a,0x40,0x41,0x90,0x19,0x00,0x00,0x00,0x00,0xff,0xff,
0xc0,0x00,0x00,0x1c,0x00,0x20,0x01,0x80,0x03,0x00,0x18,0x00,0x30,0x01,0x80,0x03,0x00,0x24,0x00,0x7f,
0xff,0xf8,0x00,0x00,0x01,0x80,0x00,0x00,0x18,0x7f,0xff,0xf2,0x40,0x00,0x00,0x24,0x00,0x00,0x03,0x00,
0x00,0x0b,0xd0,0x00,0x00,0x00,0x00,0x0a,0x00,0x00,0x01,0xff,0xe0,0x00,0x74,0x0d,0x00,0x1e,0x02,0x80,
0x03,0xff,0xff,0xf0,0x19,0x06,0x07,0x00,0x90,0x60,0x70,0x0b,0xff,0xff,0x00,0x90,0x60,0x70,0x09,0x06,
0x07,0x00,0xbf,0xff,0xe0,0x00,0x00,0x00,0x03,0xff,0xff,0xfc,0x05,0x01,0x41,0x40,0xfa,0x08,0x24,0x18,
0x60,0x46,0x03,0x49,0x3f,0xfd,0x7f,0xf4,0x18,0x02,0x22,0x41,0x80,0x22,0x26,0xff,0xc2,0xbf,0x41,0x80,
0x22,0x24,0x18,0x02,0x22,0xbf,0xfd,0x2f,0xf4,0x18,0x01,0x5a,0x41,0x80,0x7a,0x94,0x18,0x00,0x00,0x01,
0x80,0x08,0x00,0x00,0x01,0xe8,0x3a,0xb8,0x31,0x83,0xaa,0x87,0xbd,0x30,0x18,0x22,0x62,0xaa,0x42,0x26,
0x6a,0xa8,0x22,0x69,0x88,0x83,0xbe,0xae,0xec,0x22,0x60,0x00,0x02,0x26,0xbe,0xb8,0x2f,0xd2,0x87,0x00,
0x59,0x0a,0xd0,0x7a,0x56,0xee,0x40,0x00,0x90,0x19,0x00,0x00,0x00,0x00,0x00,0x06,0x00,0x00,0x06,0xfa,
0x07,0xfe,0x90,0x20,0x00,0x99,0x93,0x02,0x09,0x92,0x30,0x18,0xc9,0x03,0x00,0xe8,0x91,0x90,0x07,0x49,
0x00,0x00,0x34,0x7f,0xfc,0x0a,0xc0,0x00,0xc1,0xc9,0xff,0xdc,0x74,0x00,0x00,0xc5,0x00,0x00,0x18,0x00,
0x00,0x1a,0x40,0x00,0x06,0x00,0x00,0x00,0x30,0x00,0x2f,0xff,0xff,0xd2,0x42,0x00,0x80,0x24,0x30,0x0c,
0x02,0xbf,0xef,0xfd,0x24,0x74,0x1d,0x02,0x4b,0xc2,0xe0,0x25,0xb6,0x6e,0x42,0x67,0x08,0xd8,0x3a,0x32,
0x8c,0x93,0x43,0x10,0xc0,0x60,0x30,0x0c,0x05,0x02,0x00,0x80,0x00,0x00,0x00,0x00,0x09,0x06,0x00,0x1f,
0xff,0xff,0x40,0x09,0x06,0x00,0x00,0x90,0x60,0x07,0xff,0xff,0xfd,0x00,0x0a,0x00,0x00,0xba,0xfa,0xe0,
0x09,0x0a,0x06,0x00,0xaa,0xfa,0xa0,0x09,0x0a,0x06,0x00,0xba,0xfa,0xe0,0x00,0x50,0x50,0x01,0xb8,0x02,
0xe4,0x29,0x00,0x01,0x80,0x00,0x00,0x14,0x02,0xae,0x81,0x90,0x29,0x58,0x16,0x42,0x99,0x81,0x44,0x25,
0x4a,0xff,0xd2,0xae,0x82,0x80,0x01,0x80,0x28,0x02,0xff,0x83,0xc0,0x01,0x80,0x39,0x03,0xff,0x86,0x60,
0x11,0x44,0x93,0x02,0x29,0x9c,0x28,0x62,0x57,0x40,0xd5,0x10,0x20,0x05,0x01,0x00,0x00,0x00,0x74,0x00,
0x00,0x07,0x40,0x00,0x00,0x74,0x00,0x00,0x03,0x00,0x00,0x00,0x30,0x00,0x00,0x03,0x00,0x00,0x00,0x30,
0x00,0x00,0x01,0x00,0x00,0x00,0x00,0x00,0x00,0x07,0x40,0x00,0x00,0x60,0x00,0x00,0x07,0x40,0x00,0x00,
0x78,0x00,0x00,0x02,0x40,0x00,0x00,0x30,0x00,0x00,0x0d,0x00,0x00,0x00,0x00,0x00,0x00,0x1b,0xd0,0x00,
0x07,0x47,0x00,0x00,0x00,0x34,0x00,0x00,0x03,0x40,0x00,0x00,0xa0,0x00,0x00,0x1c,0x00,0x00,0x03,0x40,
0x00,0x00,0x70,0x00,0x00,0x00,0x00,0x00,0x00,0x00,0x00,0x00,0x07,0x00,0x00,0x00,0x60,0x00,0x00,0x01,
0x00,0x04,0x00,0x34,0x01,0xc0,0x01,0xc0,0x34,0x00,0x0a,0x0a,0x00,0x00,0x34,0xc0,0x00,0x01,0xa4,0x00,
0x01,0xaf,0xa4,0x00,0x00,0xa0,0x00,0x01,0xaf,0xa4,0x00,0x00,0xa0,0x00,0x00,0x0a,0x00,0x00,0x00,0x50,
0x00 };
static const lv_font_fmt_txt_glyph_dsc_t glyphs[]={ {0},
{.bitmap_index=0,.adv_w=48,.box_w=3,.box_h=0,.ofs_x=0,.ofs_y=0},
{.bitmap_index=0,.adv_w=80,.box_w=5,.box_h=11,.ofs_x=0,.ofs_y=0},
{.bitmap_index=14,.adv_w=112,.box_w=7,.box_h=11,.ofs_x=0,.ofs_y=0},
{.bitmap_index=34,.adv_w=128,.box_w=8,.box_h=10,.ofs_x=0,.ofs_y=0},
{.bitmap_index=54,.adv_w=128,.box_w=8,.box_h=14,.ofs_x=0,.ofs_y=-2},
{.bitmap_index=82,.adv_w=208,.box_w=13,.box_h=11,.ofs_x=0,.ofs_y=0},
{.bitmap_index=118,.adv_w=160,.box_w=10,.box_h=11,.ofs_x=0,.ofs_y=0},
{.bitmap_index=146,.adv_w=64,.box_w=4,.box_h=11,.ofs_x=0,.ofs_y=0},
{.bitmap_index=157,.adv_w=80,.box_w=5,.box_h=15,.ofs_x=0,.ofs_y=-3},
{.bitmap_index=176,.adv_w=80,.box_w=5,.box_h=15,.ofs_x=0,.ofs_y=-3},
{.bitmap_index=195,.adv_w=112,.box_w=7,.box_h=11,.ofs_x=0,.ofs_y=0},
{.bitmap_index=215,.adv_w=128,.box_w=8,.box_h=10,.ofs_x=0,.ofs_y=0},
{.bitmap_index=235,.adv_w=64,.box_w=4,.box_h=5,.ofs_x=0,.ofs_y=-3},
{.bitmap_index=240,.adv_w=80,.box_w=5,.box_h=4,.ofs_x=0,.ofs_y=0},
{.bitmap_index=245,.adv_w=64,.box_w=4,.box_h=2,.ofs_x=0,.ofs_y=0},
{.bitmap_index=247,.adv_w=80,.box_w=6,.box_h=14,.ofs_x=0,.ofs_y=-3},
{.bitmap_index=268,.adv_w=128,.box_w=8,.box_h=11,.ofs_x=0,.ofs_y=0},
{.bitmap_index=290,.adv_w=128,.box_w=8,.box_h=11,.ofs_x=0,.ofs_y=0},
{.bitmap_index=312,.adv_w=128,.box_w=8,.box_h=11,.ofs_x=0,.ofs_y=0},
{.bitmap_index=334,.adv_w=128,.box_w=8,.box_h=11,.ofs_x=0,.ofs_y=0},
{.bitmap_index=356,.adv_w=128,.box_w=8,.box_h=11,.ofs_x=0,.ofs_y=0},
{.bitmap_index=378,.adv_w=128,.box_w=8,.box_h=11,.ofs_x=0,.ofs_y=0},
{.bitmap_index=400,.adv_w=128,.box_w=8,.box_h=11,.ofs_x=0,.ofs_y=0},
{.bitmap_index=422,.adv_w=128,.box_w=8,.box_h=11,.ofs_x=0,.ofs_y=0},
{.bitmap_index=444,.adv_w=128,.box_w=8,.box_h=11,.ofs_x=0,.ofs_y=0},
{.bitmap_index=466,.adv_w=128,.box_w=8,.box_h=11,.ofs_x=0,.ofs_y=0},
{.bitmap_index=488,.adv_w=64,.box_w=4,.box_h=8,.ofs_x=0,.ofs_y=0},
{.bitmap_index=496,.adv_w=64,.box_w=4,.box_h=10,.ofs_x=0,.ofs_y=-3},
{.bitmap_index=506,.adv_w=128,.box_w=8,.box_h=9,.ofs_x=0,.ofs_y=0},
{.bitmap_index=524,.adv_w=128,.box_w=8,.box_h=7,.ofs_x=0,.ofs_y=0},
{.bitmap_index=538,.adv_w=128,.box_w=8,.box_h=9,.ofs_x=0,.ofs_y=0},
{.bitmap_index=556,.adv_w=112,.box_w=7,.box_h=11,.ofs_x=0,.ofs_y=0},
{.bitmap_index=576,.adv_w=208,.box_w=13,.box_h=12,.ofs_x=0,.ofs_y=-2},
{.bitmap_index=615,.adv_w=144,.box_w=9,.box_h=11,.ofs_x=0,.ofs_y=0},
{.bitmap_index=640,.adv_w=144,.box_w=9,.box_h=11,.ofs_x=0,.ofs_y=0},
{.bitmap_index=665,.adv_w=144,.box_w=9,.box_h=11,.ofs_x=0,.ofs_y=0},
{.bitmap_index=690,.adv_w=160,.box_w=10,.box_h=11,.ofs_x=0,.ofs_y=0},
{.bitmap_index=718,.adv_w=128,.box_w=8,.box_h=11,.ofs_x=0,.ofs_y=0},
{.bitmap_index=740,.adv_w=128,.box_w=8,.box_h=11,.ofs_x=0,.ofs_y=0},
{.bitmap_index=762,.adv_w=160,.box_w=10,.box_h=11,.ofs_x=0,.ofs_y=0},
{.bitmap_index=790,.adv_w=160,.box_w=10,.box_h=11,.ofs_x=0,.ofs_y=0},
{.bitmap_index=818,.adv_w=64,.box_w=4,.box_h=11,.ofs_x=0,.ofs_y=0},
{.bitmap_index=829,.adv_w=112,.box_w=7,.box_h=11,.ofs_x=0,.ofs_y=0},
{.bitmap_index=849,.adv_w=144,.box_w=9,.box_h=11,.ofs_x=0,.ofs_y=0},
{.bitmap_index=874,.adv_w=128,.box_w=8,.box_h=11,.ofs_x=0,.ofs_y=0},
{.bitmap_index=896,.adv_w=176,.box_w=11,.box_h=11,.ofs_x=0,.ofs_y=0},
{.bitmap_index=927,.adv_w=160,.box_w=10,.box_h=11,.ofs_x=0,.ofs_y=0},
{.bitmap_index=955,.adv_w=160,.box_w=10,.box_h=11,.ofs_x=0,.ofs_y=0},
{.bitmap_index=983,.adv_w=144,.box_w=9,.box_h=11,.ofs_x=0,.ofs_y=0},
{.bitmap_index=1008,.adv_w=160,.box_w=10,.box_h=14,.ofs_x=0,.ofs_y=-3},
{.bitmap_index=1043,.adv_w=144,.box_w=9,.box_h=11,.ofs_x=0,.ofs_y=0},
{.bitmap_index=1068,.adv_w=128,.box_w=8,.box_h=11,.ofs_x=0,.ofs_y=0},
{.bitmap_index=1090,.adv_w=128,.box_w=8,.box_h=11,.ofs_x=0,.ofs_y=0},
{.bitmap_index=1112,.adv_w=160,.box_w=10,.box_h=11,.ofs_x=0,.ofs_y=0},
{.bitmap_index=1140,.adv_w=128,.box_w=9,.box_h=11,.ofs_x=0,.ofs_y=0},
{.bitmap_index=1165,.adv_w=192,.box_w=12,.box_h=11,.ofs_x=0,.ofs_y=0},
{.bitmap_index=1198,.adv_w=128,.box_w=8,.box_h=11,.ofs_x=0,.ofs_y=0},
{.bitmap_index=1220,.adv_w=112,.box_w=9,.box_h=11,.ofs_x=-1,.ofs_y=0},
{.bitmap_index=1245,.adv_w=128,.box_w=8,.box_h=11,.ofs_x=0,.ofs_y=0},
{.bitmap_index=1267,.adv_w=80,.box_w=5,.box_h=14,.ofs_x=0,.ofs_y=-3},
{.bitmap_index=1285,.adv_w=80,.box_w=6,.box_h=14,.ofs_x=0,.ofs_y=-3},
{.bitmap_index=1306,.adv_w=80,.box_w=5,.box_h=14,.ofs_x=0,.ofs_y=-3},
{.bitmap_index=1324,.adv_w=128,.box_w=8,.box_h=11,.ofs_x=0,.ofs_y=0},
{.bitmap_index=1346,.adv_w=128,.box_w=8,.box_h=2,.ofs_x=0,.ofs_y=-2},
{.bitmap_index=1350,.adv_w=128,.box_w=8,.box_h=13,.ofs_x=0,.ofs_y=0},
{.bitmap_index=1376,.adv_w=128,.box_w=8,.box_h=8,.ofs_x=0,.ofs_y=0},
{.bitmap_index=1392,.adv_w=144,.box_w=9,.box_h=12,.ofs_x=0,.ofs_y=0},
{.bitmap_index=1419,.adv_w=112,.box_w=7,.box_h=8,.ofs_x=0,.ofs_y=0},
{.bitmap_index=1433,.adv_w=144,.box_w=9,.box_h=12,.ofs_x=0,.ofs_y=0},
{.bitmap_index=1460,.adv_w=128,.box_w=8,.box_h=8,.ofs_x=0,.ofs_y=0},
{.bitmap_index=1476,.adv_w=80,.box_w=5,.box_h=12,.ofs_x=0,.ofs_y=0},
{.bitmap_index=1491,.adv_w=128,.box_w=8,.box_h=12,.ofs_x=0,.ofs_y=-4},
{.bitmap_index=1515,.adv_w=144,.box_w=9,.box_h=12,.ofs_x=0,.ofs_y=0},
{.bitmap_index=1542,.adv_w=64,.box_w=4,.box_h=11,.ofs_x=0,.ofs_y=0},
{.bitmap_index=1553,.adv_w=64,.box_w=5,.box_h=15,.ofs_x=-1,.ofs_y=-4},
{.bitmap_index=1572,.adv_w=128,.box_w=8,.box_h=12,.ofs_x=0,.ofs_y=0},
{.bitmap_index=1596,.adv_w=64,.box_w=4,.box_h=12,.ofs_x=0,.ofs_y=0},
{.bitmap_index=1608,.adv_w=208,.box_w=13,.box_h=8,.ofs_x=0,.ofs_y=0},
{.bitmap_index=1634,.adv_w=144,.box_w=9,.box_h=8,.ofs_x=0,.ofs_y=0},
{.bitmap_index=1652,.adv_w=128,.box_w=8,.box_h=8,.ofs_x=0,.ofs_y=0},
{.bitmap_index=1668,.adv_w=144,.box_w=9,.box_h=12,.ofs_x=0,.ofs_y=-4},
{.bitmap_index=1695,.adv_w=144,.box_w=9,.box_h=12,.ofs_x=0,.ofs_y=-4},
{.bitmap_index=1722,.adv_w=80,.box_w=6,.box_h=8,.ofs_x=0,.ofs_y=0},
{.bitmap_index=1734,.adv_w=112,.box_w=7,.box_h=8,.ofs_x=0,.ofs_y=0},
{.bitmap_index=1748,.adv_w=80,.box_w=6,.box_h=11,.ofs_x=0,.ofs_y=0},
{.bitmap_index=1765,.adv_w=144,.box_w=9,.box_h=8,.ofs_x=0,.ofs_y=0},
{.bitmap_index=1783,.adv_w=112,.box_w=8,.box_h=8,.ofs_x=0,.ofs_y=0},
{.bitmap_index=1799,.adv_w=176,.box_w=11,.box_h=8,.ofs_x=0,.ofs_y=0},
{.bitmap_index=1821,.adv_w=112,.box_w=7,.box_h=8,.ofs_x=0,.ofs_y=0},
{.bitmap_index=1835,.adv_w=112,.box_w=8,.box_h=12,.ofs_x=0,.ofs_y=-4},
{.bitmap_index=1859,.adv_w=112,.box_w=7,.box_h=8,.ofs_x=0,.ofs_y=0},
{.bitmap_index=1873,.adv_w=80,.box_w=5,.box_h=14,.ofs_x=0,.ofs_y=-3},
{.bitmap_index=1891,.adv_w=64,.box_w=4,.box_h=16,.ofs_x=0,.ofs_y=-4},
{.bitmap_index=1907,.adv_w=80,.box_w=5,.box_h=14,.ofs_x=0,.ofs_y=-3},
{.bitmap_index=1925,.adv_w=128,.box_w=8,.box_h=7,.ofs_x=0,.ofs_y=0},
{.bitmap_index=1939,.adv_w=224,.box_w=14,.box_h=6,.ofs_x=0,.ofs_y=0},
{.bitmap_index=1960,.adv_w=224,.box_w=14,.box_h=5,.ofs_x=0,.ofs_y=-2},
{.bitmap_index=1978,.adv_w=224,.box_w=14,.box_h=6,.ofs_x=0,.ofs_y=0},
{.bitmap_index=1999,.adv_w=224,.box_w=14,.box_h=12,.ofs_x=0,.ofs_y=-1},
{.bitmap_index=2041,.adv_w=224,.box_w=14,.box_h=14,.ofs_x=0,.ofs_y=-2},
{.bitmap_index=2090,.adv_w=224,.box_w=14,.box_h=13,.ofs_x=0,.ofs_y=-2},
{.bitmap_index=2136,.adv_w=224,.box_w=14,.box_h=13,.ofs_x=0,.ofs_y=-2},
{.bitmap_index=2182,.adv_w=224,.box_w=14,.box_h=14,.ofs_x=0,.ofs_y=-2},
{.bitmap_index=2231,.adv_w=224,.box_w=14,.box_h=14,.ofs_x=0,.ofs_y=-2},
{.bitmap_index=2280,.adv_w=224,.box_w=14,.box_h=14,.ofs_x=0,.ofs_y=-2},
{.bitmap_index=2329,.adv_w=224,.box_w=14,.box_h=13,.ofs_x=0,.ofs_y=-1},
{.bitmap_index=2375,.adv_w=224,.box_w=14,.box_h=14,.ofs_x=0,.ofs_y=-2},
{.bitmap_index=2424,.adv_w=224,.box_w=14,.box_h=15,.ofs_x=0,.ofs_y=-3},
{.bitmap_index=2477,.adv_w=224,.box_w=14,.box_h=13,.ofs_x=0,.ofs_y=-1},
{.bitmap_index=2523,.adv_w=224,.box_w=14,.box_h=14,.ofs_x=0,.ofs_y=-2},
{.bitmap_index=2572,.adv_w=224,.box_w=14,.box_h=14,.ofs_x=0,.ofs_y=-2},
{.bitmap_index=2621,.adv_w=224,.box_w=14,.box_h=14,.ofs_x=0,.ofs_y=-2},
{.bitmap_index=2670,.adv_w=224,.box_w=14,.box_h=13,.ofs_x=0,.ofs_y=-2},
{.bitmap_index=2716,.adv_w=224,.box_w=14,.box_h=14,.ofs_x=0,.ofs_y=-2},
{.bitmap_index=2765,.adv_w=224,.box_w=14,.box_h=14,.ofs_x=0,.ofs_y=-2},
{.bitmap_index=2814,.adv_w=224,.box_w=14,.box_h=15,.ofs_x=0,.ofs_y=-3},
{.bitmap_index=2867,.adv_w=224,.box_w=14,.box_h=13,.ofs_x=0,.ofs_y=-2},
{.bitmap_index=2913,.adv_w=224,.box_w=14,.box_h=14,.ofs_x=0,.ofs_y=-2},
{.bitmap_index=2962,.adv_w=224,.box_w=14,.box_h=14,.ofs_x=0,.ofs_y=-2},
{.bitmap_index=3011,.adv_w=224,.box_w=14,.box_h=15,.ofs_x=0,.ofs_y=-3},
{.bitmap_index=3064,.adv_w=224,.box_w=14,.box_h=14,.ofs_x=0,.ofs_y=-2},
{.bitmap_index=3113,.adv_w=224,.box_w=14,.box_h=14,.ofs_x=0,.ofs_y=-2},
{.bitmap_index=3162,.adv_w=224,.box_w=14,.box_h=13,.ofs_x=0,.ofs_y=-2},
{.bitmap_index=3208,.adv_w=224,.box_w=14,.box_h=14,.ofs_x=0,.ofs_y=-1},
{.bitmap_index=3257,.adv_w=224,.box_w=14,.box_h=14,.ofs_x=0,.ofs_y=-2},
{.bitmap_index=3306,.adv_w=224,.box_w=14,.box_h=14,.ofs_x=0,.ofs_y=-2},
{.bitmap_index=3355,.adv_w=224,.box_w=14,.box_h=14,.ofs_x=0,.ofs_y=-2},
{.bitmap_index=3404,.adv_w=224,.box_w=14,.box_h=13,.ofs_x=0,.ofs_y=-2},
{.bitmap_index=3450,.adv_w=224,.box_w=14,.box_h=14,.ofs_x=0,.ofs_y=-3},
{.bitmap_index=3499,.adv_w=224,.box_w=14,.box_h=14,.ofs_x=0,.ofs_y=-2},
{.bitmap_index=3548,.adv_w=224,.box_w=14,.box_h=14,.ofs_x=0,.ofs_y=-2},
{.bitmap_index=3597,.adv_w=224,.box_w=14,.box_h=14,.ofs_x=0,.ofs_y=-2},
{.bitmap_index=3646,.adv_w=224,.box_w=14,.box_h=14,.ofs_x=0,.ofs_y=-3},
{.bitmap_index=3695,.adv_w=224,.box_w=14,.box_h=15,.ofs_x=0,.ofs_y=-3},
{.bitmap_index=3748,.adv_w=224,.box_w=14,.box_h=15,.ofs_x=0,.ofs_y=-3},
{.bitmap_index=3801,.adv_w=224,.box_w=14,.box_h=14,.ofs_x=0,.ofs_y=-2},
{.bitmap_index=3850,.adv_w=224,.box_w=14,.box_h=15,.ofs_x=0,.ofs_y=-3},
{.bitmap_index=3903,.adv_w=224,.box_w=14,.box_h=14,.ofs_x=0,.ofs_y=-2},
{.bitmap_index=3952,.adv_w=224,.box_w=14,.box_h=15,.ofs_x=0,.ofs_y=-3},
{.bitmap_index=4005,.adv_w=224,.box_w=14,.box_h=14,.ofs_x=0,.ofs_y=-2},
{.bitmap_index=4054,.adv_w=224,.box_w=14,.box_h=14,.ofs_x=0,.ofs_y=-2},
{.bitmap_index=4103,.adv_w=224,.box_w=14,.box_h=14,.ofs_x=0,.ofs_y=-2},
{.bitmap_index=4152,.adv_w=224,.box_w=14,.box_h=14,.ofs_x=0,.ofs_y=-2},
{.bitmap_index=4201,.adv_w=224,.box_w=14,.box_h=14,.ofs_x=0,.ofs_y=-2},
{.bitmap_index=4250,.adv_w=224,.box_w=14,.box_h=13,.ofs_x=0,.ofs_y=-2},
{.bitmap_index=4296,.adv_w=224,.box_w=14,.box_h=13,.ofs_x=0,.ofs_y=-2},
{.bitmap_index=4342,.adv_w=224,.box_w=14,.box_h=13,.ofs_x=0,.ofs_y=-2},
{.bitmap_index=4388,.adv_w=224,.box_w=14,.box_h=13,.ofs_x=0,.ofs_y=-2},
{.bitmap_index=4434,.adv_w=224,.box_w=14,.box_h=14,.ofs_x=0,.ofs_y=-2},
{.bitmap_index=4483,.adv_w=224,.box_w=14,.box_h=14,.ofs_x=0,.ofs_y=-2},
{.bitmap_index=4532,.adv_w=224,.box_w=14,.box_h=14,.ofs_x=0,.ofs_y=-2},
{.bitmap_index=4581,.adv_w=224,.box_w=14,.box_h=13,.ofs_x=0,.ofs_y=-2},
{.bitmap_index=4627,.adv_w=224,.box_w=14,.box_h=14,.ofs_x=0,.ofs_y=-2},
{.bitmap_index=4676,.adv_w=224,.box_w=14,.box_h=15,.ofs_x=0,.ofs_y=-2},
{.bitmap_index=4729,.adv_w=224,.box_w=14,.box_h=15,.ofs_x=0,.ofs_y=-3},
{.bitmap_index=4782,.adv_w=224,.box_w=14,.box_h=15,.ofs_x=0,.ofs_y=-2},
{.bitmap_index=4835,.adv_w=224,.box_w=14,.box_h=15,.ofs_x=0,.ofs_y=-3},
{.bitmap_index=4888,.adv_w=224,.box_w=14,.box_h=13,.ofs_x=0,.ofs_y=-2},
{.bitmap_index=4934,.adv_w=224,.box_w=14,.box_h=14,.ofs_x=0,.ofs_y=-2},
{.bitmap_index=4983,.adv_w=224,.box_w=14,.box_h=13,.ofs_x=0,.ofs_y=-2},
{.bitmap_index=5029,.adv_w=224,.box_w=14,.box_h=13,.ofs_x=0,.ofs_y=-2},
{.bitmap_index=5075,.adv_w=224,.box_w=14,.box_h=14,.ofs_x=0,.ofs_y=-2},
{.bitmap_index=5124,.adv_w=224,.box_w=14,.box_h=13,.ofs_x=0,.ofs_y=-1},
{.bitmap_index=5170,.adv_w=224,.box_w=14,.box_h=16,.ofs_x=0,.ofs_y=-3},
{.bitmap_index=5226,.adv_w=224,.box_w=14,.box_h=14,.ofs_x=0,.ofs_y=-2},
{.bitmap_index=5275,.adv_w=224,.box_w=14,.box_h=13,.ofs_x=0,.ofs_y=-2},
{.bitmap_index=5321,.adv_w=224,.box_w=14,.box_h=14,.ofs_x=0,.ofs_y=-2},
{.bitmap_index=5370,.adv_w=224,.box_w=14,.box_h=14,.ofs_x=0,.ofs_y=-2},
{.bitmap_index=5419,.adv_w=224,.box_w=14,.box_h=15,.ofs_x=0,.ofs_y=-2},
{.bitmap_index=5472,.adv_w=224,.box_w=14,.box_h=14,.ofs_x=0,.ofs_y=-2},
{.bitmap_index=5521,.adv_w=224,.box_w=14,.box_h=14,.ofs_x=0,.ofs_y=-2},
{.bitmap_index=5570,.adv_w=224,.box_w=14,.box_h=15,.ofs_x=0,.ofs_y=-2},
{.bitmap_index=5623,.adv_w=224,.box_w=14,.box_h=14,.ofs_x=0,.ofs_y=-2},
{.bitmap_index=5672,.adv_w=224,.box_w=14,.box_h=14,.ofs_x=0,.ofs_y=-2},
{.bitmap_index=5721,.adv_w=224,.box_w=14,.box_h=14,.ofs_x=0,.ofs_y=-2},
{.bitmap_index=5770,.adv_w=224,.box_w=14,.box_h=14,.ofs_x=0,.ofs_y=-2},
{.bitmap_index=5819,.adv_w=224,.box_w=14,.box_h=15,.ofs_x=0,.ofs_y=-2},
{.bitmap_index=5872,.adv_w=224,.box_w=14,.box_h=15,.ofs_x=0,.ofs_y=-3},
{.bitmap_index=5925,.adv_w=224,.box_w=14,.box_h=15,.ofs_x=0,.ofs_y=-3},
{.bitmap_index=5978,.adv_w=224,.box_w=14,.box_h=14,.ofs_x=0,.ofs_y=-2},
{.bitmap_index=6027,.adv_w=224,.box_w=14,.box_h=15,.ofs_x=0,.ofs_y=-2},
{.bitmap_index=6080,.adv_w=224,.box_w=14,.box_h=14,.ofs_x=0,.ofs_y=-2},
{.bitmap_index=6129,.adv_w=224,.box_w=14,.box_h=15,.ofs_x=0,.ofs_y=-3},
{.bitmap_index=6182,.adv_w=224,.box_w=14,.box_h=14,.ofs_x=0,.ofs_y=-2},
{.bitmap_index=6231,.adv_w=224,.box_w=14,.box_h=13,.ofs_x=0,.ofs_y=-2},
{.bitmap_index=6277,.adv_w=224,.box_w=14,.box_h=13,.ofs_x=0,.ofs_y=-2},
{.bitmap_index=6323,.adv_w=224,.box_w=14,.box_h=13,.ofs_x=0,.ofs_y=-2},
{.bitmap_index=6369,.adv_w=224,.box_w=14,.box_h=14,.ofs_x=0,.ofs_y=-2},
{.bitmap_index=6418,.adv_w=224,.box_w=14,.box_h=13,.ofs_x=0,.ofs_y=-2},
{.bitmap_index=6464,.adv_w=224,.box_w=14,.box_h=14,.ofs_x=0,.ofs_y=-2},
{.bitmap_index=6513,.adv_w=224,.box_w=14,.box_h=14,.ofs_x=0,.ofs_y=-2},
{.bitmap_index=6562,.adv_w=224,.box_w=14,.box_h=13,.ofs_x=0,.ofs_y=-2},
{.bitmap_index=6608,.adv_w=224,.box_w=14,.box_h=14,.ofs_x=0,.ofs_y=-2},
{.bitmap_index=6657,.adv_w=224,.box_w=14,.box_h=14,.ofs_x=0,.ofs_y=-2},
{.bitmap_index=6706,.adv_w=224,.box_w=14,.box_h=13,.ofs_x=0,.ofs_y=-2},
{.bitmap_index=6752,.adv_w=224,.box_w=14,.box_h=14,.ofs_x=0,.ofs_y=-2},
{.bitmap_index=6801,.adv_w=224,.box_w=14,.box_h=14,.ofs_x=0,.ofs_y=-2},
{.bitmap_index=6850,.adv_w=224,.box_w=14,.box_h=14,.ofs_x=0,.ofs_y=-2},
{.bitmap_index=6899,.adv_w=224,.box_w=14,.box_h=14,.ofs_x=0,.ofs_y=-2},
{.bitmap_index=6948,.adv_w=224,.box_w=14,.box_h=15,.ofs_x=0,.ofs_y=-2},
{.bitmap_index=7001,.adv_w=224,.box_w=14,.box_h=15,.ofs_x=0,.ofs_y=-2},
{.bitmap_index=7054,.adv_w=224,.box_w=14,.box_h=15,.ofs_x=0,.ofs_y=-3},
{.bitmap_index=7107,.adv_w=224,.box_w=14,.box_h=14,.ofs_x=0,.ofs_y=-2},
{.bitmap_index=7156,.adv_w=224,.box_w=14,.box_h=14,.ofs_x=0,.ofs_y=-2},
{.bitmap_index=7205,.adv_w=224,.box_w=14,.box_h=14,.ofs_x=0,.ofs_y=-2},
{.bitmap_index=7254,.adv_w=224,.box_w=14,.box_h=15,.ofs_x=0,.ofs_y=-3},
{.bitmap_index=7307,.adv_w=224,.box_w=14,.box_h=15,.ofs_x=0,.ofs_y=-3},
{.bitmap_index=7360,.adv_w=224,.box_w=14,.box_h=14,.ofs_x=0,.ofs_y=-2},
{.bitmap_index=7409,.adv_w=224,.box_w=14,.box_h=16,.ofs_x=0,.ofs_y=-3},
{.bitmap_index=7465,.adv_w=224,.box_w=14,.box_h=15,.ofs_x=0,.ofs_y=-3},
{.bitmap_index=7518,.adv_w=224,.box_w=14,.box_h=14,.ofs_x=0,.ofs_y=-2},
{.bitmap_index=7567,.adv_w=224,.box_w=14,.box_h=15,.ofs_x=0,.ofs_y=-3},
{.bitmap_index=7620,.adv_w=224,.box_w=14,.box_h=14,.ofs_x=0,.ofs_y=-2},
{.bitmap_index=7669,.adv_w=224,.box_w=14,.box_h=14,.ofs_x=0,.ofs_y=-2},
{.bitmap_index=7718,.adv_w=224,.box_w=14,.box_h=13,.ofs_x=0,.ofs_y=-2},
{.bitmap_index=7764,.adv_w=224,.box_w=14,.box_h=14,.ofs_x=0,.ofs_y=-3},
{.bitmap_index=7813,.adv_w=224,.box_w=14,.box_h=15,.ofs_x=0,.ofs_y=-3},
{.bitmap_index=7866,.adv_w=224,.box_w=14,.box_h=15,.ofs_x=0,.ofs_y=-3},
{.bitmap_index=7919,.adv_w=224,.box_w=14,.box_h=14,.ofs_x=0,.ofs_y=-2},
{.bitmap_index=7968,.adv_w=224,.box_w=14,.box_h=15,.ofs_x=0,.ofs_y=-3},
{.bitmap_index=8021,.adv_w=224,.box_w=14,.box_h=14,.ofs_x=0,.ofs_y=-2},
{.bitmap_index=8070,.adv_w=224,.box_w=14,.box_h=14,.ofs_x=0,.ofs_y=-2},
{.bitmap_index=8119,.adv_w=224,.box_w=14,.box_h=14,.ofs_x=0,.ofs_y=-2},
{.bitmap_index=8168,.adv_w=224,.box_w=14,.box_h=13,.ofs_x=0,.ofs_y=-2},
{.bitmap_index=8214,.adv_w=224,.box_w=14,.box_h=13,.ofs_x=0,.ofs_y=-1},
{.bitmap_index=8260,.adv_w=224,.box_w=14,.box_h=15,.ofs_x=0,.ofs_y=-3},
{.bitmap_index=8313,.adv_w=224,.box_w=14,.box_h=14,.ofs_x=0,.ofs_y=-2},
{.bitmap_index=8362,.adv_w=224,.box_w=14,.box_h=15,.ofs_x=0,.ofs_y=-2},
{.bitmap_index=8415,.adv_w=224,.box_w=14,.box_h=14,.ofs_x=0,.ofs_y=-2},
{.bitmap_index=8464,.adv_w=224,.box_w=14,.box_h=14,.ofs_x=0,.ofs_y=-2},
{.bitmap_index=8513,.adv_w=224,.box_w=14,.box_h=15,.ofs_x=0,.ofs_y=-3},
{.bitmap_index=8566,.adv_w=224,.box_w=14,.box_h=14,.ofs_x=0,.ofs_y=-2},
{.bitmap_index=8615,.adv_w=224,.box_w=14,.box_h=14,.ofs_x=0,.ofs_y=-2},
{.bitmap_index=8664,.adv_w=224,.box_w=14,.box_h=14,.ofs_x=0,.ofs_y=-2},
{.bitmap_index=8713,.adv_w=224,.box_w=14,.box_h=14,.ofs_x=0,.ofs_y=-2},
{.bitmap_index=8762,.adv_w=224,.box_w=14,.box_h=13,.ofs_x=0,.ofs_y=-2},
{.bitmap_index=8808,.adv_w=224,.box_w=14,.box_h=14,.ofs_x=0,.ofs_y=-2},
{.bitmap_index=8857,.adv_w=224,.box_w=14,.box_h=14,.ofs_x=0,.ofs_y=-2},
{.bitmap_index=8906,.adv_w=224,.box_w=14,.box_h=14,.ofs_x=0,.ofs_y=-2},
{.bitmap_index=8955,.adv_w=224,.box_w=14,.box_h=15,.ofs_x=0,.ofs_y=-3},
{.bitmap_index=9008,.adv_w=224,.box_w=14,.box_h=13,.ofs_x=0,.ofs_y=-2},
{.bitmap_index=9054,.adv_w=224,.box_w=14,.box_h=14,.ofs_x=0,.ofs_y=-2},
{.bitmap_index=9103,.adv_w=224,.box_w=14,.box_h=14,.ofs_x=0,.ofs_y=-2},
{.bitmap_index=9152,.adv_w=224,.box_w=14,.box_h=14,.ofs_x=0,.ofs_y=-2},
{.bitmap_index=9201,.adv_w=224,.box_w=14,.box_h=14,.ofs_x=0,.ofs_y=-2},
{.bitmap_index=9250,.adv_w=224,.box_w=14,.box_h=14,.ofs_x=0,.ofs_y=-2},
{.bitmap_index=9299,.adv_w=224,.box_w=14,.box_h=14,.ofs_x=0,.ofs_y=-2},
{.bitmap_index=9348,.adv_w=224,.box_w=14,.box_h=15,.ofs_x=0,.ofs_y=-3},
{.bitmap_index=9401,.adv_w=224,.box_w=14,.box_h=14,.ofs_x=0,.ofs_y=-2},
{.bitmap_index=9450,.adv_w=224,.box_w=14,.box_h=15,.ofs_x=0,.ofs_y=-3},
{.bitmap_index=9503,.adv_w=224,.box_w=14,.box_h=13,.ofs_x=0,.ofs_y=-2},
{.bitmap_index=9549,.adv_w=224,.box_w=14,.box_h=14,.ofs_x=0,.ofs_y=-2},
{.bitmap_index=9598,.adv_w=224,.box_w=14,.box_h=15,.ofs_x=0,.ofs_y=-3},
{.bitmap_index=9651,.adv_w=224,.box_w=14,.box_h=14,.ofs_x=0,.ofs_y=-2},
{.bitmap_index=9700,.adv_w=224,.box_w=14,.box_h=15,.ofs_x=0,.ofs_y=-3},
{.bitmap_index=9753,.adv_w=224,.box_w=14,.box_h=13,.ofs_x=0,.ofs_y=-2},
{.bitmap_index=9799,.adv_w=224,.box_w=14,.box_h=13,.ofs_x=0,.ofs_y=-2},
{.bitmap_index=9845,.adv_w=224,.box_w=14,.box_h=14,.ofs_x=0,.ofs_y=-2},
{.bitmap_index=9894,.adv_w=224,.box_w=14,.box_h=14,.ofs_x=0,.ofs_y=-2},
{.bitmap_index=9943,.adv_w=224,.box_w=14,.box_h=14,.ofs_x=0,.ofs_y=-2},
{.bitmap_index=9992,.adv_w=224,.box_w=14,.box_h=15,.ofs_x=0,.ofs_y=-3},
{.bitmap_index=10045,.adv_w=224,.box_w=14,.box_h=14,.ofs_x=0,.ofs_y=-2},
{.bitmap_index=10094,.adv_w=224,.box_w=14,.box_h=14,.ofs_x=0,.ofs_y=-2},
{.bitmap_index=10143,.adv_w=224,.box_w=14,.box_h=15,.ofs_x=0,.ofs_y=-3},
{.bitmap_index=10196,.adv_w=224,.box_w=14,.box_h=14,.ofs_x=0,.ofs_y=-2},
{.bitmap_index=10245,.adv_w=224,.box_w=14,.box_h=15,.ofs_x=0,.ofs_y=-2},
{.bitmap_index=10298,.adv_w=224,.box_w=14,.box_h=14,.ofs_x=0,.ofs_y=-2},
{.bitmap_index=10347,.adv_w=224,.box_w=14,.box_h=15,.ofs_x=0,.ofs_y=-3},
{.bitmap_index=10400,.adv_w=224,.box_w=14,.box_h=14,.ofs_x=0,.ofs_y=-2},
{.bitmap_index=10449,.adv_w=224,.box_w=14,.box_h=14,.ofs_x=0,.ofs_y=-3},
{.bitmap_index=10498,.adv_w=224,.box_w=14,.box_h=14,.ofs_x=0,.ofs_y=-2},
{.bitmap_index=10547,.adv_w=224,.box_w=14,.box_h=14,.ofs_x=0,.ofs_y=-2},
{.bitmap_index=10596,.adv_w=224,.box_w=14,.box_h=14,.ofs_x=0,.ofs_y=-2},
{.bitmap_index=10645,.adv_w=224,.box_w=14,.box_h=14,.ofs_x=0,.ofs_y=-2},
{.bitmap_index=10694,.adv_w=224,.box_w=14,.box_h=13,.ofs_x=0,.ofs_y=-1},
{.bitmap_index=10740,.adv_w=224,.box_w=14,.box_h=14,.ofs_x=0,.ofs_y=-1},
{.bitmap_index=10789,.adv_w=224,.box_w=14,.box_h=14,.ofs_x=0,.ofs_y=-2},
{.bitmap_index=10838,.adv_w=224,.box_w=14,.box_h=14,.ofs_x=0,.ofs_y=-2},
{.bitmap_index=10887,.adv_w=224,.box_w=14,.box_h=14,.ofs_x=0,.ofs_y=-2},
{.bitmap_index=10936,.adv_w=224,.box_w=14,.box_h=13,.ofs_x=0,.ofs_y=-2},
{.bitmap_index=10982,.adv_w=224,.box_w=14,.box_h=14,.ofs_x=0,.ofs_y=-2},
{.bitmap_index=11031,.adv_w=224,.box_w=14,.box_h=15,.ofs_x=0,.ofs_y=-3},
{.bitmap_index=11084,.adv_w=224,.box_w=14,.box_h=15,.ofs_x=0,.ofs_y=-2},
{.bitmap_index=11137,.adv_w=224,.box_w=14,.box_h=13,.ofs_x=0,.ofs_y=-1},
{.bitmap_index=11183,.adv_w=224,.box_w=14,.box_h=15,.ofs_x=0,.ofs_y=-2},
{.bitmap_index=11236,.adv_w=224,.box_w=14,.box_h=15,.ofs_x=0,.ofs_y=-2},
{.bitmap_index=11289,.adv_w=224,.box_w=14,.box_h=15,.ofs_x=0,.ofs_y=-3},
{.bitmap_index=11342,.adv_w=224,.box_w=14,.box_h=15,.ofs_x=0,.ofs_y=-2},
{.bitmap_index=11395,.adv_w=224,.box_w=14,.box_h=14,.ofs_x=0,.ofs_y=-2},
{.bitmap_index=11444,.adv_w=224,.box_w=14,.box_h=14,.ofs_x=0,.ofs_y=-2},
{.bitmap_index=11493,.adv_w=224,.box_w=14,.box_h=14,.ofs_x=0,.ofs_y=-2},
{.bitmap_index=11542,.adv_w=224,.box_w=14,.box_h=15,.ofs_x=0,.ofs_y=-3},
{.bitmap_index=11595,.adv_w=224,.box_w=14,.box_h=14,.ofs_x=0,.ofs_y=-2},
{.bitmap_index=11644,.adv_w=224,.box_w=14,.box_h=15,.ofs_x=0,.ofs_y=-2},
{.bitmap_index=11697,.adv_w=224,.box_w=14,.box_h=13,.ofs_x=0,.ofs_y=-2},
{.bitmap_index=11743,.adv_w=224,.box_w=14,.box_h=13,.ofs_x=0,.ofs_y=-1},
{.bitmap_index=11789,.adv_w=224,.box_w=14,.box_h=14,.ofs_x=0,.ofs_y=-2},
{.bitmap_index=11838,.adv_w=224,.box_w=14,.box_h=13,.ofs_x=0,.ofs_y=-1},
{.bitmap_index=11884,.adv_w=224,.box_w=14,.box_h=14,.ofs_x=0,.ofs_y=-2},
{.bitmap_index=11933,.adv_w=224,.box_w=14,.box_h=13,.ofs_x=0,.ofs_y=-2},
{.bitmap_index=11979,.adv_w=224,.box_w=14,.box_h=14,.ofs_x=0,.ofs_y=-2},
{.bitmap_index=12028,.adv_w=224,.box_w=14,.box_h=14,.ofs_x=0,.ofs_y=-2},
{.bitmap_index=12077,.adv_w=224,.box_w=14,.box_h=15,.ofs_x=0,.ofs_y=-3},
{.bitmap_index=12130,.adv_w=224,.box_w=14,.box_h=14,.ofs_x=0,.ofs_y=-2},
{.bitmap_index=12179,.adv_w=224,.box_w=14,.box_h=15,.ofs_x=0,.ofs_y=-3},
{.bitmap_index=12232,.adv_w=224,.box_w=14,.box_h=14,.ofs_x=0,.ofs_y=-2},
{.bitmap_index=12281,.adv_w=224,.box_w=14,.box_h=15,.ofs_x=0,.ofs_y=-3},
{.bitmap_index=12334,.adv_w=224,.box_w=14,.box_h=15,.ofs_x=0,.ofs_y=-2},
{.bitmap_index=12387,.adv_w=224,.box_w=14,.box_h=14,.ofs_x=0,.ofs_y=-2},
{.bitmap_index=12436,.adv_w=224,.box_w=14,.box_h=16,.ofs_x=0,.ofs_y=-3},
{.bitmap_index=12492,.adv_w=224,.box_w=14,.box_h=14,.ofs_x=0,.ofs_y=-2},
{.bitmap_index=12541,.adv_w=224,.box_w=14,.box_h=14,.ofs_x=0,.ofs_y=-2},
{.bitmap_index=12590,.adv_w=224,.box_w=14,.box_h=14,.ofs_x=0,.ofs_y=-2},
{.bitmap_index=12639,.adv_w=224,.box_w=14,.box_h=14,.ofs_x=0,.ofs_y=-2},
{.bitmap_index=12688,.adv_w=224,.box_w=14,.box_h=14,.ofs_x=0,.ofs_y=-2},
{.bitmap_index=12737,.adv_w=224,.box_w=14,.box_h=13,.ofs_x=0,.ofs_y=-2},
{.bitmap_index=12783,.adv_w=224,.box_w=14,.box_h=15,.ofs_x=0,.ofs_y=-3},
{.bitmap_index=12836,.adv_w=224,.box_w=14,.box_h=14,.ofs_x=0,.ofs_y=-2},
{.bitmap_index=12885,.adv_w=224,.box_w=14,.box_h=14,.ofs_x=0,.ofs_y=-2},
{.bitmap_index=12934,.adv_w=224,.box_w=14,.box_h=14,.ofs_x=0,.ofs_y=-2},
{.bitmap_index=12983,.adv_w=224,.box_w=14,.box_h=14,.ofs_x=0,.ofs_y=-2},
{.bitmap_index=13032,.adv_w=224,.box_w=14,.box_h=15,.ofs_x=0,.ofs_y=-3},
{.bitmap_index=13085,.adv_w=224,.box_w=14,.box_h=14,.ofs_x=0,.ofs_y=-2},
{.bitmap_index=13134,.adv_w=224,.box_w=14,.box_h=12,.ofs_x=0,.ofs_y=-1},
{.bitmap_index=13176,.adv_w=224,.box_w=14,.box_h=14,.ofs_x=0,.ofs_y=-2},
{.bitmap_index=13225,.adv_w=224,.box_w=14,.box_h=14,.ofs_x=0,.ofs_y=-2},
{.bitmap_index=13274,.adv_w=224,.box_w=14,.box_h=14,.ofs_x=0,.ofs_y=-2},
{.bitmap_index=13323,.adv_w=224,.box_w=14,.box_h=14,.ofs_x=0,.ofs_y=-2},
{.bitmap_index=13372,.adv_w=224,.box_w=14,.box_h=14,.ofs_x=0,.ofs_y=-2},
{.bitmap_index=13421,.adv_w=224,.box_w=14,.box_h=15,.ofs_x=0,.ofs_y=-3},
{.bitmap_index=13474,.adv_w=224,.box_w=14,.box_h=14,.ofs_x=0,.ofs_y=-2},
{.bitmap_index=13523,.adv_w=224,.box_w=14,.box_h=15,.ofs_x=0,.ofs_y=-3},
{.bitmap_index=13576,.adv_w=224,.box_w=14,.box_h=16,.ofs_x=0,.ofs_y=-3},
{.bitmap_index=13632,.adv_w=224,.box_w=14,.box_h=14,.ofs_x=0,.ofs_y=-2},
{.bitmap_index=13681,.adv_w=224,.box_w=14,.box_h=14,.ofs_x=0,.ofs_y=-2},
{.bitmap_index=13730,.adv_w=224,.box_w=14,.box_h=14,.ofs_x=0,.ofs_y=-2},
{.bitmap_index=13779,.adv_w=224,.box_w=14,.box_h=15,.ofs_x=0,.ofs_y=-3},
{.bitmap_index=13832,.adv_w=224,.box_w=14,.box_h=14,.ofs_x=0,.ofs_y=-2},
{.bitmap_index=13881,.adv_w=224,.box_w=14,.box_h=14,.ofs_x=0,.ofs_y=-2},
{.bitmap_index=13930,.adv_w=224,.box_w=14,.box_h=15,.ofs_x=0,.ofs_y=-3},
{.bitmap_index=13983,.adv_w=224,.box_w=14,.box_h=14,.ofs_x=0,.ofs_y=-2},
{.bitmap_index=14032,.adv_w=224,.box_w=14,.box_h=13,.ofs_x=0,.ofs_y=-1},
{.bitmap_index=14078,.adv_w=224,.box_w=14,.box_h=14,.ofs_x=0,.ofs_y=-2},
{.bitmap_index=14127,.adv_w=224,.box_w=14,.box_h=14,.ofs_x=0,.ofs_y=-2},
{.bitmap_index=14176,.adv_w=224,.box_w=14,.box_h=14,.ofs_x=0,.ofs_y=-2},
{.bitmap_index=14225,.adv_w=224,.box_w=14,.box_h=15,.ofs_x=0,.ofs_y=-3},
{.bitmap_index=14278,.adv_w=224,.box_w=14,.box_h=14,.ofs_x=0,.ofs_y=-2},
{.bitmap_index=14327,.adv_w=224,.box_w=14,.box_h=14,.ofs_x=0,.ofs_y=-2},
{.bitmap_index=14376,.adv_w=224,.box_w=14,.box_h=14,.ofs_x=0,.ofs_y=-2},
{.bitmap_index=14425,.adv_w=224,.box_w=14,.box_h=15,.ofs_x=0,.ofs_y=-3},
{.bitmap_index=14478,.adv_w=224,.box_w=14,.box_h=14,.ofs_x=0,.ofs_y=-2},
{.bitmap_index=14527,.adv_w=224,.box_w=14,.box_h=14,.ofs_x=0,.ofs_y=-2},
{.bitmap_index=14576,.adv_w=224,.box_w=14,.box_h=13,.ofs_x=0,.ofs_y=-2},
{.bitmap_index=14622,.adv_w=224,.box_w=14,.box_h=15,.ofs_x=0,.ofs_y=-3},
{.bitmap_index=14675,.adv_w=224,.box_w=14,.box_h=13,.ofs_x=0,.ofs_y=-2},
{.bitmap_index=14721,.adv_w=224,.box_w=14,.box_h=14,.ofs_x=0,.ofs_y=-2},
{.bitmap_index=14770,.adv_w=224,.box_w=14,.box_h=15,.ofs_x=0,.ofs_y=-3},
{.bitmap_index=14823,.adv_w=224,.box_w=14,.box_h=15,.ofs_x=0,.ofs_y=-2},
{.bitmap_index=14876,.adv_w=224,.box_w=14,.box_h=14,.ofs_x=0,.ofs_y=-2},
{.bitmap_index=14925,.adv_w=224,.box_w=14,.box_h=14,.ofs_x=0,.ofs_y=-2},
{.bitmap_index=14974,.adv_w=224,.box_w=14,.box_h=14,.ofs_x=0,.ofs_y=-2},
{.bitmap_index=15023,.adv_w=224,.box_w=14,.box_h=14,.ofs_x=0,.ofs_y=-2},
{.bitmap_index=15072,.adv_w=224,.box_w=14,.box_h=15,.ofs_x=0,.ofs_y=-3},
{.bitmap_index=15125,.adv_w=224,.box_w=14,.box_h=14,.ofs_x=0,.ofs_y=-2},
{.bitmap_index=15174,.adv_w=224,.box_w=14,.box_h=14,.ofs_x=0,.ofs_y=-2},
{.bitmap_index=15223,.adv_w=224,.box_w=14,.box_h=14,.ofs_x=0,.ofs_y=-1},
{.bitmap_index=15272,.adv_w=224,.box_w=14,.box_h=14,.ofs_x=0,.ofs_y=-2},
{.bitmap_index=15321,.adv_w=224,.box_w=14,.box_h=14,.ofs_x=0,.ofs_y=-2},
{.bitmap_index=15370,.adv_w=224,.box_w=14,.box_h=15,.ofs_x=0,.ofs_y=-2},
{.bitmap_index=15423,.adv_w=224,.box_w=14,.box_h=14,.ofs_x=0,.ofs_y=-2},
{.bitmap_index=15472,.adv_w=224,.box_w=14,.box_h=15,.ofs_x=0,.ofs_y=-2},
{.bitmap_index=15525,.adv_w=224,.box_w=14,.box_h=14,.ofs_x=0,.ofs_y=-2},
{.bitmap_index=15574,.adv_w=224,.box_w=14,.box_h=12,.ofs_x=0,.ofs_y=-1},
{.bitmap_index=15616,.adv_w=224,.box_w=14,.box_h=6,.ofs_x=0,.ofs_y=-3},
{.bitmap_index=15637,.adv_w=224,.box_w=14,.box_h=12,.ofs_x=0,.ofs_y=-1},
{.bitmap_index=15679,.adv_w=224,.box_w=14,.box_h=12,.ofs_x=0,.ofs_y=-1} };
static const uint16_t unicode_list[]={ 0,1,2,3,4,5,6,7,8,9,10,11,12,13,14,15,16,17,18,19,20,21,22,23,24,25,26,27,28,29,30,31,32,33,34,35,36,37,38,39,40,41,42,43,44,45,46,47,48,49,50,51,52,53,54,55,56,57,58,59,60,61,62,63,64,65,66,67,68,69,70,71,72,73,74,75,76,77,78,79,80,81,82,83,84,85,86,87,88,89,90,91,92,93,94,151,12258,19936,19945,19946,19947,19949,19950,19955,19964,19978,19986,19994,20008,20016,20031,20070,20081,20128,20138,20148,20165,20275,20288,20383,20413,20417,20805,20808,20816,20819,20822,20823,20845,20883,20887,20954,20960,20966,20967,21001,21003,21034,21128,21290,21303,21403,21421,21425,21430,21443,21455,21464,21475,21480,21495,21502,21587,21597,21622,21830,21884,21905,22206,22224,22237,22280,22529,22765,22791,22793,22801,22809,22823,22877,22882,22887,22955,23078,23344,23352,23395,23404,23418,23422,23519,23526,23535,23569,23997,23998,24018,24088,24146,24166,24183,24288,24303,24424,24492,24523,24642,24692,24787,24815,24831,25227,25245,25257,25260,25289,25308,25321,25410,25458,25549,25886,25940,25977,26053,26094,26163,26170,26335,26345,26431,26437,26487,26492,26565,26599,26658,26664,26693,26784,26866,26896,27137,27393,27394,27459,27668,27689,27701,27716,27769,27777,27795,27801,27803,27841,27842,27943,27991,28008,28097,28133,28214,28216,28494,28747,28786,28824,28825,28868,28871,28875,28877,28918,29006,29010,29243,29257,29951,29960,30026,30119,30301,30308,30390,30392,30424,30433,30443,30675,30690,30798,31131,31322,31500,31540,31547,31582,31607,31827,31835,31849,31876,31877,32384,32405,32415,32431,32435,32567,32590,32618,32826,32873,32896,32984,33066,33072,33226,33508,33724,33800,34060,34515,34714,35167,35241,35716,35721,35742,35773,35796,35857,35878,36101,36183,36699,36739,36775,36784,36788,36792,36793,36795,36832,36834,36841,37064,37085,37201,37208,37293,38033,38117,38239,38344,38399,38448,38468,38511,38558,38720,38722,38857,39001,39007,39012,39103,39152,39240,39245,39258,39268,39277,39500,40028,40060,40119,40449,40603,40612,40632,65249,65260,65279,65477 };
static const lv_font_fmt_txt_cmap_t cmaps[]={ {.range_start=32,.range_length=65478,.glyph_id_start=1,.unicode_list=unicode_list,.list_length=376,.type=LV_FONT_FMT_TXT_CMAP_SPARSE_TINY} };
static const lv_font_fmt_txt_dsc_t dsc={.glyph_bitmap=bitmap,.glyph_dsc=glyphs,.cmaps=cmaps,.cmap_num=1,.bpp=2,.bitmap_format=0};
const lv_font_t dinner_font_14={.get_glyph_dsc=lv_font_get_glyph_dsc_fmt_txt,.get_glyph_bitmap=lv_font_get_bitmap_fmt_txt,.line_height=22,.base_line=6,.dsc=&dsc};
